Date,Line,Time,Day,Location,Incident,Min Delay,Min Gap,Bound,Vehicle
2021-01-01,501,03:15,Friday,QUEEN AND MCCAUL,Operations,19,24,W,4574
2021-01-01,504,03:37,Friday,BROADVIEW AND QUEEN,Operations,15,30,,4500
2021-01-01,504,04:00,Friday,BROADVIEW STATION,Cleaning,15,30,S,4589
2021-01-01,504,04:03,Friday,DUNDAS WEST STATION,Cleaning,15,30,W,4582
2021-01-01,506,05:37,Friday,MAIN STATION,Mechanical,10,20,N,3480
2021-01-01,555,06:00,Friday,TORONTO TRANSIT COMMIS,General Delay,0,0,,0
2021-01-01,501,06:59,Friday,RUSSELL YARD,Emergency Services,10,20,E,4496
2021-01-01,504,07:55,Friday,KING AND QUEEN,Mechanical,10,20,W,4520
2021-01-01,511,09:35,Friday,BATHURST AND QUEEN,Cleaning,8,16,N,1406
2021-01-01,512,09:55,Friday,ST CLAIR STATION,Emergency Services,7,12,,4543
2021-01-01,512,10:01,Friday,ST CLAIR STATION,Held By,6,12,W,4532
2021-01-01,504,10:28,Friday,KING AND QUEEN,Mechanical,8,16,W,4491
2021-01-01,510,11:07,Friday,SPADINA AND QUEEN,Operations,7,14,S,4555
2021-01-01,511,11:51,Friday,ST CLAIR AND DUFFERIN,Utilized Off Route,5,10,E,1036
2021-01-01,510,11:59,Friday,SPADINA AND QUEENS QUA,Late,7,14,S,4436
2021-01-01,510,12:00,Friday,CHARLOTTE LOOP,Late,7,14,S,4556
2021-01-01,506,12:00,Friday,DUNDAS WEST STATION,Utilized Off Route,7,14,S,1037
2021-01-01,510,12:02,Friday,SPADINA STATION,Late,7,14,S,4502
2021-01-01,510,12:13,Friday,SPADINA AND KING,Late,7,14,S,4577
2021-01-01,506,12:28,Friday,MAIN STREET STATION,Operations,7,14,W,1101
2021-01-01,511,12:50,Friday,EXHIBITION LOOP,Cleaning,0,0,N,1603
2021-01-01,511,12:53,Friday,EXHIBITION LOOP,Cleaning,0,0,N,1052
2021-01-01,511,12:55,Friday,EXHIBITION LOOP,Cleaning,0,0,S,1576
2021-01-01,511,12:58,Friday,EXHIBITION LOOP,Cleaning,0,0,S,1415
2021-01-01,511,12:58,Friday,EXHIBITION LOOP,Cleaning,0,0,S,1118
2021-01-01,506,12:59,Friday,COLLEGE AND DUFFERIN,Operations,7,14,E,3111
2021-01-01,506,13:02,Friday,DUNDAS WEST STATION,Operations,7,14,E,1013
2021-01-01,511,13:07,Friday,EXHIBITION LOOP,Cleaning,0,0,S,1036
2021-01-01,511,13:11,Friday,EXHIBITION LOOP,Cleaning,0,0,S,1595
2021-01-01,511,13:15,Friday,EXHIBITION LOOP,Cleaning,0,0,S,1265
2021-01-01,511,13:22,Friday,EXHIBITION LOOP,Cleaning,0,0,N,1006
2021-01-01,511,13:23,Friday,EXHIBITION LOOP,Cleaning,0,0,N,1116
2021-01-01,511,13:29,Friday,EXHIBITION LOOP,Cleaning,0,0,S,1108
2021-01-01,501,13:48,Friday,QUEEN AND CONNAUGHT,Cleaning,10,20,W,4469
2021-01-01,509,13:59,Friday,EXHIBITION LOOP,Mechanical,10,20,E,4497
2021-01-01,501,14:45,Friday,QUEEN AND CONNAUGHT,Cleaning,10,20,W,4496
2021-01-01,504,15:02,Friday,DUNDAS WEST STATION,Cleaning,8,16,E,4603
2021-01-01,505,17:31,Friday,DUNDAS AND RONCESVALLE,Mechanical,6,12,E,4494
2021-01-01,511,17:32,Friday,EXHIBITION LOOP,Cleaning,0,0,N,1208
2021-01-01,506,17:49,Friday,MAIN STREET STATION,Operations,7,14,W,3451
2021-01-01,506,17:49,Friday,MAIN STREET STATION,Operations,7,14,W,3451
2021-01-01,504,20:35,Friday,BROADVIEW STATION,Operations,10,20,S,4492
2021-01-01,504,20:35,Friday,BROADVIEW STATION,Operations,10,20,W,4492
2021-01-01,501,20:40,Friday,KINGSTON ROAD LOOP,Security,10,20,W,4484
2021-01-01,505,21:31,Friday,DUNDAS AND LANSDOWN,Emergency Services,6,12,E,4526
2021-01-01,505,21:51,Friday,BROADVIEW STATION,Mechanical,6,12,W,4542
2021-01-01,501,22:11,Friday,LONG BRANCH LOOP,Cleaning,10,20,E,4441
2021-01-01,501,23:26,Friday,QUEEN AND YORK,Cleaning,10,20,E,4484
2021-01-01,504,01:18,Friday,KING AND RIVER,Operations,10,20,E,4519
2021-01-02,512,02:23,Saturday,ST CLAIR AND VAUGHAN,Cleaning,0,0,E,4532
2021-01-02,304,03:00,Saturday,DUNDAS WEST STATION,Operations,15,30,E,4586
2021-01-02,506,04:17,Saturday,COLLEGE AND DUNDAS,General Delay,20,40,W,8581
2021-01-02,505,05:22,Saturday,DUNDAS AND YONGE,Security,16,27,W,4422
2021-01-02,510,05:55,Saturday,SPADINA AND KING,General Delay,10,20,N,4557
2021-01-02,505,06:00,Saturday,DUNDAS AND BORADVIEW,General Delay,10,20,E,4572
2021-01-02,509,06:09,Saturday,BATHURST AND FLEET,General Delay,10,20,W,4553
2021-01-02,510,06:11,Saturday,SPADINA AND KING,General Delay,10,20,N,4547
2021-01-02,506,06:44,Saturday,COXWELL AND LOWER GERR,General Delay,10,20,W,1417
2021-01-02,506,08:09,Saturday,MAIN STREET STATION,Late,7,14,W,3146
2021-01-02,510,08:09,Saturday,SPADINA AND KING,General Delay,3,6,N,4510
2021-01-02,512,08:19,Saturday,ST CLAIR AND BATHURST,General Delay,5,10,E,4527
2021-01-02,510,08:20,Saturday,SPADINA AND KING,General Delay,8,16,N,4533
2021-01-02,512,08:22,Saturday,ST CLAIR AND BATHURST,General Delay,8,16,E,4548
2021-01-02,510,08:29,Saturday,SPADINA AND KING,General Delay,8,16,N,4428
2021-01-02,506,08:31,Saturday,MAIN STATION,Operations,7,14,W,1550
2021-01-02,510,08:37,Saturday,SPADINA AND KING,Held By,8,16,N,4486
2021-01-02,506,09:14,Saturday,MAIN STREET STATION,Late,8,16,W,8497
2021-01-02,501,10:37,Saturday,NEVILLE LOOP,Emergency Services,11,31,E,4571
2021-01-02,511,11:35,Saturday,EXHIBITION LOOP,Mechanical,4,8,S,1108
2021-01-02,510,12:15,Saturday,QUEENS QUAY AND SPADIN,Operations,8,16,W,4486
2021-01-02,510,12:35,Saturday,SPADINA AND QUEEN'S QU,Cleaning,7,14,W,4486
2021-01-02,506,12:53,Saturday,BATHURST AND COLLEGE,Security,7,14,E,8951
2021-01-02,504,13:04,Saturday,KING AND SHERBOURNE,Operations,13,21,W,4407
2021-01-02,510,13:05,Saturday,SPADINA AND QUEEN'S QU,Cleaning,7,14,W,4562
2021-01-02,511,13:15,Saturday,BATHURST STATION,Late,5,10,S,1359
2021-01-02,501,13:19,Saturday,QUEEN AND BAY,Held By,6,16,B,4580
2021-01-02,510,13:24,Saturday,EXHIBITION LOOP,Cleaning,7,14,W,4510
2021-01-02,510,13:36,Saturday,EXHIBITION LOOP,Cleaning,7,14,W,4533
2021-01-02,510,13:39,Saturday,QUEEN'S QUAY LOOP,Cleaning,7,14,W,4405
2021-01-02,510,13:56,Saturday,EXHIBITION LOOP,Cleaning,7,14,W,4564
2021-01-02,510,14:08,Saturday,EXHIBITION LOOP,Cleaning,7,14,W,4426
2021-01-02,510,14:29,Saturday,SPADINA AND QUEEN'S QU,Cleaning,7,14,W,4550
2021-01-02,510,14:47,Saturday,SPADINA AND QUEEN'S QU,Cleaning,7,14,W,4438
2021-01-02,510,14:57,Saturday,EXHIBITION LOOP,Cleaning,7,14,W,4428
2021-01-02,510,15:04,Saturday,EXHIBITION LOOP,Cleaning,7,14,W,4428
2021-01-02,510,15:05,Saturday,EXHIBITION LOOP,Cleaning,7,14,W,4567
2021-01-02,510,15:20,Saturday,SPADINA AND QUEEN'S QU,Cleaning,7,14,W,4597
2021-01-02,510,15:36,Saturday,SPADINA AND QUEEN'S QU,Cleaning,7,14,W,4445
2021-01-02,510,15:36,Saturday,SPADINA AND QUEEN'S QU,Cleaning,7,14,N,4445
2021-01-02,510,16:05,Saturday,SPADINA AND QUEEN'S QU,Cleaning,7,14,W,4514
2021-01-02,511,17:34,Saturday,EXHIBITION LOOP,Cleaning,6,12,S,1305
2021-01-02,504,18:02,Saturday,KING AND RONCESVALLES,Mechanical,8,16,E,4589
2021-01-02,510,19:14,Saturday,UNION STATION,Cleaning,5,10,W,4428
2021-01-02,510,19:14,Saturday,UNION STATION,Cleaning,5,10,W,4428
2021-01-02,504,19:39,Saturday,KING AND SPADINA,Security,0,0,W,4524
2021-01-02,511,19:45,Saturday,BATHURST STATION,Security,6,12,S,1080
2021-01-02,505,20:04,Saturday,DUNDAS AND SHERBOURNE,Security,0,0,E,4415
2021-01-02,504,21:56,Saturday,KING AND SPADINA,Emergency Services,17,26,E,4404
2021-01-03,509,05:45,Sunday,FLEET AND BATHURST,Held By,23,0,W,0
2021-01-03,501,05:51,Sunday,QUEEN AND YONGE,Mechanical,20,35,W,8959
2021-01-03,506,06:00,Sunday,HIGH PARK LOOP TO MAIN,General Delay,0,0,E,4584
2021-01-03,506,06:00,Sunday,HIGH PARK LOOP TO BROA,General Delay,8,0,W,4584
2021-01-03,501,07:22,Sunday,LONG BRANCH LOOP,Security,8,16,E,1127
2021-01-03,505,07:27,Sunday,DUNDAS WEST STATION TO,General Delay,10,20,E,4585
2021-01-03,504,07:51,Sunday,QUEEN AND BROADVIEW,Operations,9,18,W,0
2021-01-03,504,08:11,Sunday,QUEEN AND BROADVIEW,Operations,10,20,W,4580
2021-01-03,506,09:31,Sunday,COLLEGE AND MCCAUL,Overhead,87,95,W,4515
2021-01-03,501,10:15,Sunday,HUMBER LOOP,Operations,6,12,W,1090
2021-01-03,511,10:53,Sunday,BATHURST AND COLLEGE,Mechanical,8,16,N,4477
2021-01-03,500,12:36,Sunday,RONCESVALLES AND HOWAR,Overhead,0,0,N,4508
2021-01-03,505,12:42,Sunday,HOWARD PARK AND RONCES,Held By,7,14,N,4465
2021-01-03,504,13:40,Sunday,DUNDAS WEST STATION,Operations,4,9,E,1136
2021-01-03,505,13:55,Sunday,BROADVIEW AND DUNDAS,Operations,7,14,E,4446
2021-01-03,501,14:50,Sunday,LONG BRANCH LOOP,Security,8,16,,1345
2021-01-03,511,14:55,Sunday,BATHURST AND FLEET,Collision - TTC Involved,14,21,S,4522
2021-01-03,506,15:21,Sunday,MAIN STATION,Operations,8,10,E,1299
2021-01-03,501,15:48,Sunday,LONG BRANCH LOOP,Collision - TTC Involved,8,16,W,8495
2021-01-03,504,16:57,Sunday,BROADVIEW STATION,Operations,8,16,W,4437
2021-01-03,511,17:15,Sunday,BATHURST STATION,Security,7,27,,4456
2021-01-03,501,17:17,Sunday,QUEEN AND JARVIS,Mechanical,8,16,E,3738
2021-01-03,511,17:21,Sunday,BATHURST STATION,Operations,7,14,S,4456
2021-01-03,504,17:44,Sunday,KING AND SUMACH,Operations,8,16,E,4566
2021-01-03,509,18:14,Sunday,EXHIBITION LOOP,Operations,10,20,W,4543
2021-01-03,509,18:14,Sunday,EXHIBITION LOOP,Operations,10,20,W,4543
2021-01-03,506,18:31,Sunday,HIGH PARK LOOP,Emergency Services,8,26,,4586
2021-01-03,510,19:33,Sunday,SPADINA AND RICHMOND,Mechanical,15,19,N,4480
2021-01-03,510,22:35,Sunday,SPADINA STATION,Operations,10,20,S,0
2021-01-03,506,23:09,Sunday,SPADINA STATION,Operations,9,19,W,4505
2021-01-04,306,03:39,Monday,HOWARD PARK AND RONCES,Emergency Services,11,22,W,4578
2021-01-04,501,05:49,Monday,QUEEN AND JARVIS,Mechanical,7,14,E,3740
2021-01-04,501,05:55,Monday,MCCAUL LOOP,Cleaning,9,0,E,4506
2021-01-04,506,06:31,Monday,MAIN STREET STATION,Mechanical,5,10,S,1243
2021-01-04,512,06:44,Monday,ST CLAIR STATION,Operations,5,10,E,4554
2021-01-04,501,06:46,Monday,LAKESHORE AND PARK LAW,Mechanical,7,14,E,1016
2021-01-04,504,07:35,Monday,BROADVIEW AND QUEEN,Mechanical,6,12,W,4414
2021-01-04,505,09:19,Monday,DUNDAS WEST STATION,Operations,5,9,W,0
2021-01-04,506,09:19,Monday,LANSDOWNE AND COLLEGE,Operations,7,14,S,4497
2021-01-04,510,09:22,Monday,SPADINA AND QUEENS QUA,Utilized Off Route,9,17,N,4487
2021-01-04,506,09:26,Monday,MAIN STREET STATION,Operations,8,16,E,0
2021-01-04,501,10:32,Monday,LONG BRANCH LOOP,Mechanical,8,16,W,1590
2021-01-04,506,12:43,Monday,GERRARD AND PARLIAMENT,Operations,5,10,N,3546
2021-01-04,505,13:07,Monday,DUNDAS AND YONGE,Cleaning,8,16,E,4596
2021-01-04,506,13:30,Monday,COLLEGE AND LANSDOWNE,Operations,7,14,E,4584
2021-01-04,510,13:40,Monday,SPADINA AND QUEEN'S QU,Cleaning,10,20,W,4513
2021-01-04,510,13:45,Monday,QUEENS QUAY AND SPADIN,Cleaning,10,20,W,4413
2021-01-04,505,13:52,Monday,BROADVIEW STATION,Cleaning,9,18,W,4408
2021-01-04,501,13:58,Monday,QUEEN AND WOODFIELD,Operations,10,20,E,4475
2021-01-04,506,14:01,Monday,MAIN STREET STATION,Operations,5,10,W,1243
2021-01-04,501,14:07,Monday,PARK LAWN AND LAKE SHO,Emergency Services,6,12,S,1050
2021-01-04,505,14:46,Monday,LESLIE BARNS,Operations,8,15,W,4595
2021-01-04,501,14:55,Monday,QUEEN AND MCCAUL,Operations,8,15,E,4551
2021-01-04,501,15:02,Monday,QUEEN AND BEATY,Emergency Services,6,12,E,1203
2021-01-04,510,15:05,Monday,QUEENS QUAY AND SPADIN,Cleaning,10,20,W,4499
2021-01-04,510,15:05,Monday,QUEENS QUAY AND SPADIN,Cleaning,10,20,W,4499
2021-01-04,501,15:19,Monday,QUEEN AND OSSINGTON,Cleaning,6,12,E,1038
2021-01-04,510,15:33,Monday,SPADINA AND QUEEN'S QU,Cleaning,10,20,W,4409
2021-01-04,505,16:12,Monday,DUNDAS AND LANSDOWNE,Operations,8,16,E,4579
2021-01-04,506,16:30,Monday,GERRARD AND ST MATTHEW,Utilized Off Route,6,12,E,3565
2021-01-04,501,17:27,Monday,QUEEN AND JARVIS,Operations,6,12,W,3135
2021-01-04,511,17:36,Monday,BATHURST STATION,Late,6,12,S,4511
2021-01-04,505,17:56,Monday,DUNDAS AND LANSDOWNE,Operations,7,15,W,4575
2021-01-04,505,17:58,Monday,DUNDAS WEST STATION,Held By,8,15,E,4575
2021-01-04,503,18:36,Monday,BINGHAM LOOP,Held By,10,20,E,4532
2021-01-04,506,18:49,Monday,HOWARD PARK AND RONCES,Operations,0,0,N,4465
2021-01-04,504,19:08,Monday,DUNDAS WEST STATION,Operations,8,16,W,0
2021-01-04,501,19:14,Monday,QUEEN AND WOODFIELD,Operations,10,20,E,4484
2021-01-04,504,19:22,Monday,BROADVIEW STATION,Operations,5,10,W,4551
2021-01-04,504,20:35,Monday,DUNDAS WEST STATION,Mechanical,6,12,E,1254
2021-01-04,512,20:41,Monday,ST CLAIR WEST STATION,Late,7,15,E,4546
2021-01-04,504,21:21,Monday,DUNDAS WEST STATION,Operations,6,12,E,1503
2021-01-04,510,22:52,Monday,SPADINA AND LAKE SHORE,Operations,9,18,N,4411
2021-01-04,504,01:51,Monday,KING AND SHAW,Held By,8,13,S,4432
2021-01-05,511,02:42,Tuesday,LESLIE AND COMMISSIONE,Emergency Services,0,0,S,4454
2021-01-05,510,05:52,Tuesday,SPADINA AND QUEEN'S QU,Late,30,0,E,4522
2021-01-05,501,09:10,Tuesday,RONCESVALLES AND QUEEN,Operations,7,14,N,1098
2021-01-05,501,09:41,Tuesday,RONCESVALLES AND QUEEN,Operations,7,14,W,1027
2021-01-05,504,10:35,Tuesday,KING AND JEFFERSON,Security,5,10,W,1264
2021-01-05,506,11:21,Tuesday,MAIN STREET STATION,Utilized Off Route,5,10,S,1392
2021-01-05,506,11:30,Tuesday,GERRARD AND PARLIAMENT,Mechanical,5,10,W,1204
2021-01-05,504,11:32,Tuesday,DUNDAS WEST STATION,Mechanical,4,9,W,1133
2021-01-05,503,12:21,Tuesday,KINGSTON AND WOODFIELD,Operations,9,18,E,4587
2021-01-05,510,12:50,Tuesday,SPADINA AND QUEEN'S QU,Cleaning,10,20,E,4446
2021-01-05,504,13:13,Tuesday,KING AND BATHURST,Cleaning,8,16,W,4511
2021-01-05,506,13:22,Tuesday,PARLIAMENT AND GERRARD,Operations,5,10,N,1654
2021-01-05,510,13:25,Tuesday,SPADINA AND QUEEN'S QU,Cleaning,10,20,W,4533
2021-01-05,510,13:39,Tuesday,SPADINA AND QUEEN'S QU,Cleaning,10,20,W,4472
2021-01-05,501,13:45,Tuesday,QUEEN AND WOODFIELD,Operations,6,12,E,0
2021-01-05,510,13:45,Tuesday,SPADINA AND QUEEN'S QU,Cleaning,10,20,W,4518
2021-01-05,510,13:49,Tuesday,SPADINA AND QUEEN'S QU,Cleaning,10,20,W,4454
2021-01-05,501,14:01,Tuesday,QUEEN AND RONCESVALLES,Mechanical,6,12,E,8578
2021-01-05,501,14:05,Tuesday,QUEEN AND RONCESVALLES,Operations,6,12,W,0
2021-01-05,510,14:09,Tuesday,SPADINA AND QUEEN'S QU,Cleaning,10,20,W,4513
2021-01-05,510,14:20,Tuesday,SPADINA AND QUEEN'S QU,Cleaning,10,20,W,4522
2021-01-05,504,14:36,Tuesday,DUNDAS WEST STATION,Operations,6,12,E,1081
2021-01-05,505,14:46,Tuesday,DUNDAS AND BROADVIEW,Operations,8,15,W,4438
2021-01-05,505,14:46,Tuesday,DUNDAS AND BROADVIEW,Operations,8,15,W,4438
2021-01-05,501,15:00,Tuesday,QUEEN AND RONCESVALLES,Mechanical,6,12,W,1263
2021-01-05,510,15:00,Tuesday,SPADINA AND QUEEN'S QU,Cleaning,10,20,W,4543
2021-01-05,510,15:27,Tuesday,SPADINA AND QUEEN'S QU,Cleaning,10,20,W,4434
2021-01-05,510,15:33,Tuesday,SPADINA AND QUEEN'S QU,Cleaning,10,20,W,4437
2021-01-05,505,15:41,Tuesday,BROADVIEW STATION,Late,8,16,W,4590
2021-01-05,510,15:43,Tuesday,SPADINA AND QUEEN'S QU,Cleaning,10,20,W,4469
2021-01-05,501,16:41,Tuesday,QUEEN AND YONGE,Mechanical,6,12,E,8545
2021-01-05,510,17:29,Tuesday,SPADINA AND QUEEN'S QU,Cleaning,10,20,W,4523
2021-01-05,506,17:37,Tuesday,PARLIAMENT AND DUNDAS,Utilized Off Route,6,12,W,3456
2021-01-05,509,17:42,Tuesday,EXHIBITION LOOP,Held By,8,16,E,4591
2021-01-05,506,18:08,Tuesday,BROADVIEW AND GERRARD,Operations,5,10,W,8721
2021-01-05,501,19:14,Tuesday,QUEEN AND DOVERCOURT,Security,6,12,E,3118
2021-01-05,512,19:19,Tuesday,ST CLAIR UPPER STATION,Security,15,14,W,4437
2021-01-05,506,19:24,Tuesday,MAIN STREET STATION,Operations,6,12,E,3755
2021-01-05,509,19:33,Tuesday,FERRY DOCKS,Security,9,16,E,4494
2021-01-05,501,20:42,Tuesday,QUEEN AND BEATY,Operations,8,16,E,8592
2021-01-05,501,21:05,Tuesday,QUEEN AND GLEN MANOR,Cleaning,8,16,E,4557
2021-01-05,504,21:45,Tuesday,KING AND BATHURST,Mechanical,0,0,E,4406
2021-01-05,501,00:24,Tuesday,WOODBINE LOOP,Emergency Services,10,20,E,4537
2021-01-05,505,01:50,Tuesday,LANSDOWNE LOOP,Cleaning,6,12,W,4545
2021-01-06,501,05:19,Wednesday,CONNAUGHT AND QUEEN,Emergency Services,30,60,S,4551
2021-01-06,503,06:19,Wednesday,KINGSTON LOOP,Operations,9,19,E,4600
2021-01-06,503,06:55,Wednesday,RUSSELL YARD,Operations,9,18,W,4548
2021-01-06,,07:38,Wednesday,RONCESVALLES CARHOUSE,Overhead,0,0,,4447
2021-01-06,501,07:44,Wednesday,QUEEN AND SHAW,Cleaning,6,12,E,8591
2021-01-06,501,09:10,Wednesday,RONCESVALLES AND QUEEN,Operations,7,14,E,1092
2021-01-06,501,09:17,Wednesday,RONCESVALLES AND QUEEN,Operations,7,14,E,9213
2021-01-06,501,09:35,Wednesday,RONCESVALLES AND QUEEN,Operations,7,14,N,1410
2021-01-06,511,09:50,Wednesday,BATHURST AND QUEEN,Overhead,8,16,S,4554
2021-01-06,511,11:10,Wednesday,BATHURST AND QUEEN,Mechanical,7,14,S,4406
2021-01-06,506,11:32,Wednesday,MAIN STATION,Emergency Services,5,10,,8763
2021-01-06,510,11:52,Wednesday,SPADINA AND QUEEN'S QU,Cleaning,10,20,W,4483
2021-01-06,501,12:09,Wednesday,QUEEN AND SHAW,Security,7,14,E,3127
2021-01-06,504,12:15,Wednesday,KING AND YONGE,Collision - TTC Involved,6,12,W,4597
2021-01-06,510,12:37,Wednesday,QUEENS QUAY AND SPADIN,Cleaning,10,20,W,4504
2021-01-06,510,12:47,Wednesday,SPADINA AND QUEEN'S QU,Cleaning,10,20,W,4595
2021-01-06,510,12:53,Wednesday,SPADINA AND QUEEN'S QU,Cleaning,10,20,W,4589
2021-01-06,504,12:56,Wednesday,BROADVIEW STATION,Operations,6,12,W,4443
2021-01-06,501,12:58,Wednesday,QUEEN AND NEVILLE,Mechanical,10,20,W,4401
2021-01-06,510,13:16,Wednesday,SPADINA AND QUEEN'S QU,Cleaning,10,20,W,4432
2021-01-06,510,13:25,Wednesday,SPADINA AND QUEEN'S QU,Cleaning,10,20,W,4531
2021-01-06,510,13:30,Wednesday,SPADINA AND QUEEN'S QU,Cleaning,10,20,W,4524
2021-01-06,510,13:31,Wednesday,SPADINA AND QUEEN'S QU,Cleaning,10,20,W,4492
2021-01-06,501,13:32,Wednesday,QUEEN AND RONCESVALLES,Mechanical,6,12,W,9213
2021-01-06,510,13:35,Wednesday,SPADINA AND QUEEN'S QU,Cleaning,10,20,W,4431
2021-01-06,510,14:05,Wednesday,SPADINA AND QUEEN'S QU,Cleaning,10,20,W,4517
2021-01-06,510,14:09,Wednesday,SPADINA AND QUEEN'S QU,Cleaning,10,20,W,4490
2021-01-06,506,14:24,Wednesday,BROADVIEW AND DUNDAS,Held By,10,18,W,4500
2021-01-06,505,14:25,Wednesday,BROADVIEW STATION,Mechanical,9,18,W,4539
2021-01-06,504,14:25,Wednesday,BROADVIEW AND DUNDAS,Held By,15,23,W,4448
2021-01-06,512,15:20,Wednesday,ST CLAIR AND VAUGHAN,Operations,5,10,E,4405
2021-01-06,512,15:22,Wednesday,ST CLAIR AND SPADINA,Held By,18,23,B,4576
2021-01-06,510,15:25,Wednesday,SPADINA AND QUEEN'S QU,Cleaning,10,20,W,4479
2021-01-06,510,15:40,Wednesday,QUEENS QUAY AND SPADIN,Cleaning,10,20,W,4435
2021-01-06,504,16:08,Wednesday,DUFFERIN AND QUEEN,Security,7,14,N,4592
2021-01-06,501,17:27,Wednesday,QUEEN AND RONCESVALLES,Operations,6,12,W,8585
2021-01-06,501,18:00,Wednesday,MCCAUL LOOP,Cleaning,10,0,E,4401
2021-01-06,511,18:11,Wednesday,EXHIBITION LOOP,Operations,8,16,N,4502
2021-01-06,509,18:28,Wednesday,EXHIBITION LOOP,Held By,8,16,E,4561
2021-01-06,511,18:41,Wednesday,BATHURST STATION,Investigation,7,15,S,4505
2021-01-06,506,20:37,Wednesday,PARLIAMENT AND GERRARD,Security,50,58,N,4500
2021-01-06,501,20:41,Wednesday,QUEEN AND BROADVIEW,Diversion,67,77,W,4556
2021-01-06,512,20:59,Wednesday,BROADVIEW AND QUEEN,Mechanical,0,0,E,4576
2021-01-06,509,21:10,Wednesday,QUEENS QUAY AND SPADIN,Security,10,20,W,4409
2021-01-06,501,21:24,Wednesday,QUEEN AND JARVIS,Security,6,12,E,1134
2021-01-06,505,00:17,Wednesday,LANSDOWNE LOOP - COLLE,Emergency Services,10,20,,4584
2021-01-06,501,00:38,Wednesday,KINGSTON RD LOOP,Security,10,20,,4556
2021-01-06,512,01:25,Wednesday,ST CLAIR AND VAUGHAN,Operations,10,20,S,4404
2021-01-06,504,01:36,Wednesday,BROADVIEW STATION,Operations,10,20,W,4547
2021-01-07,501,02:29,Thursday,NEVILLE LOOP,Emergency Services,10,20,,4506
2021-01-07,RAD,05:33,Thursday,RONCESVALLES AND HOWAR,Operations,0,0,N,4584
2021-01-07,504,05:56,Thursday,BROADVIEW AND DANFORTH,Mechanical,10,16,W,4442
2021-01-07,504,06:12,Thursday,KING AND RIVER,Mechanical,14,22,W,4582
2021-01-07,506,06:14,Thursday,RONCESVALLES AND HOWAR,Held By,6,12,E,4598
2021-01-07,506,06:35,Thursday,MAIN STATION,Utilized Off Route,5,10,W,1219
2021-01-07,506,06:38,Thursday,PARLIAMENT AND GERRARD,Utilized Off Route,5,10,E,3452
2021-01-07,501,08:00,Thursday,QUEEN AND BROCK,Cleaning,8,16,W,1268
2021-01-07,505,08:26,Thursday,DUNDAS AND MCCAUL,Mechanical,8,16,W,4406
2021-01-07,505,09:53,Thursday,DUNDAS WEST STATION,Mechanical,9,18,E,4521
2021-01-07,501,10:25,Thursday,QUEEN AND YORK,Held By,10,20,E,1521
2021-01-07,510,12:08,Thursday,QUEENS QUAY AND SPADIN,Cleaning,10,20,W,4489
2021-01-07,510,12:27,Thursday,QUEENS QUAY AND SPADIN,Cleaning,10,20,W,4407
2021-01-07,510,12:31,Thursday,QUEENS QUAY AND SPADIN,Cleaning,10,20,W,4402
2021-01-07,510,13:39,Thursday,QUEENS QUAY AND SPADIN,Cleaning,10,20,W,4514
2021-01-07,510,13:45,Thursday,QUEENS QUAY AND SPADIN,Cleaning,10,20,W,4508
2021-01-07,510,14:05,Thursday,QUEENS QUAY AND SPADIN,Cleaning,10,20,W,4548
2021-01-07,510,14:09,Thursday,QUEENS QUAY AND SPADIN,Cleaning,10,20,W,4547
2021-01-07,510,14:20,Thursday,QUEENS QUAY AND SPADIN,Cleaning,10,20,W,4600
2021-01-07,505,14:51,Thursday,BROADVIEW STATION,Cleaning,8,16,W,4500
2021-01-07,510,15:32,Thursday,QUEENS QUAY AND SPADIN,Cleaning,10,20,W,4486
2021-01-07,504,16:04,Thursday,KING AND TRILLER,Collision - TTC Involved,5,10,W,1024
2021-01-07,501,16:11,Thursday,QUEEN AND CHURCH,Cleaning,10,20,W,4544
2021-01-07,504,16:30,Thursday,KING AND DUFFERIN,Held By,16,22,W,4533
2021-01-07,505,16:30,Thursday,BROADVIEW STATION,Held By,8,16,,4479
2021-01-07,505,16:33,Thursday,BROADVIEW AND WOLFREY,Emergency Services,8,16,N,4528
2021-01-07,510,17:24,Thursday,SPADINA AND QUEEN'S QU,Rail/Switches,20,40,N,4588
2021-01-07,501,18:13,Thursday,MCCAUL LOOP,Emergency Services,10,20,S,4443
2021-01-07,506,19:13,Thursday,COLLEGE AND LANSDOWNE,Emergency Services,0,0,W,4432
2021-01-07,510,19:24,Thursday,SPADINA AND QUEEN,Operations,10,20,S,4472
2021-01-07,501,19:53,Thursday,QUEEN AND JOHN,Security,6,12,E,1116
2021-01-07,510,20:52,Thursday,QUEENS QUAY AND SPADIN,General Delay,20,30,W,4588
2021-01-07,504,22:28,Thursday,KING AND BATHURST,Held By,6,14,E,4441
2021-01-07,509,22:39,Thursday,EXHIBITION LOOP,Operations,8,16,W,4437
2021-01-07,510,23:58,Thursday,SPADINA AND QUEEN'S QU,Cleaning,10,20,W,4401
2021-01-07,501,00:38,Thursday,QUEEN AND PARLIAMENT,Security,9,12,W,1056
2021-01-08,301,02:54,Friday,LONG BRANCH LOOP,Emergency Services,0,0,,8962
2021-01-08,511,05:07,Friday,BATHURST AND KING,General Delay,9,0,S,4432
2021-01-08,506,05:39,Friday,HOWARD PARK AND RONCES,Operations,7,14,E,4575
2021-01-08,506,05:45,Friday,HOWARD PARK AND RONCES,Operations,7,14,E,4603
2021-01-08,501,06:39,Friday,LAKE SHORE AND THIRD,Emergency Services,6,12,E,1127
2021-01-08,501,07:34,Friday,QUEEN AND RONCESVALLES,Mechanical,7,14,W,1100
2021-01-08,504,08:39,Friday,BROADVIEW AND JACK LAY,Investigation,6,12,S,4597
2021-01-08,501,11:19,Friday,QUEEN AND WOODBINE,Held By,16,23,E,4596
2021-01-08,510,13:06,Friday,SPADINA AND QUEEN'S QU,Cleaning,10,20,W,4469
2021-01-08,510,13:10,Friday,SPADINA AND QUEEN'S QU,Cleaning,10,20,W,4486
2021-01-08,501,13:20,Friday,LAKE SHORE AND PARK LA,Mechanical,6,12,E,3111
2021-01-08,505,13:44,Friday,DUNDAS AND PARLIAMENT,Held By,23,31,W,4528
2021-01-08,506,13:46,Friday,DUNDAS AND PARLIAMENT,Held By,21,28,W,4521
2021-01-08,504,14:24,Friday,DUNDAS WEST STATION,Operations,7,14,W,4597
2021-01-08,506,15:08,Friday,MAIN STREET STATION,Operations,4,8,W,3413
2021-01-08,505,15:14,Friday,DUNDAS AND LANSDOWNE,Operations,9,18,W,4579
2021-01-08,505,15:21,Friday,DUNDAS AND UNIVERSITY,Held By,7,15,E,4434
2021-01-08,510,16:40,Friday,SPADINA STATION,Emergency Services,5,10,,4469
2021-01-08,501,18:51,Friday,QUEEN AND BAY,Emergency Services,46,56,E,4556
2021-01-08,501,19:01,Friday,QUEEN AND UNIVERSITY,Collision - TTC Involved,6,12,W,8951
2021-01-08,501,19:01,Friday,NEVILLE PARK LOOP,Emergency Services,22,32,,4544
2021-01-08,501,19:09,Friday,LONG BRANCH LOOP,Emergency Services,6,12,,1423
2021-01-08,504,19:18,Friday,RONCESVALLES AND BOUST,Cleaning,6,12,W,1263
2021-01-08,505,20:11,Friday,BROADVIEW STATION,Mechanical,8,17,N,4434
2021-01-08,501,20:25,Friday,RUSSELL TRAILER TRACK,Emergency Services,8,16,,4403
2021-01-08,501,20:46,Friday,QUEEN AND CONNAUGHT,Security,0,0,E,4538
2021-01-08,506,20:59,Friday,LANSDOWNE LOOP,Operations,8,16,W,4414
2021-01-08,510,23:32,Friday,SPADINA TUNNEL,Security,16,22,,4565
2021-01-08,510,23:49,Friday,CHARLOTTE LOOP,Investigation,9,17,N,4415
2021-01-08,506,00:11,Friday,HIGH PARK LOOP,Operations,9,18,E,4423
2021-01-08,505,01:15,Friday,DUNDAS WEST STATION,Cleaning,4,10,W,4543
2021-01-08,504,01:20,Friday,DUNDAS WEST STATION,Utilized Off Route,7,14,W,1065
2021-01-09,506,02:04,Saturday,MAIN STREET STATION,Mechanical,10,20,W,3753
2021-01-09,304,02:28,Saturday,KING AND SUDBURY,Cleaning,10,20,E,4436
2021-01-09,555,03:15,Saturday,QUEEN AND LESLIE,Rail/Switches,0,0,E,4514
2021-01-09,301,03:16,Saturday,QUEEN AND LESLIE,Held By,14,26,E,4556
2021-01-09,304,03:23,Saturday,KING AND SHAW,Utilized Off Route,20,40,,1065
2021-01-09,506,05:58,Saturday,HIGH PARK LOOP,Operations,9,0,E,4586
2021-01-09,505,09:32,Saturday,DUNDAS AND OSSINGTON,Operations,7,14,E,4549
2021-01-09,512,09:46,Saturday,ST CLAIR AND RUSSELL H,Emergency Services,5,10,,4577
2021-01-09,512,10:03,Saturday,ST CLAIR WEST STATION,Operations,5,10,E,4590
2021-01-09,509,10:46,Saturday,FLEET LOOP,Emergency Services,8,16,,4518
2021-01-09,504,11:26,Saturday,KING AND DUFFERIN,Operations,7,14,E,4571
2021-01-09,501,12:55,Saturday,QUEEN AND BATHURST,Mechanical,3,6,W,3168
2021-01-09,506,13:34,Saturday,MAIN STREET STATION,Operations,5,10,E,8895
2021-01-09,506,13:55,Saturday,COLLEGE AND LANSDOWNE,Operations,7,14,E,4468
2021-01-09,501,14:38,Saturday,QUEEN AND BAY,Held By,24,27,B,1060
2021-01-09,505,17:05,Saturday,DUNDAS AND BROADVIEW,Operations,7,14,W,4444
2021-01-09,512,17:28,Saturday,OAKWOOD LOOP,Operations,5,10,E,4497
2021-01-09,504,17:39,Saturday,KING AND SPADINA,Held By,7,11,W,4570
2021-01-09,506,17:56,Saturday,HOWARD PARK LOOP,Operations,7,14,S,4586
2021-01-09,511,18:09,Saturday,BATHURST STATION,Operations,6,12,N,4539
2021-01-09,504,18:56,Saturday,DISTILLERY LOOP,Held By,6,10,W,4557
2021-01-09,512,18:57,Saturday,ST CLAIR AND VAUGHAN,Operations,5,10,E,4577
2021-01-09,504,19:32,Saturday,SHAW AND KING,Collision - TTC Involved,4,8,N,4567
2021-01-09,501,20:06,Saturday,QUEEN AND MCCAUL,Operations,8,16,W,4461
2021-01-09,504,20:30,Saturday,BROADVIEW STATION,Mechanical,5,10,,8504
2021-01-09,501,20:31,Saturday,QUEEN AND JOHN,Cleaning,6,12,E,1089
2021-01-09,510,20:36,Saturday,SPADINA AND SUSSEX,Security,5,11,S,4542
2021-01-09,501,20:56,Saturday,QUEEN AND LOGAN,Held By,24,32,E,4475
2021-01-09,501,21:01,Saturday,QUEEN AND JARVIS,Utilized Off Route,7,14,W,1269
2021-01-10,512,02:56,Sunday,LESLIE AND COMISSIONER,Security,0,0,S,4533
2021-01-10,506,06:38,Sunday,HIGH PARK LOOP TO BROA,General Delay,12,10,W,4594
2021-01-10,501,08:39,Sunday,QUEEN AND CHURCH,Security,9,18,E,4463
2021-01-10,501,09:55,Sunday,NEVILLE LOOP,Cleaning,9,18,E,4450
2021-01-10,504,13:09,Sunday,KING AND SUMACH,Mechanical,13,17,W,4462
2021-01-10,506,15:16,Sunday,HIGH PARK LOOP,Cleaning,7,14,E,4429
2021-01-10,504,16:24,Sunday,DISTILLERY LOOP,Security,8,16,W,4592
2021-01-10,506,16:44,Sunday,CARLTON AND CHURCH,Operations,14,22,W,4414
2021-01-10,501,17:09,Sunday,KINGSTON AND DIXON,Mechanical,10,20,W,3129
2021-01-10,501,18:14,Sunday,QUEEN AND GREENWOOD,Operations,10,20,E,4544
2021-01-10,505,18:42,Sunday,BROADVIEW AND DUNDAS,Operations,7,14,E,4601
2021-01-10,505,18:49,Sunday,DUNDAS AND BROADVIEW,Operations,7,14,W,4458
2021-01-10,511,19:27,Sunday,BATHURST STATION,Operations,4,13,S,4479
2021-01-10,501,00:43,Sunday,LAKESHORE AND FORTIETH,Emergency Services,8,16,W,1633
2021-01-11,301,04:14,Monday,LONG BRANCH LOOP,Emergency Services,30,60,,1083
2021-01-11,512,05:37,Monday,ST CLAIR AND DUFFERIN,Held By,33,44,E,4518
2021-01-11,511,08:42,Monday,BATHURST STATION,Mechanical,7,14,S,4434
2021-01-11,506,08:47,Monday,GERRARD AND PARLIAMENT,Cleaning,4,8,E,3472
2021-01-11,506,08:56,Monday,LANSDOWNE AND COLLEGE,Emergency Services,8,16,N,3100
2021-01-11,501,10:12,Monday,MARINE PARADE AND LAKE,Mechanical,8,16,S,1114
2021-01-11,501,10:42,Monday,LAKESHORE AND THIRTY S,Mechanical,4,8,W,1007
2021-01-11,504,12:14,Monday,DUNDAS AND BLOOR,Mechanical,5,10,W,1378
2021-01-11,506,12:57,Monday,GERRARD AND PARLIAMENT,Operations,5,10,W,1313
2021-01-11,506,12:57,Monday,PARLIAMENT AND GERRARD,Operations,5,10,W,1313
2021-01-11,501,13:05,Monday,QUEEN AND RONCESVALLES,Operations,6,12,E,3148
2021-01-11,509,13:11,Monday,FLEET AND GARRISON,Operations,8,16,W,4502
2021-01-11,501,13:28,Monday,QUEEN AND ST. PATRICK,Emergency Services,0,0,W,1114
2021-01-11,501,13:40,Monday,QUEENSWAY AND RONCESVA,Collision - TTC Involved,6,12,E,1503
2021-01-11,504,14:07,Monday,KING AND SHAW,Mechanical,7,14,W,4409
2021-01-11,506,16:22,Monday,UPPER GERRARD AND NORW,Mechanical,6,12,W,1234
2021-01-11,504,16:45,Monday,DUNDAS AND BLOOR,Mechanical,5,10,W,1121
2021-01-11,501,16:56,Monday,LAKE SHORE AND 40TH,Security,0,0,W,1141
2021-01-11,509,17:18,Monday,EXHIBITION EAST LOOP,Operations,8,16,E,4502
2021-01-11,501,17:33,Monday,QUEEN AND RONCESVALLES,Operations,6,12,E,8598
2021-01-11,510,18:08,Monday,SPADINA AND COLLEGE,Security,14,23,N,4453
2021-01-11,501,18:11,Monday,CHURCH AND QUEEN,Cleaning,10,20,W,4501
2021-01-11,505,18:54,Monday,DUNDAS AND BROADVIEW,Operations,7,14,W,4480
2021-01-11,510,18:57,Monday,LOWER SPADINA AND LAKE,Emergency Services,5,10,N,4497
2021-01-11,501,19:32,Monday,QUEEN AND PARLIAMENT,Mechanical,12,18,W,1114
2021-01-11,506,20:04,Monday,RONCESVALLES AND QUEEN,Emergency Services,0,0,N,4549
2021-01-11,501,21:40,Monday,RUSSELL YARD,Emergency Services,0,0,,4483
2021-01-11,504,22:21,Monday,DUNDAS WEST STATION,Utilized Off Route,9,18,E,1116
2021-01-11,501,23:28,Monday,QUEEN AND RONCESVALLES,Operations,8,16,E,3119
2021-01-11,501,23:58,Monday,QUEEN AND ELMGROVE,Mechanical,6,12,W,1114
2021-01-11,509,00:35,Monday,QUEEN'S QUAY AND SPADI,Mechanical,9,18,E,4584
2021-01-11,504,01:05,Monday,DISTILLERY LOOP,Cleaning,10,20,E,4568
2021-01-11,506,01:24,Monday,LANSDOWNE LOOP,Security,9,18,,4552
2021-01-12,505,02:06,Tuesday,DUNDAS WEST STATION,Emergency Services,0,0,,4537
2021-01-12,506,02:20,Tuesday,GERRARD AND PARLIAMENT,Cleaning,9,18,W,4552
2021-01-12,301,03:10,Tuesday,QUEEN AND DEGRASI,Rail/Switches,14,44,E,4472
2021-01-12,504,03:21,Tuesday,KING AND SHAW,Investigation,20,30,W,4494
2021-01-12,504,05:33,Tuesday,KING AND SUDBURY,Mechanical,5,10,S,1052
2021-01-12,500,06:00,Tuesday,TORONTO TRANSIT COMMIS,General Delay,0,0,,0
2021-01-12,506,09:30,Tuesday,GERRARD AND PAPE,Mechanical,4,8,W,8898
2021-01-12,501,09:43,Tuesday,QUEEN AND CHURCH,Emergency Services,9,19,W,4459
2021-01-12,501,10:20,Tuesday,QUEEN AND JOHN,Cleaning,4,8,E,8578
2021-01-12,510,10:38,Tuesday,SPADINA AND QUEENS QUA,Emergency Services,5,14,W,4533
2021-01-12,501,13:33,Tuesday,QUEEN AND RONCESVALLES,Operations,6,12,W,8547
2021-01-12,501,14:30,Tuesday,QUEEN AND PARLIAMENT,Cleaning,10,20,W,4450
2021-01-12,501,15:09,Tuesday,LONG BRANCH LOOP,Cleaning,12,18,E,3167
2021-01-12,501,15:24,Tuesday,LAKE SHORE AND FORTIET,Emergency Services,6,12,W,9200
2021-01-12,501,15:26,Tuesday,QUEEN AND RONCESVALLES,Emergency Services,6,12,W,8578
2021-01-12,512,16:45,Tuesday,ST CLAIR AND LAUGHTON,Emergency Services,5,8,W,4438
2021-01-12,504,17:03,Tuesday,DUNDAS WEST STATION,Utilized Off Route,5,10,S,1142
2021-01-12,504,17:06,Tuesday,DUNDAS WEST STATION,Utilized Off Route,5,10,S,1099
2021-01-12,509,18:54,Tuesday,EXHIBTION LOOP,Mechanical,8,16,E,4452
2021-01-12,501,18:59,Tuesday,QUEEN AND RONCESVALLES,Cleaning,6,12,E,1586
2021-01-12,504,19:15,Tuesday,DUNDAS WEST STATION,Cleaning,5,10,E,1033
2021-01-12,501,19:44,Tuesday,QUEEN AND RONCESVALLES,Operations,6,12,W,0
2021-01-12,509,20:17,Tuesday,EXHIBITION LOOP,Cleaning,9,18,E,4404
2021-01-12,505,22:52,Tuesday,DUNDAS AND PEMBROOKE,Security,14,19,W,4453
2021-01-12,501,01:49,Tuesday,QUEEN AND DEGRASSI,Overhead,20,30,E,4409
2021-01-13,306,03:16,Wednesday,BROADVIEW MALE,Security,8,19,,4510
2021-01-13,506,06:41,Wednesday,GERRARD AND PAPE,Mechanical,4,8,W,1335
2021-01-13,504,07:01,Wednesday,KING AND SPADINA,Collision - TTC Involved,18,24,E,4453
2021-01-13,510,08:41,Wednesday,SPADINA AND QUEEN'S QU,Operations,4,9,,4432
2021-01-13,512,09:40,Wednesday,ST CLAIR AND KEELE,Mechanical,10,15,E,4499
2021-01-13,504,11:18,Wednesday,DUNDAS WEST STATION,Mechanical,5,10,E,1614
2021-01-13,506,14:01,Wednesday,MALVERN GARAGE,Operations,5,10,E,3484
2021-01-13,512,15:02,Wednesday,ST CLAIR AND ARLINGTON,General Delay,5,10,W,4534
2021-01-13,506,15:07,Wednesday,MAIN STREET STATION,Operations,5,10,W,3523
2021-01-13,501,16:37,Wednesday,MCCAUL LOOP,Emergency Services,17,27,,4489
2021-01-13,506,16:57,Wednesday,CARLTON AND SHERBOURNE,Collision - TTC Involved,5,10,E,3449
2021-01-13,503,17:10,Wednesday,BINGHAM LOOP,Emergency Services,10,20,E,4550
2021-01-13,501,17:33,Wednesday,QUEEN AND JARVIS,Mechanical,6,12,W,9229
2021-01-13,509,17:41,Wednesday,EXHIBITION EAST LOOP,Late,8,16,E,4585
2021-01-13,505,18:30,Wednesday,DUNDAS WEST STATION,Security,8,16,E,4537
2021-01-13,510,18:33,Wednesday,SPADINA LOOP,Operations,5,10,N,4584
2021-01-13,510,18:48,Wednesday,SPADINA STATION,Cleaning,5,10,S,4447
2021-01-13,511,21:12,Wednesday,FLEET LOOP,Security,6,12,E,4484
2021-01-13,505,21:44,Wednesday,DUNDAS WEST STATION,Cleaning,6,12,,4487
2021-01-13,504,21:53,Wednesday,EDNA AND DUNDAS,Security,7,14,E,1012
2021-01-13,504,22:11,Wednesday,DUNDAS AND BLOOR,Mechanical,7,14,W,1012
2021-01-13,511,22:18,Wednesday,BATHURST STATION,Emergency Services,6,12,S,4405
2021-01-13,512,01:19,Wednesday,ST CLAIR WEST,Emergency Services,10,20,W,4517
2021-01-14,506,02:02,Thursday,COLLEGE AND YONGE,Held By,6,15,E,4511
2021-01-14,501,02:05,Thursday,QUEENSWAY AND RONCESVA,Cleaning,6,12,E,1135
2021-01-14,512,05:45,Thursday,OAKWOOD LOOP,Operations,5,11,E,4466
2021-01-14,504,05:47,Thursday,LESLIE AND COMMISSIONE,Security,0,0,E,4444
2021-01-14,503,09:54,Thursday,YORK AND KING,Security,9,18,N,4428
2021-01-14,501,09:55,Thursday,QUEEN AND NIAGARA,Mechanical,8,16,E,1092
2021-01-14,501,10:37,Thursday,QUEEN AND SHERBOURNE,Emergency Services,8,16,E,3109
2021-01-14,501,10:52,Thursday,LAKESHORE AND 37TH STR,Mechanical,8,16,W,1027
2021-01-14,501,13:27,Thursday,QUEEN AND VICTORIA,Held By,24,34,W,4463
2021-01-14,506,15:33,Thursday,MAIN STREET STATION,Mechanical,5,10,W,3473
2021-01-14,501,15:43,Thursday,QUEEN AND UNIVERSITY,Collision - TTC Involved,6,12,E,1090
2021-01-14,505,15:55,Thursday,DUNDAS AND MCCAUL,Security,8,14,E,4510
2021-01-14,504,21:44,Thursday,KING AND SUDBURY,Operations,8,15,W,1067
2021-01-14,506,21:56,Thursday,DUNDAS AND RIVER,Mechanical,6,12,W,4598
2021-01-14,304,23:17,Thursday,QUEEN AND CARROLL,Operations,0,30,W,4459
2021-01-14,505,23:28,Thursday,BRAODVIEW STATION,Cleaning,6,12,,4561
2021-01-14,506,23:52,Thursday,COLLEGE AND BAY,Emergency Services,14,20,W,4460
2021-01-14,501,00:36,Thursday,LAKESHORE AND ROYAL YO,Emergency Services,0,0,E,9225
2021-01-14,505,00:40,Thursday,DUNDAS AND BAY,Mechanical,6,12,W,4479
2021-01-15,501,02:00,Friday,QUEEN AND RIVER,Cleaning,6,12,W,1072
2021-01-15,510,04:18,Friday,QUEENS QUAY AND HARBOU,Security,10,20,S,4564
2021-01-15,304,04:39,Friday,KING AND STRACHAN,Utilized Off Route,20,40,E,1419
2021-01-15,504,05:58,Friday,KING AND BATHURST,Mechanical,6,12,W,4468
2021-01-15,500,06:00,Friday,TORONTO TRANSIT COMMIS,General Delay,0,0,,0
2021-01-15,501,10:04,Friday,LAKE SHORE AND BURLING,Collision - TTC Involved,8,16,E,3125
2021-01-15,501,10:23,Friday,QUEEN AND RONCESVALLES,Operations,8,16,W,8954
2021-01-15,504,14:04,Friday,QUEEN AND BROADVIEW,Operations,7,14,E,4445
2021-01-15,503,14:05,Friday,QUEEN AND BROADVIEW,Held By,10,20,E,4407
2021-01-15,501,14:06,Friday,QUEEN AND BROADVIEW,Held By,13,23,E,4470
2021-01-15,501,15:08,Friday,QUEEN AND OSSINGTON,Mechanical,6,12,E,1144
2021-01-15,505,15:13,Friday,DUNDAS AND BROADVIEW,General Delay,8,16,W,4595
2021-01-15,505,15:14,Friday,DUNDAS WEST STATION,Operations,9,17,W,4519
2021-01-15,503,15:15,Friday,BINGHAM LOOP,Mechanical,10,20,E,4529
2021-01-15,506,16:43,Friday,MAIN STREET STATION,Cleaning,5,9,E,8638
2021-01-15,501,17:00,Friday,QUEEN AND PARLIAMENT,Emergency Services,6,12,E,1142
2021-01-15,501,17:10,Friday,QUEEN AND RONCESVALLES,Security,6,12,E,3110
2021-01-15,504,17:11,Friday,HOWARD PARK AND RONCES,Cleaning,5,10,W,1136
2021-01-15,501,17:25,Friday,MCCAUL LOOP,Emergency Services,20,40,,4422
2021-01-15,506,17:26,Friday,CARLTON AND PARLIAMENT,Cleaning,4,9,E,1579
2021-01-15,501,18:08,Friday,LAKE SHORE AND 13TH,Investigation,6,12,W,8954
2021-01-15,506,19:12,Friday,COLLEGE AND MANNING,Held By,35,43,B,4506
2021-01-15,505,19:53,Friday,BROADVIEW STATION,Emergency Services,8,17,,4520
2021-01-15,506,20:00,Friday,COLLEGE AND OSSINGTON,Operations,39,47,E,4507
2021-01-15,505,21:59,Friday,CHARLOTTE LOOP,Security,5,10,,4591
2021-01-15,505,22:03,Friday,DUNDAS WEST STATION,Cleaning,10,20,E,4491
2021-01-15,506,22:05,Friday,QUEEN'S PARK AND UNIVE,Security,8,16,W,4446
2021-01-15,510,22:40,Friday,SPADINA AND ADELAIDE,Held By,33,42,S,4562
2021-01-15,505,22:58,Friday,DUNDAS WEST STATION,Emergency Services,10,20,,4424
2021-01-15,501,23:22,Friday,QUEEN AND VICTORIA,Emergency Services,6,12,E,8419
2021-01-15,504,23:37,Friday,BROADVIEW STATION,Security,7,14,W,4579
2021-01-15,504,00:09,Friday,KING AND PORTLAND,Held By,3,10,E,4566
2021-01-15,504,01:09,Friday,KING AND SHAW,Mechanical,7,14,W,1003
2021-01-15,501,01:51,Friday,QUEEN AND WOODFIELD,Operations,10,20,W,4455
2021-01-16,301,03:00,Saturday,QUEEN AND SPADINA,Emergency Services,13,33,W,1128
2021-01-16,501,05:16,Saturday,NEVILLE PARK LOOP,Cleaning,10,20,W,4493
2021-01-16,,06:15,Saturday,RUSSELL YARD,Emergency Services,0,0,,4408
2021-01-16,505,09:28,Saturday,DUNDAS AND RIVER,General Delay,15,23,E,4586
2021-01-16,512,09:51,Saturday,ST CLAIR WEST STATION,General Delay,5,10,E,4592
2021-01-16,506,10:14,Saturday,COLLEGE AND AUGUSTA,Mechanical,8,16,E,4423
2021-01-16,504,13:06,Saturday,SHAW AND KING,General Delay,4,8,W,4578
2021-01-16,504,13:22,Saturday,DUNDAS WEST STATION,Operations,4,9,E,1051
2021-01-16,505,14:56,Saturday,DUNDAS AND UNIVERSITY,Held By,14,20,B,4492
2021-01-16,501,15:03,Saturday,WOODBINE LOOP,Emergency Services,0,0,E,4409
2021-01-16,501,15:29,Saturday,QUEEN AND CONNAUGHT,Operations,7,14,W,4443
2021-01-16,504,15:37,Saturday,KING AND JOHN,Held By,8,12,E,4568
2021-01-16,504,15:51,Saturday,DUNDAS WEST STATION,Operations,5,9,E,1264
2021-01-16,512,18:36,Saturday,BATHURST AND DAVENPORT,Operations,5,10,S,4538
2021-01-16,501,19:48,Saturday,RUSSELL YARD,General Delay,0,0,,4470
2021-01-16,504,21:07,Saturday,EXHIBITION LOOP,Cleaning,6,12,W,1416
2021-01-16,504,22:43,Saturday,KING AND BAY,Security,15,22,W,4589
2021-01-16,504,22:51,Saturday,BROADVIEW STATION,Security,9,16,W,4435
2021-01-16,509,23:45,Saturday,EXHIBITION LOOP,Cleaning,10,19,E,4467
2021-01-16,510,00:54,Saturday,QUEEN'S QUAY STATION,Emergency Services,10,20,S,4529
2021-01-16,505,01:16,Saturday,DUNDAS WEST STATION,Held By,4,14,E,4574
2021-01-16,506,01:19,Saturday,DUNDAS WEST STATION,Held By,12,20,E,4511
2021-01-16,510,01:37,Saturday,QUEEN'S QUAY AND SPADI,Security,16,26,N,4584
2021-01-16,504,01:51,Saturday,SPADINA AND KING,Operations,10,20,S,4569
2021-01-17,510,02:30,Sunday,QUEEN'S QUAY STATION,Security,6,16,S,4584
2021-01-17,501,03:07,Sunday,LONG BRANCH LOOP,Cleaning,30,60,E,3160
2021-01-17,504,03:45,Sunday,LESLIE AND COMMISSIONE,Security,0,0,S,4469
2021-01-17,512,04:40,Sunday,BATHURST AND QUEEN,Mechanical,25,50,N,4465
2021-01-17,501,06:57,Sunday,QUEEN AND RONCESVALLES,Utilized Off Route,8,15,E,8578
2021-01-17,511,09:39,Sunday,BATHURST AND COLLEGE,Cleaning,9,18,S,4551
2021-01-17,501,13:48,Sunday,LAKESHORE AND KIPLING,Cleaning,10,20,E,1408
2021-01-17,509,13:55,Sunday,EXHIBITION LOOP,Mechanical,10,20,E,4433
2021-01-17,505,14:02,Sunday,DUNDAS WEST STATION,Operations,7,14,,4461
2021-01-17,501,14:25,Sunday,LAKESHORE AND KIPLING,Mechanical,10,20,W,3153
2021-01-17,501,17:20,Sunday,CHURCH AND QUEEN,Emergency Services,10,20,N,1408
2021-01-17,501,17:45,Sunday,SUNNYSIDE LOOP,Cleaning,10,20,W,9216
2021-01-17,504,18:04,Sunday,CHERRY AND FRONT,General Delay,10,14,N,4451
2021-01-17,505,18:37,Sunday,BROADVIEW STATION,Emergency Services,7,14,W,4576
2021-01-17,510,21:50,Sunday,SPADINA AND QUEEN QUAY,Cleaning,5,10,W,4593
2021-01-17,501,22:55,Sunday,RICHMOND AND JARVIS,Mechanical,8,15,W,1408
2021-01-17,504,23:33,Sunday,DUFFERIN GATE LOOP,Cleaning,10,20,N,4512
2021-01-17,505,00:14,Sunday,BROADVIEW STATION,Cleaning,10,20,W,4565
2021-01-17,504,01:00,Sunday,DUFFERIN GATE,Operations,10,20,E,4566
2021-01-17,501,01:09,Sunday,QUEENSWAY AND RONCESVA,Operations,8,16,E,1132
2021-01-18,510,02:14,Monday,SPADINA AND BLUEJAY WA,Security,12,27,N,4496
2021-01-18,501,02:21,Monday,QUEEN AND LANSDOWNE,Mechanical,7,15,W,8545
2021-01-18,510,03:19,Monday,SPADINA AND KING,Security,7,22,S,4592
2021-01-18,506,05:54,Monday,PARLIAMENT AND DUNDAS,Emergency Services,7,14,S,4511
2021-01-18,500,06:00,Monday,TORONTO TRANSIT COMMIS,General Delay,0,0,,0
2021-01-18,503,06:35,Monday,QUEEN AND LESLIE,Held By,9,18,W,4479
2021-01-18,506,07:46,Monday,DUNDAS AND SACKVILLE,Mechanical,9,14,W,4490
2021-01-18,501,10:06,Monday,QUEEN AND CONNAUGHT,Security,10,20,W,4546
2021-01-18,501,10:33,Monday,PARLIAMENT AND QUEEN,Emergency Services,0,0,S,9238
2021-01-18,506,10:44,Monday,PARLIAMENT AND DUNDAS,Security,8,16,S,4420
2021-01-18,504,12:58,Monday,DUNDAS WEST STATION,Late,4,8,E,1625
2021-01-18,503,13:34,Monday,QUEEN AND ALTON,Operations,10,20,W,4541
2021-01-18,501,13:34,Monday,QUEEN AND ALTON,Held By,15,25,W,4493
2021-01-18,506,13:41,Monday,PARLIAMENT AND GERRARD,Cleaning,5,10,W,3411
2021-01-18,505,13:59,Monday,PARLIAMENT AND GERRARD,Emergency Services,9,18,S,4600
2021-01-18,505,14:07,Monday,PARLIAMENT AND DUNDAS,Emergency Services,9,18,S,4510
2021-01-18,501,14:33,Monday,QUEENSWAY AND GLENDALE,Collision - TTC Involved,8,10,E,8543
2021-01-18,505,14:57,Monday,LANSDOWNE AND DUNDAS,Cleaning,9,18,E,4448
2021-01-18,512,15:36,Monday,ST CLAIR AND BATHURST,Operations,10,20,E,4439
2021-01-18,505,15:51,Monday,DUNDAS WEST STATION,Operations,9,18,W,4506
2021-01-18,503,16:03,Monday,QUEEN AND ALTON,Operations,10,20,W,4541
2021-01-18,501,17:18,Monday,QUEEN AND GREENWOOD,Emergency Services,6,12,E,4499
2021-01-18,504,18:05,Monday,DUFFERIN LOOP,Mechanical,7,14,N,4580
2021-01-18,501,19:00,Monday,QUEEN AND RONCESVALLES,Mechanical,6,12,W,1009
2021-01-18,501,19:18,Monday,LAKESHORE AND PARKLAWN,Mechanical,6,10,E,1033
2021-01-18,509,21:25,Monday,EXHIBITION LOOP,Security,10,20,,4484
2021-01-18,504,22:14,Monday,BROADVIEW STATION,Operations,8,16,,4486
2021-01-18,501,22:48,Monday,QUEEN AND RIVER,Investigation,6,12,W,1093
2021-01-18,510,23:29,Monday,SPADINA AND KING,Security,10,20,N,4592
2021-01-18,501,23:31,Monday,NEVILLE PARK LOOP,Cleaning,10,20,W,4530
2021-01-19,501,02:02,Tuesday,QUEENSWAY AND SUNNYSID,Emergency Services,6,12,W,9231
2021-01-19,306,02:04,Tuesday,MAIN STREET STATION,Mechanical,10,20,W,3757
2021-01-19,506,04:12,Tuesday,BROADVIEW STATION,Emergency Services,8,38,,4507
2021-01-19,512,05:10,Tuesday,BATHURST AND QUEEN (NO,Overhead,7,17,N,4465
2021-01-19,511,05:20,Tuesday,BATHURST AND KING,Held By,8,16,N,4458
2021-01-19,501,05:39,Tuesday,QUEEN AND BATHURST,Utilized Off Route,4,8,N,8413
2021-01-19,501,06:33,Tuesday,NEVILLE PARK LOOP,Security,0,0,E,4401
2021-01-19,504,07:45,Tuesday,RONCESVALLES AND BOUST,Cleaning,3,6,W,1413
2021-01-19,503,07:58,Tuesday,RUSSELL YARD,Operations,10,20,E,4562
2021-01-19,555,08:30,Tuesday,QUEEN AND LESLIE,Overhead,40,47,E,4477
2021-01-19,506,08:40,Tuesday,PARLIAMENT AND GERRARD,Utilized Off Route,4,8,S,3555
2021-01-19,501,11:51,Tuesday,QUEEN AND CONNAUGHT,Held By,15,22,W,4537
2021-01-19,501,12:17,Tuesday,MOUNT DENNIS DIVISION,Mechanical,8,16,N,1359
2021-01-19,509,13:18,Tuesday,EXHIBITION LOOP,Cleaning,8,16,E,4501
2021-01-19,501,13:48,Tuesday,PARKLAWN AND LAKESHORE,Mechanical,6,12,S,1614
2021-01-19,501,14:04,Tuesday,QUEEN AND RONCESVALLES,Operations,6,12,W,1117
2021-01-19,504,15:11,Tuesday,DUNDAS AND BLOOR,Mechanical,9,18,W,1350
2021-01-19,506,16:26,Tuesday,HOWARD PARK AND PARKSI,Held By,17,23,N,4435
2021-01-19,501,16:39,Tuesday,LONG BRANCH LOOP,Mechanical,6,12,W,1053
2021-01-19,510,16:41,Tuesday,SPADINA AND LAKESHORE,Operations,5,10,E,4480
2021-01-19,501,16:44,Tuesday,QUEEN AND JARVIS,Cleaning,6,12,W,1051
2021-01-19,501,18:46,Tuesday,RUSSELL YARD,Emergency Services,6,12,E,4537
2021-01-19,509,19:18,Tuesday,QUEENS QUAY AND SPADIN,Overhead,8,16,E,4501
2021-01-19,504,19:41,Tuesday,RUSSELL YARD,Mechanical,9,18,,4496
2021-01-19,501,21:03,Tuesday,QUEEN AND SPADINA,Security,0,0,W,1264
2021-01-19,506,21:06,Tuesday,COLLEGE AND SPADINA,Operations,27,33,W,4552
2021-01-19,501,22:39,Tuesday,QUEEN AND RIVER,Emergency Services,6,12,W,8587
2021-01-20,505,02:14,Wednesday,LESLIE AND EASTERN AV,Emergency Services,0,0,S,4555
2021-01-20,504,02:30,Wednesday,DUFFERIN AND KING (NOR,Security,8,16,,4441
2021-01-20,506,06:10,Wednesday,GERRARD AND PARLIAMENT,Utilized Off Route,8,16,N,8631
2021-01-20,506,06:10,Wednesday,COLLEGE AND AUGUSTA,Held By,47,54,E,4547
2021-01-20,506,06:15,Wednesday,PARLIAMENT AND GERRARD,Utilized Off Route,8,16,E,8900
2021-01-20,506,06:20,Wednesday,GERRARD AND PARLIAMENT,Utilized Off Route,5,10,E,3556
2021-01-20,504,07:19,Wednesday,DUNDAS WEST AND EDNA,Emergency Services,3,6,,1055
2021-01-20,506,07:41,Wednesday,632 GERRARD STREET EAS,Investigation,35,40,,3493
2021-01-20,501,07:44,Wednesday,QUEEN AND CONNAUGHT,Mechanical,10,12,E,4482
2021-01-20,506,07:50,Wednesday,GERRARD AND BROADVIEW,Utilized Off Route,4,8,W,3461
2021-01-20,501,07:52,Wednesday,QUEEN AND CONNAUGHT,Operations,7,14,W,0
2021-01-20,504,08:18,Wednesday,BLOOR AND DUNDAS WEST,Investigation,12,15,S,1266
2021-01-20,504,09:21,Wednesday,KING AND BATHURST,Held By,14,19,E,4532
2021-01-20,505,09:41,Wednesday,DUNDAS AND DENNISON,Security,10,19,W,4469
2021-01-20,506,11:10,Wednesday,MAIN STREET STATION,Cleaning,5,10,S,3493
2021-01-20,504,11:15,Wednesday,SPRINGHURST LOOP,Cleaning,6,12,,4567
2021-01-20,506,11:19,Wednesday,HOWARD PARK AND RONCES,Operations,7,14,W,4504
2021-01-20,501,12:54,Wednesday,KINGSTON ROAD LOOP,Security,10,20,,4454
2021-01-20,510,13:11,Wednesday,SPADINA STATION,Operations,5,10,S,4433
2021-01-20,501,13:21,Wednesday,LONG BRANCH LOOP,Mechanical,6,12,E,1044
2021-01-20,504,15:06,Wednesday,DUNDAS AND BLOOR,Mechanical,9,18,W,1037
2021-01-20,509,15:51,Wednesday,UNION STATION,Cleaning,9,18,E,4583
2021-01-20,510,16:42,Wednesday,SPADINA AND COLLEGE,Cleaning,5,10,S,4577
2021-01-20,501,18:09,Wednesday,NEVILLE PARK LOOP,Mechanical,10,20,W,4447
2021-01-20,501,20:03,Wednesday,QUEEN AND BAY,Operations,8,16,E,4500
2021-01-20,501,20:03,Wednesday,QUEEN AND BAY,Operations,8,16,E,4500
2021-01-20,505,20:59,Wednesday,DUNDAS AND YONGE,Cleaning,8,17,W,4540
2021-01-20,501,22:58,Wednesday,MCCAUL LOOP,Held By,10,20,,4422
2021-01-20,506,23:08,Wednesday,COLLEGE AND MCCAUL,General Delay,21,28,W,4505
2021-01-20,510,00:13,Wednesday,SPADINA AND BLOOR,Mechanical,7,14,N,8797
2021-01-20,501,00:17,Wednesday,QUEEN AND MASSEY,Security,6,12,W,1267
2021-01-20,501,00:59,Wednesday,QUEEN AND ONTARIO,Security,6,16,E,4548
2021-01-20,505,01:39,Wednesday,BROADVIEW STATION,Emergency Services,10,20,,4464
2021-01-21,501,02:21,Thursday,LAKESHORE AND KIPLING,Emergency Services,6,12,W,8522
2021-01-21,301,02:22,Thursday,QUEEN AND MASSEY,Security,6,12,E,1091
2021-01-21,501,02:45,Thursday,RUSSELL YARD,Emergency Services,0,0,W,4523
2021-01-21,506,05:17,Thursday,MAIN STREET STATION,Mechanical,12,0,W,1248
2021-01-21,504,05:33,Thursday,KING AND SACKVILLE,Operations,6,12,E,4456
2021-01-21,501,06:14,Thursday,CONNAUGHT AND QUEEN,Emergency Services,0,0,S,4536
2021-01-21,501,06:49,Thursday,JARVIS AND RICHMOND,Mechanical,6,12,E,8510
2021-01-21,501,07:24,Thursday,THE QUEENSWAY AND WIND,Mechanical,7,14,W,3127
2021-01-21,512,08:49,Thursday,ST CLAIR AND YONGE,Collision - TTC Involved,5,10,W,4475
2021-01-21,511,10:21,Thursday,BATHURST STATION,Operations,7,14,S,4591
2021-01-21,506,12:28,Thursday,HIGH PARK LOOP,Emergency Services,8,16,,4504
2021-01-21,506,13:11,Thursday,GERRARD AND PARLIAMENT,Mechanical,5,10,W,8803
2021-01-21,501,13:52,Thursday,LONG BRANCH LOOP,Cleaning,6,12,E,3112
2021-01-21,501,14:38,Thursday,QUEEN AND DUFFERIN,Emergency Services,6,12,W,1345
2021-01-21,505,14:50,Thursday,DUNDAS AND BATHURST,Emergency Services,8,16,W,4460
2021-01-21,510,16:20,Thursday,QUEEN'S QUAY AND REES,Mechanical,10,20,S,4457
2021-01-21,501,17:58,Thursday,LONG BRANCH LOOP,Mechanical,6,12,E,1050
2021-01-21,555,18:28,Thursday,RUSSELL YARD,Operations,0,0,,4482
2021-01-21,505,18:30,Thursday,DUNDAS WEST STATION,Emergency Services,8,16,E,4510
2021-01-21,504,18:31,Thursday,KING AND ST LAWRENCE,Held By,4,9,W,4408
2021-01-21,510,18:32,Thursday,SPADINA STATION,Mechanical,10,14,S,4584
2021-01-21,501,18:34,Thursday,QUEEN AND SPADINA,Security,6,12,W,1626
2021-01-21,505,19:45,Thursday,DUNDAS AND SHERBOURNE,Held By,10,20,E,4592
2021-01-21,506,20:46,Thursday,GERRARD AND COXWELL,Investigation,44,50,B,3538
2021-01-21,501,21:26,Thursday,QUEEN AND UNIVERSITY,Security,32,40,W,4500
2021-01-21,505,23:05,Thursday,DUNDAS WEST STATION,Cleaning,10,20,W,4592
2021-01-21,501,00:33,Thursday,LONG BRANCH LOOP,Cleaning,6,12,E,3167
2021-01-21,501,01:15,Thursday,RIVER AND KING,Emergency Services,3,9,N,3151
2021-01-21,506,01:36,Thursday,GERRARD AND WOODFIELD,Investigation,10,20,E,8706
2021-01-21,505,01:49,Thursday,DUNDAS WEST STATION,Emergency Services,10,20,,4511
2021-01-22,301,04:51,Friday,CHURCH AND QUEEN,Emergency Services,10,40,S,4448
2021-01-22,501,07:24,Friday,LONG BRANCH LOOP,Mechanical,8,16,,9224
2021-01-22,501,08:19,Friday,QUEEN W AND GLADSTONE,Mechanical,7,14,W,1128
2021-01-22,504,10:13,Friday,KING AND DUFFERIN,General Delay,10,16,E,4500
2021-01-22,501,10:33,Friday,QUEEN AND DUFFERIN,Mechanical,7,14,W,8964
2021-01-22,504,13:03,Friday,HOWARD PARK AND RONCES,Cleaning,5,10,W,1132
2021-01-22,504,13:24,Friday,SPRINGHURT LOOP,Emergency Services,22,27,E,4493
2021-01-22,501,13:42,Friday,LAKE SHORE AND TWENTY,Collision - TTC Involved,6,12,W,1061
2021-01-22,501,13:56,Friday,QUEEN AND YONGE,Mechanical,6,12,W,3173
2021-01-22,505,14:49,Friday,DUNDAS AND LANSDOWNE,Operations,8,16,E,4514
2021-01-22,501,15:48,Friday,MCCAUL AND DUNDAS,Emergency Services,7,14,W,4458
2021-01-22,505,16:12,Friday,DUNDAS WEST STATION,Operations,7,15,E,4429
2021-01-22,511,16:42,Friday,BATHURST STATION,Emergency Services,8,16,S,4575
2021-01-22,505,17:31,Friday,DUNDAS AND LANSDOWNE,Cleaning,8,16,E,4578
2021-01-22,501,17:49,Friday,QUEEN AND SOHO,Cleaning,7,14,E,3147
2021-01-22,510,19:43,Friday,SPADINA LOOP,Operations,10,20,N,4573
2021-01-22,512,20:43,Friday,LESLIE AND COMMISSIONE,Security,0,0,S,4465
2021-01-22,504,21:25,Friday,KING AND RONCESVALLES,Mechanical,7,13,W,1633
2021-01-22,505,21:35,Friday,DUNDAS AND LANSDOWNE,Emergency Services,10,20,E,4593
2021-01-22,505,22:12,Friday,DUNDAS WEST STATION,Cleaning,10,20,E,4514
2021-01-22,510,22:17,Friday,SPADINA STATION - SPAR,Cleaning,9,18,,4439
2021-01-22,504,23:50,Friday,KING AND SUDBURY,Mechanical,8,15,W,1086
2021-01-22,505,01:00,Friday,BROADVIEW STATION,Cleaning,10,20,,4423
2021-01-22,504,01:35,Friday,KING AND DUFFERIN,Emergency Services,10,20,N,4432
2021-01-23,510,02:31,Saturday,SPADINA AND QUEEN,Cleaning,15,30,,4498
2021-01-23,306,02:36,Saturday,GERRARD AND PARLIAMENT,Mechanical,10,20,,3755
2021-01-23,306,02:43,Saturday,COLLEGE AND OSSINGTON,Mechanical,8,18,W,4563
2021-01-23,304,02:55,Saturday,KING AND SPADINA,Utilized Off Route,7,15,E,4556
2021-01-23,510,06:52,Saturday,SPADINA AND SUSSEX,Mechanical,90,93,N,4534
2021-01-23,501,06:57,Saturday,QUEEN AND BERKELEY,Utilized Off Route,7,15,W,1586
2021-01-23,506,07:05,Saturday,PARLIAMENT AND GERRARD,Utilized Off Route,9,18,E,8766
2021-01-23,504,09:44,Saturday,KING AND SUDBURY,Utilized Off Route,7,14,W,1553
2021-01-23,510,09:49,Saturday,SPADINA AND KING,Mechanical,3,6,W,4576
2021-01-23,510,10:01,Saturday,SPADINA AND KING,Held By,3,7,W,4494
2021-01-23,512,10:03,Saturday,BATHURST AND ST CLAIR,General Delay,5,10,E,4591
2021-01-23,510,11:14,Saturday,SPADINA AND WILLCOCKS,General Delay,5,10,N,4597
2021-01-23,504,11:46,Saturday,DUNDAS WEST STATION,Operations,6,12,E,1003
2021-01-23,510,12:24,Saturday,SPADINA AND QUEEN'S QU,Operations,4,8,S,4444
2021-01-23,506,13:50,Saturday,GERRARD AND ASHDALE,Cleaning,5,10,W,8766
2021-01-23,504,14:02,Saturday,PARLIAMENT AND DUNDAS,Investigation,9,17,S,4406
2021-01-23,501,14:13,Saturday,QUEEN AND TECUMSETH,Mechanical,4,8,E,1092
2021-01-23,504,14:20,Saturday,KING AND COWAN,Operations,5,9,W,1062
2021-01-23,501,14:25,Saturday,WOODBINE ROAD LOOP,Emergency Services,4,8,E,4443
2021-01-23,511,14:30,Saturday,BATHURST AND LENNOX,Held By,9,15,S,4530
2021-01-23,501,14:38,Saturday,QUEEN AND JARVIS,Cleaning,4,8,E,8588
2021-01-23,506,14:53,Saturday,MAIN STREET STATION,Cleaning,5,10,E,3474
2021-01-23,504,15:51,Saturday,KING AND PETER,Mechanical,14,18,W,4500
2021-01-23,506,16:13,Saturday,GERRARD AND SUMACH,Security,5,9,W,3463
2021-01-23,504,16:25,Saturday,SPRINGHURST LOOP,Security,15,19,E,4537
2021-01-23,504,16:34,Saturday,RONCESVALLES AND HIGH,Mechanical,4,9,S,1046
2021-01-23,506,16:50,Saturday,GERRARD AND BROADVIEW,Held By,8,16,W,4595
2021-01-23,501,16:55,Saturday,QUEEN AND NEVILLE,Cleaning,10,20,E,4594
2021-01-23,506,18:13,Saturday,COLLEGE AND LASNDOWNE,Operations,9,18,W,4489
2021-01-23,512,18:40,Saturday,ST CLAIR AND OAKWOOD,Investigation,8,13,W,4578
2021-01-23,505,20:11,Saturday,DUNDAS AND COLLEGE,Overhead,7,14,W,4504
2021-01-23,505,20:16,Saturday,LESLIE AND LAKESHORE,Emergency Services,0,0,S,4574
2021-01-23,506,20:22,Saturday,DUNDAS AND PARLIAMENT,Mechanical,58,67,W,4531
2021-01-23,511,20:34,Saturday,BATHURST AND KING,Security,13,20,S,4589
2021-01-23,506,20:42,Saturday,DUNDAS AND COLLEGE,Operations,152,159,E,4469
2021-01-23,501,21:16,Saturday,LAKESHORE AND PARKLAWN,Mechanical,6,12,E,1329
2021-01-23,512,21:18,Saturday,ST CLAIR STATION,Cleaning,8,16,W,4502
2021-01-23,512,21:22,Saturday,ST CLAIR AND BATHURST,Utilized Off Route,9,18,E,4414
2021-01-23,504,21:22,Saturday,KING AND DUFFERIN,Security,9,18,N,4575
2021-01-23,501,21:30,Saturday,LAKESHORE AN PARK LAWN,Utilized Off Route,7,14,W,1409
2021-01-23,501,22:27,Saturday,QUEEN AND BROADVIEW,Cleaning,10,20,W,4501
2021-01-23,511,22:54,Saturday,LESLIE AND LAKESHORE,Emergency Services,0,0,S,4450
2021-01-23,506,23:00,Saturday,DUNDAS AND COLLEGE,Held By,12,20,E,4585
2021-01-23,505,23:46,Saturday,DUNDAS AND STERLING,Mechanical,10,20,W,4510
2021-01-24,501,06:20,Sunday,QUEEN AND GLEN MANOR,Mechanical,10,20,W,4462
2021-01-24,501,07:12,Sunday,QUEEN AND LESLIE,Mechanical,10,20,E,4418
2021-01-24,505,07:29,Sunday,BROADVIEW STATION,Security,10,20,,4533
2021-01-24,506,10:03,Sunday,BROADVIEW AND GERRARD,Overhead,8,16,S,4554
2021-01-24,505,10:07,Sunday,BROADVIEW AND GERRARD,Held By,46,54,W,4470
2021-01-24,504,10:11,Sunday,BROADVIEW AND GERRARD,Held By,6,48,W,4440
2021-01-24,504,10:53,Sunday,KING AND YORK,Security,6,16,E,4582
2021-01-24,511,12:02,Sunday,BATHURST STATION,Mechanical,8,16,N,4404
2021-01-24,501,14:13,Sunday,THE QUEENSWAY AND RONC,Operations,7,14,E,8529
2021-01-24,505,14:55,Sunday,DUNDAS AND PARLIAMENT,Held By,14,21,W,4477
2021-01-24,506,14:58,Sunday,DUNDAS AND PARLIAMENT,Held By,12,20,W,4469
2021-01-24,511,17:42,Sunday,BATHURST STATION,Operations,7,14,S,4587
2021-01-24,511,17:57,Sunday,BATHURST STATION,Operations,7,14,S,4516
2021-01-24,509,18:19,Sunday,FLEET AND BATHURST,Mechanical,10,20,E,4456
2021-01-24,511,18:39,Sunday,BATHURST STATION,Operations,7,14,S,4528
2021-01-24,504,21:28,Sunday,BROADVIEW AND QUEEN,Operations,10,20,S,4574
2021-01-24,506,21:58,Sunday,MAIN STATION,Operations,10,20,W,3448
2021-01-24,501,22:24,Sunday,QUEEN AND DUFFERIN,Cleaning,7,15,E,9217
2021-01-24,501,22:30,Sunday,LONG BRANCH LOOP,Operations,20,27,E,1037
2021-01-24,510,22:45,Sunday,SPADINA AND SUSSEX,Security,10,20,S,4500
2021-01-24,511,22:49,Sunday,BATHURST AND KING,Operations,20,30,S,4488
2021-01-24,504,23:01,Sunday,KING AND SPADINA,Held By,9,14,W,4584
2021-01-24,511,23:09,Sunday,BATHURST AND QUEEN,Investigation,35,45,S,4580
2021-01-24,501,23:15,Sunday,QUEEN AND BATHURST,Utilized Off Route,7,15,W,1117
2021-01-24,501,01:24,Sunday,KING AND RIVER,Emergency Services,8,16,E,1037
2021-01-24,504,01:48,Sunday,KING AND JAMESON,Investigation,9,18,W,1133
2021-01-25,506,03:18,Monday,MAIN STATION,Mechanical,30,60,W,3172
2021-01-25,306,06:25,Monday,RONCESVALLES AND QUEEN,Security,0,0,,4545
2021-01-25,512,06:38,Monday,ST CLAIR AND LANSDOWNE,Operations,6,12,W,4535
2021-01-25,504,11:23,Monday,KING AND SUDBURY,Collision - TTC Involved,5,10,E,1614
2021-01-25,501,12:58,Monday,PARKLAWN LOOP,Cleaning,7,14,E,1139
2021-01-25,501,13:08,Monday,QUEEN AND WINEVA,Mechanical,45,56,W,4459
2021-01-25,512,13:35,Monday,ST CLAIR AND ROBINA,Operations,5,10,W,4473
2021-01-25,501,14:57,Monday,QUEEN AND BAY,Cleaning,8,16,W,8547
2021-01-25,501,15:03,Monday,QUEENSWAY AND COLBOURN,Mechanical,7,14,E,1625
2021-01-25,504,16:10,Monday,CHURCH AND N OF KING,Security,6,12,N,4555
2021-01-25,501,17:01,Monday,QUEEN AND PARLIAMENT,Held By,42,52,W,4447
2021-01-25,505,19:10,Monday,LANSDOWNE AND DUNDAS,Emergency Services,8,17,N,4592
2021-01-25,506,19:53,Monday,COLLEGE AND LANSDOWNE,Held By,9,15,W,4453
2021-01-25,504,20:12,Monday,KING AND JAMESON,Diversion,7,14,,1017
2021-01-25,504,20:24,Monday,BROADVIEW STATION,Investigation,5,10,W,4564
2021-01-25,505,20:28,Monday,DUNDAS AND YONGE,Security,5,13,W,4410
2021-01-25,509,21:09,Monday,QUEEN'S QUAY AND SIMCO,Held By,5,15,W,4527
2021-01-25,510,21:10,Monday,QUEENS QUAY AND LOWER,Held By,5,15,W,4439
2021-01-25,501,22:46,Monday,MCCAUL LOOP,Cleaning,5,14,E,4486
2021-01-26,505,05:15,Tuesday,DUNDAS AND OSSINGTON,Operations,58,67,E,4523
2021-01-26,306,05:32,Tuesday,DUNDAS WEST STATION,Emergency Services,30,60,E,4511
2021-01-26,504,06:36,Tuesday,PARLIAMENT AND GERRARD,Operations,6,12,S,4586
2021-01-26,506,07:08,Tuesday,GERRARD AND BROADVIEW,Overhead,7,14,W,4595
2021-01-26,506,07:30,Tuesday,GERRARD AND BROADVIEW,Held By,4,8,N,1333
2021-01-26,506,07:38,Tuesday,BROADVIEW AND GERRARD,Overhead,15,22,S,4590
2021-01-26,504,07:48,Tuesday,BROADVIEW AND GERRARD,Held By,15,21,S,4535
2021-01-26,501,08:29,Tuesday,LONG BRANCH LOOP,Security,7,14,W,1000
2021-01-26,501,09:20,Tuesday,QUEEN AND JARVIS,Cleaning,7,14,E,1354
2021-01-26,511,10:30,Tuesday,BATHURST STATION,Operations,7,14,N,4448
2021-01-26,506,11:15,Tuesday,COLLEGE AND LANSDOWNE,Operations,7,14,W,4548
2021-01-26,506,11:23,Tuesday,GERRARD AND WOODBINE,Mechanical,5,10,W,8796
2021-01-26,504,12:02,Tuesday,SHAW AND KING,Emergency Services,6,12,N,4451
2021-01-26,512,12:14,Tuesday,OAKWOOD LOOP,Operations,5,10,W,4557
2021-01-26,506,13:41,Tuesday,MAIN STREET STATION,Operations,5,10,W,3427
2021-01-26,555,13:44,Tuesday,RONCESVALLES CARHOUSE,Operations,0,0,,0
2021-01-26,503,14:04,Tuesday,KINGSTON AND GLEN MANO,Operations,10,20,W,4531
2021-01-26,503,14:32,Tuesday,QUEEN AND WOODFIELD,Operations,10,20,E,4464
2021-01-26,511,14:59,Tuesday,BATHURST STATION,Operations,7,14,W,4484
2021-01-26,504,15:23,Tuesday,QUEEN AND RONCESVALLES,Mechanical,4,9,W,1208
2021-01-26,501,15:34,Tuesday,QUEEN AND OSSINGTON,Cleaning,7,14,N,1416
2021-01-26,501,16:16,Tuesday,QUEEN AND JARVIS,Mechanical,6,12,W,1000
2021-01-26,503,16:19,Tuesday,KING AND BAY,Held By,10,20,E,4496
2021-01-26,506,16:28,Tuesday,GERRARD AND MAIN,Collision - TTC Involved,6,12,E,3464
2021-01-26,505,19:01,Tuesday,BROADVIEW AND DUNDAS,Operations,7,15,W,4480
2021-01-26,510,19:29,Tuesday,SPADINA STATION,Security,28,33,N,4428
2021-01-26,505,19:49,Tuesday,BROADVIEW STATION,Cleaning,4,9,E,4500
2021-01-26,501,20:09,Tuesday,QUEEN AND JARVIS,Cleaning,7,14,W,8543
2021-01-26,505,20:18,Tuesday,FLEET LOOP,Operations,8,17,E,4550
2021-01-26,501,20:57,Tuesday,QUEEN AND CHURCH,Operations,8,16,E,4594
2021-01-26,504,22:06,Tuesday,KING AND SPADINA,Held By,8,13,W,4568
2021-01-26,504,22:10,Tuesday,KING AND NIAGARA,Held By,10,15,E,4445
2021-01-26,504,22:50,Tuesday,DISTILLERY LOOP,Cleaning,5,10,W,4571
2021-01-26,505,00:26,Tuesday,BROADVIEW STATION,Cleaning,6,12,,4480
2021-01-26,504,00:49,Tuesday,DUFFERIN AND KING,Emergency Services,5,10,N,4571
2021-01-27,504,02:02,Wednesday,KING AND SHAW,Security,7,14,E,1024
2021-01-27,301,02:52,Wednesday,QUEEN AND VICTORIA,Security,11,31,W,1626
2021-01-27,505,05:15,Wednesday,RONCESVALLES YARD,Mechanical,10,19,W,4429
2021-01-27,506,06:00,Wednesday,RONCEVALLES AND QUEEN,Utilized Off Route,3,6,E,1095
2021-01-27,501,07:15,Wednesday,BROWN'S LINE AND LAKES,Security,7,14,W,3156
2021-01-27,504,07:37,Wednesday,KING AND SUDBURY,Utilized Off Route,3,6,E,1254
2021-01-27,501,07:59,Wednesday,NEVILLE LOOP,Held By,150,158,,4450
2021-01-27,506,08:10,Wednesday,MAIN STATION,Mechanical,12,24,,8592
2021-01-27,512,08:24,Wednesday,ST CLAIR AND CHRISTIE,Operations,10,20,E,4414
2021-01-27,506,10:15,Wednesday,RONCESVALLES YARD,Held By,7,14,E,4564
2021-01-27,506,10:21,Wednesday,RONCESVALLES YARD,Held By,7,14,E,4446
2021-01-27,506,10:25,Wednesday,RONCESVALLES YARD,Held By,7,14,E,4504
2021-01-27,506,10:28,Wednesday,RONCESVALLES YARD,Held By,7,15,E,4573
2021-01-27,506,10:33,Wednesday,RONCESVALLES YARD,Held By,7,11,E,4443
2021-01-27,506,10:36,Wednesday,RONCESVALLES YARD,Held By,4,7,E,4415
2021-01-27,506,10:40,Wednesday,RONCESVALLES YARD,Held By,8,16,E,4501
2021-01-27,506,10:43,Wednesday,RONCESVALLES YARD,Held By,8,16,E,4455
2021-01-27,506,10:50,Wednesday,RONCESVALLES YARD,Held By,8,16,E,4581
2021-01-27,501,11:12,Wednesday,RONCESVALLES AND QUEEN,Mechanical,7,14,,8489
2021-01-27,504,11:14,Wednesday,QUEEN AND KING (W OF D,Operations,16,23,W,4469
2021-01-27,506,11:16,Wednesday,RONCESVALLES YARD,Held By,8,15,E,0
2021-01-27,506,11:21,Wednesday,RONCESVALLES YARD,Held By,3,7,E,0
2021-01-27,501,11:22,Wednesday,QUEEN AND CARROLL,Held By,10,18,W,4515
2021-01-27,506,12:00,Wednesday,RONCESVALLES YARD,Held By,7,14,E,0
2021-01-27,512,12:08,Wednesday,ST CLAIR AND BATHURST,Operations,10,20,E,4442
2021-01-27,510,13:09,Wednesday,SPADINA AND QUEEN'S QU,Cleaning,5,10,S,4558
2021-01-27,504,13:18,Wednesday,QUEEN AND RIVER,Held By,60,66,W,4454
2021-01-27,501,13:18,Wednesday,QUEEN AND RIVER,Held By,49,65,W,4460
2021-01-27,503,13:18,Wednesday,QUEEN AND RIVER,Held By,51,61,W,4485
2021-01-27,510,13:45,Wednesday,CNE LOOP,Cleaning,10,20,W,4486
2021-01-27,510,13:46,Wednesday,QUEENS QUAY AND SPADIN,Cleaning,5,10,N,4498
2021-01-27,510,14:02,Wednesday,QUEENS QUAY AND SPADIN,Cleaning,5,10,S,4529
2021-01-27,510,14:29,Wednesday,QUEENS QUAY AND SPADIN,Cleaning,5,10,S,1429
2021-01-27,501,14:59,Wednesday,QUEEN AND PARLIAMENT,Operations,7,14,E,1031
2021-01-27,510,15:09,Wednesday,QUEENS QUAY AND SPADIN,Cleaning,5,10,S,4561
2021-01-27,510,15:16,Wednesday,QUEENS QUAY AND SPADIN,Cleaning,5,10,S,4591
2021-01-27,510,15:21,Wednesday,QUEENS QUAY AND LOWER,Cleaning,5,10,S,4538
2021-01-27,506,15:45,Wednesday,MAIN STREET STATION,Mechanical,6,12,E,3528
2021-01-27,511,15:57,Wednesday,BATHURST STATION,Emergency Services,6,12,S,4554
2021-01-27,504,16:04,Wednesday,KING AND STRACHAN,Cleaning,4,9,W,1258
2021-01-27,501,16:46,Wednesday,CONNAUGHT AND QUEEN,Operations,7,14,,4522
2021-01-27,505,17:12,Wednesday,BROADVIEW STATION,Held By,7,15,E,4438
2021-01-27,509,17:42,Wednesday,EXHIBITION LOOP,Operations,8,16,E,4473
2021-01-27,510,17:50,Wednesday,SPADINA STATION,Operations,5,10,S,4561
2021-01-27,501,18:05,Wednesday,QUEEN AND JARVIS,Mechanical,7,14,E,8620
2021-01-27,501,18:05,Wednesday,QUEEN AND JARVIS,Mechanical,7,14,E,8620
2021-01-27,501,18:25,Wednesday,QUEEN AND DUFFERIN,Investigation,20,30,E,9201
2021-01-27,501,20:52,Wednesday,QUEEN AND CARLAW,Mechanical,28,37,E,4522
2021-01-27,506,21:10,Wednesday,RONCESVALLES AND HOWAR,Operations,37,43,E,4552
2021-01-27,504,21:38,Wednesday,KING AND ATLANTIC,Emergency Services,27,42,W,4550
2021-01-27,506,22:50,Wednesday,PARLIAMENT N OF DUNDAS,Overhead,6,12,N,4595
2021-01-27,512,23:16,Wednesday,OAKWOOD LOOP,Cleaning,10,20,,4545
2021-01-27,501,23:19,Wednesday,QUEEN AND CARLAW,Utilized Off Route,8,16,E,9234
2021-01-27,504,23:59,Wednesday,KING AND PARLIMENT (WE,Security,10,15,E,4569
2021-01-27,510,01:13,Wednesday,SPADINA AND QUEEN'S QU,Operations,10,20,,0
2021-01-28,511,07:00,Thursday,QUEEN AND BROADVIEW,Mechanical,73,80,W,4417
2021-01-28,501,07:12,Thursday,QUEEN AND BOULTON,Held By,61,68,W,4445
2021-01-28,510,07:35,Thursday,SPADINA STATION,Overhead,5,9,N,4442
2021-01-28,503,08:01,Thursday,KINGSTON AND QUEEN,Held By,62,72,E,4524
2021-01-28,501,08:12,Thursday,QUEEN AND UNIVERSITY,Mechanical,6,12,E,1146
2021-01-28,506,08:25,Thursday,COLLEGE AND EUCLID,Collision - TTC Involved,47,54,E,4489
2021-01-28,512,10:12,Thursday,ST CLAIR WEST STATION,Emergency Services,5,10,,4574
2021-01-28,501,11:30,Thursday,QUEEN AND JAMESON,Operations,6,12,E,1532
2021-01-28,506,12:27,Thursday,PARLIAMENT AND DUNDAS,Overhead,97,104,N,4577
2021-01-28,510,13:30,Thursday,SPADINA AND QUEEN'S QU,Cleaning,5,10,S,4488
2021-01-28,510,13:54,Thursday,SPADINA STATION,Cleaning,5,10,N,4550
2021-01-28,501,14:01,Thursday,QUEENSWAY AND RONCESVA,Mechanical,7,14,E,3115
2021-01-28,510,14:36,Thursday,SPADINA AND QUEEN'S QU,Cleaning,5,10,S,4407
2021-01-28,510,15:05,Thursday,SPADINA AND QUEEN'S QU,Cleaning,5,10,S,4530
2021-01-28,510,15:09,Thursday,SPADINA AND QUEEN'S QU,Cleaning,5,10,N,4543
2021-01-28,510,15:14,Thursday,SPADINA AND QUEENS QUA,Cleaning,5,10,S,4494
2021-01-28,506,15:24,Thursday,BROADVIEW AND GERRARD,Utilized Off Route,5,10,W,8795
2021-01-28,506,15:29,Thursday,GERRARD AND RIVER,Utilized Off Route,5,10,N,3521
2021-01-28,504,15:29,Thursday,KING AND STRACHAN,Utilized Off Route,4,9,W,1075
2021-01-28,504,16:36,Thursday,PARLIAMENT AND KING,Operations,7,14,N,4400
2021-01-28,504,19:15,Thursday,KING AND SUMACH,Late,8,17,W,4536
2021-01-28,501,22:32,Thursday,QUEEN AND RIVER,Security,6,12,W,8568
2021-01-28,505,22:33,Thursday,DUNDAS AND CHURCH,Emergency Services,6,12,N,4469
2021-01-28,506,22:45,Thursday,GERRARD AND BROADVIEW,Cleaning,6,12,W,1579
2021-01-28,506,01:25,Thursday,GERRARD AND PARLIAMENT,Mechanical,6,12,W,3750
2021-01-29,505,02:11,Friday,DUNDAS WEST STATION,Mechanical,6,12,,4573
2021-01-29,306,03:07,Friday,CARLTON AND SHERBOURNE,Overhead,9,18,W,4601
2021-01-29,501,03:11,Friday,LONG BRANCH LOOP,Emergency Services,0,0,,8535
2021-01-29,506,05:19,Friday,CARLTON AND ONTARIO,Held By,9,18,W,4598
2021-01-29,506,05:40,Friday,WOODBINE AND KINGSTON,Operations,285,291,W,1236
2021-01-29,506,05:50,Friday,LOWER GERRARD AND COXW,Emergency Services,285,291,,0
2021-01-29,501,06:07,Friday,QUEEN AND OSSINGTON,Security,10,20,W,8541
2021-01-29,506,10:31,Friday,MAIN STREET STATION,Operations,5,10,W,8913
2021-01-29,501,11:06,Friday,LAKESHORE AND 37 ST,Collision - TTC Involved,10,20,W,1409
2021-01-29,501,12:14,Friday,QUEEN AND BATHURST,Security,8,16,W,1122
2021-01-29,504,14:37,Friday,QUEEN AND LESLIE,Operations,6,12,E,4559
2021-01-29,501,14:41,Friday,QUEEN AND CHURCH,Mechanical,35,42,W,8952
2021-01-29,506,15:07,Friday,COLLEGE AND YONGE,Operations,9,18,E,4548
2021-01-29,504,15:33,Friday,DUNDAS WEST STATION,Mechanical,5,10,W,1103
2021-01-29,501,15:41,Friday,QUEEN AND DUFFERIN,Mechanical,7,14,E,1090
2021-01-29,504,16:00,Friday,BROADVIEW AND QUEEN,Operations,6,12,E,4443
2021-01-29,505,16:18,Friday,DUNDAS AND BAY,Operations,8,16,W,4530
2021-01-29,506,16:36,Friday,COLLEGE AND LANSDOWNE,Operations,8,16,W,4549
2021-01-29,501,16:46,Friday,LAKE SHORE AND SUPERIO,Emergency Services,7,14,W,1329
2021-01-29,509,17:01,Friday,CNE LOOP,Security,8,16,,4594
2021-01-29,501,18:29,Friday,QUEEN AND WOODFIELD,Operations,10,20,W,4463
2021-01-29,509,18:39,Friday,QUEEN'S QUAY STATION,Security,8,16,S,4481
2021-01-29,501,18:41,Friday,PARKLAWN LOOP,Mechanical,7,14,E,9235
2021-01-29,501,18:59,Friday,QUEEN AND YONGE,Operations,7,14,W,1625
2021-01-29,501,19:10,Friday,QUEEN AND CHURCH,Mechanical,10,20,W,4401
2021-01-29,505,19:18,Friday,DUNDAS AND UNIVERSTIY,Security,20,28,W,4523
2021-01-29,505,19:32,Friday,GERRARD AND RIVER,Utilized Off Route,5,10,W,1236
2021-01-29,501,19:33,Friday,MCCAUL AND STEPHANIE,Emergency Services,10,20,N,4536
2021-01-29,505,20:15,Friday,DUNDAS AND PARLIAMENT,Emergency Services,9,17,S,4597
2021-01-29,506,20:43,Friday,CARLTON AND SHERBOURNE,Operations,19,25,W,4501
2021-01-29,511,22:20,Friday,BATHURST STATION,Cleaning,4,9,S,4529
2021-01-29,511,22:56,Friday,FLEET LOOP,Emergency Services,9,18,E,4441
2021-01-29,506,23:32,Friday,COLLEGE AND BORDEN,Operations,10,20,W,4404
2021-01-29,512,00:20,Friday,ST CLAIR STATION,Cleaning,10,20,E,4535
2021-01-29,510,00:36,Friday,CHARLOTTE LOOP,Emergency Services,9,18,,4418
2021-01-29,501,00:39,Friday,QUEEN AND RIVER,Mechanical,6,12,W,9208
2021-01-29,306,01:26,Friday,HIGH PARK LOOP,Operations,9,18,,4465
2021-01-29,301,01:52,Friday,NEVILLE PARK LOOP,Utilized Off Route,10,19,E,4579
2021-01-30,506,06:25,Saturday,MAIN STREET STATION,Operations,9,18,W,0
2021-01-30,511,06:52,Saturday,EXHIBITION LOOP,Mechanical,9,18,N,4405
2021-01-30,501,07:56,Saturday,QUEEN AND VICTORIA,Cleaning,7,14,E,3142
2021-01-30,504,08:05,Saturday,SPRINGHURST LOOP,Mechanical,8,16,E,1000
2021-01-30,501,08:07,Saturday,LAKE SHORE AND KIPLING,Mechanical,7,15,W,3174
2021-01-30,506,09:03,Saturday,GERRARD AND BROADVIEW,Utilized Off Route,7,14,W,3464
2021-01-30,501,09:25,Saturday,QUEEN AND WOODFIELD,Operations,8,17,W,4458
2021-01-30,511,09:52,Saturday,BATHURST STATION,Rail/Switches,8,16,S,4491
2021-01-30,512,09:54,Saturday,ST CLAIR STATION,Operations,5,10,W,4562
2021-01-30,511,10:01,Saturday,EXHIBITION LOOP,Rail/Switches,8,16,N,4461
2021-01-30,512,10:02,Saturday,ST CLAIR WEST STATION,Operations,5,10,E,4602
2021-01-30,506,11:04,Saturday,COLLEGE AND YONGE,Operations,7,14,E,4527
2021-01-30,506,11:09,Saturday,HIGH PARK LOOP,Operations,8,16,E,4442
2021-01-30,501,11:54,Saturday,QUEEN AND LESLIE,Operations,8,16,E,4463
2021-01-30,506,11:57,Saturday,COLLEGE AND OSSINGTON,Held By,42,49,W,4527
2021-01-30,505,12:34,Saturday,DUNDAS AND BROADVIEW,Operations,7,14,W,0
2021-01-30,504,13:20,Saturday,KING AND SUMACH,Operations,4,8,W,4570
2021-01-30,501,13:24,Saturday,KING AND SUMACH,Mechanical,4,8,E,8590
2021-01-30,504,14:30,Saturday,KING AND SPADINA,Security,4,8,E,4451
2021-01-30,504,14:52,Saturday,KING AND STRACHAN,Held By,14,18,E,4566
2021-01-30,506,15:34,Saturday,COLLEGE AND BATHURST,Operations,7,14,W,4587
2021-01-30,501,16:05,Saturday,QUEEN AND OSSINGTON,Mechanical,5,10,W,9207
2021-01-30,512,16:35,Saturday,ST CLAIR AND VAUGHAN,Cleaning,5,10,W,4574
2021-01-30,506,16:47,Saturday,HIGH PARK LOOP,Cleaning,4,7,E,4506
2021-01-30,555,16:57,Saturday,ROXTON AND DUNDAS,General Delay,0,0,N,0
2021-01-30,504,17:44,Saturday,KING AND SUMACH,Operations,4,8,E,4451
2021-01-30,504,18:00,Saturday,KING AND SHAW,Cleaning,5,10,E,1273
2021-01-30,504,18:08,Saturday,KING AND SUMACH,Operations,4,8,E,4566
2021-01-30,504,18:14,Saturday,KING AND STRACHAN,Cleaning,5,10,W,1128
2021-01-30,505,18:15,Saturday,DUNDAS AND DENISON,Security,7,14,W,4465
2021-01-30,506,18:17,Saturday,CARLTON AND SHERBOURNE,Operations,10,20,E,4516
2021-01-30,505,18:20,Saturday,DUNDAS AND BROADVIEW,Operations,7,14,W,4452
2021-01-30,510,18:33,Saturday,SPADINA STATION,Operations,5,10,N,4480
2021-01-30,511,18:48,Saturday,FLEET AND BATHURST,Operations,43,49,E,4441
2021-01-30,510,19:03,Saturday,SPADINA STATION,Operations,5,10,S,4603
2021-01-30,509,19:27,Saturday,BATHURST AND FLEET,Operations,43,53,E,4537
2021-01-30,512,19:40,Saturday,ST CLAIR STATION,Operations,8,16,E,4599
2021-01-30,511,20:04,Saturday,BATHURST AND FLEET,Operations,30,37,S,4534
2021-01-30,504,20:13,Saturday,BROADVIEW STATION,Operations,9,18,,4433
2021-01-30,505,20:16,Saturday,DUNDAS AND LANSDOWNE,Cleaning,7,14,E,4594
2021-01-30,512,20:20,Saturday,ST CLAIR AND KEELE,Held By,14,22,B,0
2021-01-30,501,20:31,Saturday,LAKESHORE AND ROYAL YO,Emergency Services,6,12,E,3165
2021-01-30,501,22:15,Saturday,QUEEN AND COXWELL,Investigation,8,18,E,4540
2021-01-30,504,22:42,Saturday,KING AND DUFFERIN,Mechanical,6,13,E,1004
2021-01-30,505,00:42,Saturday,BROADVIEW STATION,Mechanical,10,20,W,4594
2021-01-31,506,02:31,Sunday,CARLTON AND SHERBOURNE,Overhead,9,18,W,4442
2021-01-31,306,02:50,Sunday,CARLTON AND ONTARIO,Utilized Off Route,9,18,W,4523
2021-01-31,501,07:34,Sunday,LAKE SHORE AND TWENTY,Mechanical,8,17,E,1087
2021-01-31,505,09:00,Sunday,DUNDAS WEST STATION,Emergency Services,10,20,,4587
2021-01-31,505,09:04,Sunday,DUNDAS AND BLOOR,Security,8,16,N,4548
2021-01-31,504,10:55,Sunday,DUFFERIN AND LIBERTY,Held By,22,28,S,4513
2021-01-31,510,12:25,Sunday,QUEENS QUAY LOOP,General Delay,0,0,,0
2021-01-31,505,12:59,Sunday,DUNDAS AND LANSDOWNE,Operations,7,14,W,4470
2021-01-31,509,13:05,Sunday,LESLIE BARNS,Operations,7,9,W,0
2021-01-31,501,13:21,Sunday,MCCAUL LOOP,Emergency Services,16,21,,4579
2021-01-31,501,13:50,Sunday,LONG BRANCH LOOP,Investigation,7,14,,8483
2021-01-31,506,14:00,Sunday,MAIN STATION,Operations,5,10,W,1207
2021-01-31,501,15:48,Sunday,PARK LAWN AND LAKESHOR,Emergency Services,8,16,S,8510
2021-01-31,501,16:47,Sunday,THE QUEENSWAY AND COLB,Cleaning,8,16,E,1015
2021-01-31,705,17:11,Sunday,DUNDAS AND COLLEGE,Overhead,59,66,W,4444
2021-01-31,506,17:20,Sunday,COLLEGE AND LANSDOWNE,Overhead,48,55,E,4455
2021-01-31,501,17:26,Sunday,HUMBER LOOP,Utilized Off Route,8,16,W,1122
2021-01-31,501,17:31,Sunday,LAKESHORE AND WINDEMER,Utilized Off Route,8,16,E,9229
2021-01-31,505,17:35,Sunday,CHURCH AND DUNDAS,Security,10,20,S,4474
2021-01-31,510,17:37,Sunday,SPADINA AND COLLEGE,Mechanical,10,20,S,4595
2021-01-31,501,17:44,Sunday,QUEEN AND NEVILLE,Cleaning,7,14,W,4579
2021-01-31,504,18:33,Sunday,BROADVIEW STATION,Operations,8,16,W,4545
2021-01-31,511,19:56,Sunday,BATHURST AND HARBORD,Operations,33,42,S,4514
2021-01-31,506,20:07,Sunday,COLLEGE AND LANSDOWNE,Operations,9,18,W,4455
2021-01-31,501,20:17,Sunday,QUEENSWAY AND RONCESVA,Utilized Off Route,7,14,E,1380
2021-01-31,501,20:18,Sunday,QUEEN AND STRACHAN,Utilized Off Route,7,14,E,8483
2021-01-31,506,20:25,Sunday,COLLEGE AND CLINTON,Held By,56,65,E,4506
2021-01-31,512,22:10,Sunday,GUNN'S LOOP,Mechanical,5,10,E,4495
2021-01-31,501,22:43,Sunday,QUEEN AND BROADVIEW,Emergency Services,11,21,W,4579
2021-01-31,504,00:15,Sunday,KING AND SPADINA,Mechanical,3,8,W,4461
2021-01-31,510,00:41,Sunday,SPADINA STATION,Emergency Services,20,30,,4603
2021-01-31,501,00:46,Sunday,QUEEN AND CHURCH,Held By,13,23,W,4432
2021-01-31,510,01:23,Sunday,SPADINA AND COLLEGE,Cleaning,12,24,N,4403
