Report Date,Route,Time,Day,Location,Incident,Delay,Gap,Direction,Vehicle
2020-03-01,512,02:15:00,Sunday,St.Clair Station,Mechanical,7,14.0,W/B,4510.0
2020-03-01,306,02:46:00,Sunday,Dundas West and Roncesvalles,Investigation,39,54.0,S/B,4419.0
2020-03-01,304,04:04:00,Sunday,King and Shaw,Investigation,1,1.0,W/B,4498.0
2020-03-01,509,05:48:00,Sunday,Bathurst and King,Mechanical,10,0.0,S/B,4479.0
2020-03-01,504,10:07:00,Sunday,Distillery loop,Emergency Services,12,20.0,N/B,4429.0
2020-03-01,512,10:47:00,Sunday,St. Clair and Christie,Mechanical,8,15.0,E/B,4527.0
2020-03-01,510,12:47:00,Sunday,Spadina and Lakeshore,Mechanical,65,69.0,bw,4453.0
2020-03-01,509,12:55:00,Sunday,Queens Quay and Spadina,Held By,52,59.0,E/B,4495.0
2020-03-01,501,13:05:00,Sunday,Queen/Connaught,Mechanical,7,14.0,E/B,4446.0
2020-03-01,505,14:25:00,Sunday,Dundas and McCaul,Investigation,1,1.0,W/B,9228.0
2020-03-01,505,14:27:00,Sunday,Dundas west station,Mechanical,5,10.0,W/B,1109.0
2020-03-01,506,16:18:00,Sunday,Main Station,Mechanical,1,2.0,E/B,4430.0
2020-03-01,501,16:53:00,Sunday,Queen / Leslie,Investigation,7,21.0,W/B,4446.0
2020-03-01,501,17:01:00,Sunday,Queen / Lockwood,Mechanical,7,14.0,W/B,4424.0
2020-03-01,505,17:51:00,Sunday,Broadview and danforth,Investigation,5,10.0,E/B,1092.0
2020-03-01,506,18:48:00,Sunday,Main Station,Mechanical,1,2.0,W/B,4445.0
2020-03-01,504,19:28:00,Sunday,Roncesvalles and Westminister,Held By,8,18.0,E/B,4490.0
2020-03-01,511,19:48:00,Sunday,CNE LOOP,Emergency Services,9,18.0,N/B,4500.0
2020-03-01,501,20:17:00,Sunday,QUEEN AND CHURCH,Investigation,15,25.0,W/B,4424.0
2020-03-01,505,20:44:00,Sunday,DUNDAS WEST STN,Investigation,8,16.0,S/B,1103.0
2020-03-01,506,21:01:00,Sunday,College and Major,Mechanical,1,2.0,W/B,4576.0
2020-03-01,505,21:24:00,Sunday,DUNDAS AND SHERBOURNE,Investigation,8,16.0,W/B,1049.0
2020-03-01,501,21:56:00,Sunday,queen and dovercourt,Emergency Services,14,24.0,W/B,4476.0
2020-03-02,54,00:33:00,Monday,NEVILLE LOOP,Mechanical,10,20.0,W/B,4528.0
2020-03-02,501,04:35:00,Monday,Queen & connaught,Mechanical,12,26.0,W/B,4598.0
2020-03-02,512,05:00:00,Monday,Bathurst at St Claire,Late Leaving Garage,6,12.0,W/B,4506.0
2020-03-02,504,07:39:00,Monday,Jarvis and King,Investigation,31,12.0,E/B,4514.0
2020-03-02,504,09:13:00,Monday,Spadina and King,Mechanical,5,10.0,W/B,4560.0
2020-03-02,501,09:20:00,Monday,Queen & Gladstone,Emergency Services,11,17.0,W/B,4441.0
2020-03-02,512,09:55:00,Monday,St Clair/Earlscourt,Investigation,4,9.0,W/B,4545.0
2020-03-02,506,10:10:00,Monday,College and Dovercourt,Mechanical,8,16.0,W/B,4436.0
2020-03-02,504,14:08:00,Monday,Broadview / Langley,Investigation,7,72.0,N/B,4579.0
2020-03-02,505,14:10:00,Monday,Broadview and Langley,Investigation,4,8.0,S/B,1074.0
2020-03-02,501,14:24:00,Monday,Glendale / Queensway,Emergency Services,11,18.0,W/B,4461.0
2020-03-02,504,15:56:00,Monday,King / Charlotte,Mechanical,0,0.0,E/B,4560.0
2020-03-02,512,16:29:00,Monday,Oakwood and St.Clair,Investigation,3,8.0,W/B,4583.0
2020-03-02,504,20:59:00,Monday,King and Bathurst,Mechanical,8,16.0,E/B,4594.0
2020-03-03,501,05:07:00,Tuesday,Roncesvalles and The Queensway,Mechanical,14,23.0,W/B,4450.0
2020-03-03,505,05:49:00,Tuesday,Spadina,Emergency Services,73,77.0,E/B,1411.0
2020-03-03,506,06:21:00,Tuesday,Coxwell and Gerrard,Late Leaving Garage,10,0.0,E/B,4461.0
2020-03-03,505,06:59:00,Tuesday,DWS,Mechanical,4,8.0,E/B,8589.0
2020-03-03,506,08:51:00,Tuesday,Gerrard and Bowmore,Mechanical,1,2.0,W/B,4595.0
2020-03-03,505,08:59:00,Tuesday,University Ave,General Delay,14,18.0,E/B,1269.0
2020-03-03,504,09:00:00,Tuesday,King St Dufferin to Jarvis,General Delay,17,23.0,B/W,
2020-03-03,512,09:50:00,Tuesday,St Clair/Avenue Rd,Mechanical,4,8.0,W/B,4412.0
2020-03-03,506,09:53:00,Tuesday,Gerrard and Broadview,Mechanical,1,2.0,W/B,4581.0
2020-03-03,505,11:01:00,Tuesday,Ossington Ave,Investigation,4,8.0,W/B,8552.0
2020-03-03,504,12:25:00,Tuesday,Broadview and dundas,Held By,8,12.0,B/W,4504.0
2020-03-03,504,12:46:00,Tuesday,Dufferin loop,Mechanical,4,8.0,E/B,4572.0
2020-03-03,501,14:15:00,Tuesday,Neville Park,Mechanical,7,14.0,W/B,4425.0
2020-03-03,510,14:49:00,Tuesday,Spadina and Lakeshore,Mechanical,9,19.0,S/B,4492.0
2020-03-03,506,15:26:00,Tuesday,Upper Gerard and Norwood,Emergency Services,146,154.0,B/W,4600.0
2020-03-03,506,15:27:00,Tuesday,College and Yonge,Emergency Services,8,16.0,E/B,4602.0
2020-03-03,504,16:05:00,Tuesday,king and St.lawrence,Investigation,1,1.0,W/B,4400.0
2020-03-03,505,18:19:00,Tuesday,Dundas and Chestnut,Investigation,4,8.0,W/B,1081.0
2020-03-03,504,22:12:00,Tuesday,DUFFERIN LOOP,Mechanical,9,16.0,N/B,4594.0
2020-03-03,511,22:45:00,Tuesday,Bathurst St and Harbord St,Investigation,44,51.0,N/B,4543.0
2020-03-03,511,22:48:00,Tuesday,BATHURST AND QUEEN,Investigation,10,20.0,S/B,4553.0
2020-03-03,504,23:46:00,Tuesday,KING AND BATHURST,Utilized Off Route,10,20.0,W/B,4508.0
2020-03-04,512,05:08:00,Wednesday,Bathurst at St Claire,Late Leaving Garage,6,6.0,E/B,4466.0
2020-03-04,506,05:13:00,Wednesday,Coxwell/Gerrard,Mechanical,8,16.0,N/B,4432.0
2020-03-04,505,06:26:00,Wednesday,Broadview Station,Mechanical,4,8.0,W/B,8589.0
2020-03-04,501,06:45:00,Wednesday,Humber Loop,Mechanical,10,20.0,W/B,4541.0
2020-03-04,52,07:26:00,Wednesday,Lawrence West Station,Mechanical,34,64.0,E/B,8308.0
2020-03-04,506,07:38:00,Wednesday,Main Station,Mechanical,5,12.0,W/B,4525.0
2020-03-04,504,08:19:00,Wednesday,King/Spadina,Mechanical,7,14.0,E/B,4516.0
2020-03-04,506,09:20:00,Wednesday,Bay and College,Held By,10,17.0,W/B,4508.0
2020-03-04,506,09:23:00,Wednesday,Bay and College,Held By,10,17.0,W/B,4437.0
2020-03-04,506,09:32:00,Wednesday,Bay and College,General Delay,13,20.0,W/B,
2020-03-04,506,10:35:00,Wednesday,High Park Loop,Mechanical,70,78.0,B/W,4564.0
2020-03-04,505,12:06:00,Wednesday,Sherbourne,Investigation,4,8.0,E/B,8572.0
2020-03-04,511,12:10:00,Wednesday,Dundas,Overhead - Pantograph,10,16.0,N/B,4410.0
2020-03-04,505,12:26:00,Wednesday,Streling Street,Mechanical,4,8.0,W/B,8516.0
2020-03-04,501,13:39:00,Wednesday,Beech / Queen,Mechanical,7,14.0,W/B,4413.0
2020-03-04,501,13:56:00,Wednesday,Neville Loop / Queen,Emergency Services,20,27.0,W/B,4568.0
2020-03-04,504,14:00:00,Wednesday,Broadview Station,Mechanical,8,15.0,W/B,4522.0
2020-03-04,705,14:55:00,Wednesday,Broadview and Dundas,Investigation,18,24.0,S/B,4575.0
2020-03-04,510,15:55:00,Wednesday,King and Spadina,Held By,3,6.0,N/B,4600.0
2020-03-04,503,16:00:00,Wednesday,,Diversion,4,8.0,W/B,8489.0
2020-03-04,505,16:12:00,Wednesday,Broadview station,Mechanical,4,8.0,W/B,1045.0
2020-03-04,504,17:33:00,Wednesday,Roncesvalles and Dundas,Held By,6,18.0,W/B,4562.0
2020-03-04,503,18:15:00,Wednesday,King and York,Mechanical,8,16.0,W/B,8489.0
2020-03-04,504,20:01:00,Wednesday,King and Victoria,Emergency Services,5,7.0,E/B,4409.0
2020-03-04,511,20:38:00,Wednesday,Bathurst station,Investigation,8,17.0,S/B,4493.0
2020-03-05,504,00:29:00,Thursday,DISTILLERY LOOP,Mechanical,10,20.0,N/B,4547.0
2020-03-05,510,01:27:00,Thursday,SPADINA AND QUEENS QUAY,Investigation,15,30.0,S/B,4595.0
2020-03-05,512,04:53:00,Thursday,St Clair and Yonge,Held By,7,18.0,W/B,4423.0
2020-03-05,306,05:03:00,Thursday,College Delaware,Held By,27,47.0,E/B,4462.0
2020-03-05,509,05:06:00,Thursday,Fleet at Bathurst,Late Leaving Garage,6,6.0,W/B,
2020-03-05,506,05:09:00,Thursday,Lower Gerrard at Coxwell,Late Leaving Garage,8,8.0,W/B,
2020-03-05,512,05:14:00,Thursday,St. Clair and Bathurst,Held By,6,13.0,W/B,4528.0
2020-03-05,505,06:30:00,Thursday,Church Street,Emergency Services,4,8.0,E/B,8577.0
2020-03-05,506,07:43:00,Thursday,Gerrard River,Emergency Services,8,21.0,E/B,4426.0
2020-03-05,501,08:28:00,Thursday,Humber Loop,Mechanical,6,13.0,E/B,4593.0
2020-03-05,512,08:40:00,Thursday,St Clair & Russell Hill,Emergency Services,12,19.0,E/B,4435.0
2020-03-05,504,09:11:00,Thursday,Dufferin and King,Held By,10,16.0,E/B,4460.0
2020-03-05,504,09:13:00,Thursday,Duffering and King,Held By,11,16.0,E/B,4560.0
2020-03-05,504,09:17:00,Thursday,Dufferin and King,Held By,10,17.0,E/B,4557.0
2020-03-05,505,09:19:00,Thursday,Church Street,General Delay,12,16.0,E/B,1516.0
2020-03-05,505,10:01:00,Thursday,Bay Street,General Delay,15,11.0,W/B,9225.0
2020-03-05,510,10:39:00,Thursday,Spadian at Richmond,Mechanical,24,29.0,N/B,4495.0
2020-03-05,503,12:08:00,Thursday,Bingham Loop,Mechanical,10,20.0,W/B,8541.0
2020-03-05,510,15:04:00,Thursday,Spadina stn,Mechanical,5,10.0,S/B,4548.0
2020-03-05,504,16:23:00,Thursday,King / Jarvis,General Delay,10,16.0,W/B,4565.0
2020-03-05,510,16:42:00,Thursday,Spadina Stn,Investigation,5,10.0,S/B,4487.0
2020-03-05,505,17:06:00,Thursday,Broadview ststion,Investigation,4,8.0,S/B,9225.0
2020-03-05,501,17:56:00,Thursday,Queen at Beaconsfield,Mechanical,6,11.0,W/B,4580.0
2020-03-05,505,18:20:00,Thursday,Broadview station,Investigation,4,8.0,E/B,8532.0
2020-03-05,512,19:36:00,Thursday,Lansdowne Loop & St Clair,Investigation,1,1.0,W/B,4601.0
2020-03-05,510,21:45:00,Thursday,Spadina Loop,Mechanical,5,10.0,S/B,4481.0
2020-03-06,501,04:27:00,Friday,Connaught and Queen,Late Leaving Garage,5,35.0,E/B,4593.0
2020-03-06,511,04:49:00,Friday,King & Bathurst,Overhead - Pantograph,8,16.0,N/B,4552.0
2020-03-06,501,04:50:00,Friday,Queen & Parliament,Held By,55,79.0,W/B,4563.0
2020-03-06,512,05:10:00,Friday,St. Clair Station,Mechanical,13,,W/B,4435.0
2020-03-06,512,05:14:00,Friday,St. Clair and Bathurst,Held By,7,13.0,W/B,4499.0
2020-03-06,503,07:19:00,Friday,York Street,Mechanical,6,12.0,E/B,3134.0
2020-03-06,512,09:49:00,Friday,St. Clair Station,Mechanical,6,11.0,W/B,4522.0
2020-03-06,506,10:34:00,Friday,College and Major,Held By,10,18.0,W/B,4498.0
2020-03-06,504,11:49:00,Friday,King and Parliament,Investigation,7,14.0,E/B,4452.0
2020-03-06,501,12:00:00,Friday,Queen & Church,Mechanical,7,15.0,W/B,4531.0
2020-03-06,503,12:05:00,Friday,Elmer Street,Mechanical,7,14.0,W/B,9235.0
2020-03-06,509,12:05:00,Friday,Bathurst and Fleet,Held By,8,19.0,E/B,4463.0
2020-03-06,504,12:09:00,Friday,Millbrook and Broadview,Investigation,18,25.0,E/B,4439.0
2020-03-06,505,12:21:00,Friday,Howard Pk Ave,Investigation,4,8.0,W/B,8465.0
2020-03-06,506,12:44:00,Friday,Carlton and Sherbourne,Emergency Services,16,24.0,W/B,4559.0
2020-03-06,501,13:39:00,Friday,Kipling loop,Emergency Services,10,20.0,W/B,4460.0
2020-03-06,506,14:05:00,Friday,Upper Gerrard and Main,Emergency Services,37,44.0,E/B,4558.0
2020-03-06,504,14:54:00,Friday,Dufferin / King,Held By,6,13.0,E/B,4440.0
2020-03-06,501,15:01:00,Friday,Queen and niagaria,Investigation,7,14.0,W/B,4441.0
2020-03-06,510,15:55:00,Friday,King and Spadina,Held By,3,6.0,N/B,4583.0
2020-03-06,505,16:51:00,Friday,Dundas and Sumach,Investigation,10,20.0,W/B,1036.0
2020-03-06,504,17:31:00,Friday,King / Bathurst,Mechanical,6,12.0,E/B,4417.0
2020-03-06,504,17:51:00,Friday,Roncesvalles at Queen street west,Held By,12,19.0,S/B,4508.0
2020-03-06,501,18:17:00,Friday,Sunnyside loop,Held By,31,45.0,W/B,8720.0
2020-03-06,501,19:45:00,Friday,Queen and Carlaw,Investigation,31,38.0,E/B,4541.0
2020-03-06,505,22:54:00,Friday,Dundas West Station,Investigation,8,16.0,W/B,8532.0
2020-03-06,501,23:00:00,Friday,Humber Loop,Investigation,10,20.0,W/B,4472.0
2020-03-06,506,23:37:00,Friday,Lansdowne and College,Emergency Services,9,18.0,E/B,4470.0
2020-03-06,505,23:59:00,Friday,Dundas and Spadina,Investigation,8,16.0,W/B,3150.0
2020-03-07,506,00:14:00,Saturday,College and Lansdowne,Mechanical,10,20.0,W/B,4591.0
2020-03-07,504,00:41:00,Saturday,Dundas W and Bloor,Investigation,9,19.0,N/B,4508.0
2020-03-07,505,00:51:00,Saturday,Dundas and Lansdowne,Mechanical,8,16.0,E/B,9204.0
2020-03-07,512,01:27:00,Saturday,St. Clair Station,Mechanical,9,19.0,W/B,4589.0
2020-03-07,301,03:41:00,Saturday,Queen St W and Niagara,Investigation,27,32.0,E/B,4555.0
2020-03-07,306,03:50:00,Saturday,Dundas W. and Roncesvalles,Investigation,28,43.0,W/B,4412.0
2020-03-07,306,04:49:00,Saturday,Dundas W Station,Emergency Services,24,44.0,E/B,4533.0
2020-03-07,509,09:25:00,Saturday,Bathurst and Fleet,General Delay,8,16.0,S/B,4517.0
2020-03-07,512,09:26:00,Saturday,Bathurst and St. Clair,General Delay,6,12.0,E/B,4513.0
2020-03-07,510,10:34:00,Saturday,Spadina and Sullivan,Mechanical,4,8.0,S/B,4539.0
2020-03-07,505,11:17:00,Saturday,Dundas and Brock,Investigation,5,10.0,W/B,3166.0
2020-03-07,505,11:51:00,Saturday,Broadview Station,Mechanical,4,8.0,W/B,3159.0
2020-03-07,504,12:08:00,Saturday,Roncesvalles/Garden av.,Mechanical,7,14.0,S/B,4566.0
2020-03-07,509,12:22:00,Saturday,CNE Loop,General Delay,8,15.0,E/B,4558.0
2020-03-07,512,12:36:00,Saturday,St. Clair W station,Investigation,4,8.0,W/B,4506.0
2020-03-07,505,13:55:00,Saturday,Dundas and Lansdowne,Mechanical,4,8.0,E/B,3729.0
2020-03-07,504,16:10:00,Saturday,Broadview Station,Emergency Services,16,22.0,E/B,504.0
2020-03-07,511,16:39:00,Saturday,Bathurst and Ulster,Held By,87,93.0,N/B,4428.0
2020-03-07,506,17:30:00,Saturday,Carlton Parliament,Emergency Services,8,16.0,W/B,4472.0
2020-03-07,501,17:36:00,Saturday,Queen / Augusta,Investigation,4,11.0,W/B,4527.0
2020-03-07,506,17:57:00,Saturday,Queen Spadina,Investigation,8,16.0,W/B,4501.0
2020-03-07,506,18:09:00,Saturday,Queen Spadina,Investigation,8,16.0,W/B,4544.0
2020-03-07,505,18:14:00,Saturday,Dundas and bloor,Emergency Services,4,8.0,E/B,1094.0
2020-03-07,501,18:57:00,Saturday,Queen / Jameson,Held By,9,14.0,W/B,4441.0
2020-03-07,504,19:52:00,Saturday,Duffrin Loop,General Delay,17,23.0,E/B,4549.0
2020-03-08,501,00:52:00,Sunday,Queen and Parliament,Mechanical,10,20.0,E/B,4456.0
2020-03-08,512,01:01:00,Sunday,Gunns Loop,Mechanical,9,18.0,E/B,4499.0
2020-03-08,306,01:18:00,Sunday,Carlton and Jarvis,Held By,25,35.0,W/B,4445.0
2020-03-08,512,01:18:00,Sunday,St.Clair Station,Mechanical,9,18.0,W/B,4597.0
2020-03-08,301,03:24:00,Sunday,W/B trailer track Russell,Investigation,10,20.0,W/B,4424.0
2020-03-08,306,04:53:00,Sunday,Dundas and Roncesvalles,Emergency Services,15,0.0,W/B,4535.0
2020-03-08,506,06:41:00,Sunday,Coxwell Loop,Mechanical,10,20.0,W/B,4450.0
2020-03-08,512,07:55:00,Sunday,St. Clair and Yonge Station,Mechanical,11,23.0,W/B,4518.0
2020-03-08,505,10:30:00,Sunday,Dundas and Beverly,Investigation,5,10.0,W/B,3734.0
2020-03-08,505,10:54:00,Sunday,Dundas West Sation,Mechanical,6,12.0,E/B,3734.0
2020-03-08,505,12:15:00,Sunday,Dundas and howard park,Held By,25,29.0,E/B,1106.0
2020-03-08,150,12:15:00,Sunday,Dundas W and Howard park,Mechanical,23,33.0,E/B,4560.0
2020-03-08,506,14:33:00,Sunday,Carlton and Yonge,Held By,17,25.0,B/W,4460.0
2020-03-08,501,15:48:00,Sunday,Neville Loop,General Delay,5,12.0,B/W,4412.0
2020-03-08,505,16:18:00,Sunday,Dundas West station,Mechanical,6,11.0,E/B,3727.0
2020-03-08,505,16:55:00,Sunday,Dundas and Gerrard,Mechanical,6,11.0,E/B,8513.0
2020-03-08,504,17:03:00,Sunday,King and Roncesvalles,Mechanical,8,16.0,N/B,4429.0
2020-03-08,504,17:46:00,Sunday,King and Shaw Street,Investigation,8,16.0,W/B,4449.0
2020-03-08,501,18:39:00,Sunday,Queen / Jameson,Emergency Services,8,15.0,W/B,4477.0
2020-03-08,501,19:13:00,Sunday,Queen / John,Investigation,3,10.0,W/B,4464.0
2020-03-08,509,19:34:00,Sunday,Exhibition Loop,Emergency Services,9,18.0,E/B,4415.0
2020-03-08,510,22:38:00,Sunday,King and Bay,Investigation,18,28.0,E/B,4549.0
2020-03-09,510,00:30:00,Monday,Spadina and Richmond,Investigation,13,22.0,S/B,4558.0
2020-03-09,501,01:23:00,Monday,QUUEN AND CARLAW,General Delay,3,13.0,E/B,8543.0
2020-03-09,512,05:14:00,Monday,St Clair/Bathurst,Held By,6,13.0,W/B,4440.0
2020-03-09,506,06:06:00,Monday,Connaught Queen,Overhead - Pantograph,1,1.0,E/B,4532.0
2020-03-09,510,11:22:00,Monday,Spadina/Dundas,Mechanical,6,12.0,N/B,4432.0
2020-03-09,506,15:13:00,Monday,Gerrard and Carlaw,Investigation,9,18.0,W/B,4446.0
2020-03-09,510,15:55:00,Monday,King and Spadina,Held By,3,6.0,N/B,4528.0
2020-03-09,512,17:45:00,Monday,St.Clair stn exit,Investigation,28,33.0,W/B,4440.0
2020-03-09,505,20:17:00,Monday,Broadview and Erindale,Investigation,6,12.0,W/B,3170.0
2020-03-10,504,05:51:00,Tuesday,Dundas West Station,Mechanical,8,16.0,E/B,4442.0
2020-03-10,505,06:23:00,Tuesday,DWS,Mechanical,4,8.0,E/B,1069.0
2020-03-10,506,07:27:00,Tuesday,College University,Investigation,8,16.0,E/B,4443.0
2020-03-10,505,08:06:00,Tuesday,Lisgar,Investigation,4,8.0,E/B,1254.0
2020-03-10,505,10:08:00,Tuesday,Ossington,General Delay,21,25.0,W/B,1065.0
2020-03-10,512,10:45:00,Tuesday,St Clair/Old Weston Rd,Investigation,10,15.0,E/B,4585.0
2020-03-10,501,11:10:00,Tuesday,Queen & Cowan,Held By,91,98.0,E/B,4563.0
2020-03-10,512,11:11:00,Tuesday,St Clair/Earlscourt,Investigation,5,10.0,W/B,4552.0
2020-03-10,510,12:09:00,Tuesday,Spadina/Dundas,Held By,7,12.0,B/W,4560.0
2020-03-10,501,12:36:00,Tuesday,Yonge and Queen,Held By,5,12.0,W/B,4556.0
2020-03-10,506,12:57:00,Tuesday,Carlton  Yonge,General Delay,12,20.0,W/B,4433.0
2020-03-10,505,15:00:00,Tuesday,Broadview Station,Mechanical,4,8.0,W/B,1122.0
2020-03-10,510,15:55:00,Tuesday,King and Spadina,Held By,3,6.0,N/B,4583.0
2020-03-10,504,16:28:00,Tuesday,King and wilson park,General Delay,14,20.0,W/B,4518.0
2020-03-10,506,16:45:00,Tuesday,Upper gerrard and Bowmore,Mechanical,9,18.0,W/B,4514.0
2020-03-10,510,17:22:00,Tuesday,Spadina and Queens Quay,Investigation,5,10.0,S/B,4428.0
2020-03-10,505,18:08:00,Tuesday,Dundas west station,Mechanical,4,8.0,W/B,1030.0
2020-03-10,506,19:29:00,Tuesday,College and University,Emergency Services,18,29.0,E/B,4432.0
2020-03-10,501,22:22:00,Tuesday,HUMBER LOOP,Mechanical,5,10.0,E/B,4527.0
2020-03-10,505,22:55:00,Tuesday,Dundas West Station,Mechanical,6,12.0,W/B,8504.0
2020-03-10,501,23:23:00,Tuesday,LONG BRANCH LOOP,Mechanical,10,20.0,E/B,4424.0
2020-03-10,501,23:25:00,Tuesday,QUEEN AND LESLIE,Emergency Services,10,20.0,E/B,8796.0
2020-03-11,510,00:15:00,Wednesday,SPADINA AND DUNDAS,Investigation,9,18.0,N/B,4572.0
2020-03-11,510,00:28:00,Wednesday,SPADINA STATION,Emergency Services,9,18.0,S/B,4421.0
2020-03-11,504,00:33:00,Wednesday,broadview station,Emergency Services,10,20.0,S/B,4489.0
2020-03-11,304,01:24:00,Wednesday,RONCESSVALLES AND QUEEN,Mechanical,10,20.0,S/B,4540.0
2020-03-11,504,02:04:00,Wednesday,RONCESSVALLES AND KING,Investigation,1,1.0,W/B,4543.0
2020-03-11,301,03:28:00,Wednesday,Queen St E and Berkley St,Investigation,8,18.0,E/B,4588.0
2020-03-11,501,07:30:00,Wednesday,Humber Loop,Mechanical,14,24.0,E/B,4590.0
2020-03-11,506,09:17:00,Wednesday,College Lansdowne,Mechanical,4,8.0,W/B,4509.0
2020-03-11,509,09:27:00,Wednesday,Queens Quay/Bathurst,Mechanical,27,33.0,E/B,4601.0
2020-03-11,505,09:29:00,Wednesday,Broadview Station,Mechanical,4,8.0,W/B,9213.0
2020-03-11,510,09:55:00,Wednesday,Union stn,Utilized Off Route,10,19.0,W/B,4602.0
2020-03-11,509,12:38:00,Wednesday,Cne Loop,Investigation,8,16.0,E/B,4602.0
2020-03-11,511,12:41:00,Wednesday,Fort York,Mechanical,10,17.0,N/B,4561.0
2020-03-11,512,13:54:00,Wednesday,Gunns Loop,Mechanical,5,10.0,E/B,4544.0
2020-03-11,512,14:17:00,Wednesday,Yonge and St.Clair,Mechanical,6,11.0,W/B,4450.0
2020-03-11,505,14:56:00,Wednesday,Dundas and Spadina,Mechanical,4,8.0,W/B,1049.0
2020-03-11,501,15:33:00,Wednesday,Royal York and Lakeshore,Held By,29,39.0,E/B,4412.0
2020-03-11,510,15:55:00,Wednesday,King and Spadina,Held By,3,6.0,N/B,4434.0
2020-03-11,501,18:19:00,Wednesday,Ontario and Queen,Held By,13,18.0,W/B,4520.0
2020-03-11,501,21:14:00,Wednesday,Queen and Logan,Investigation,6,13.0,E/B,4424.0
2020-03-11,506,21:54:00,Wednesday,Queen and Parliament,Held By,12,22.0,W/B,4417.0
2020-03-11,501,21:54:00,Wednesday,Queen St E and Parliament,Investigation,12,19.0,W/B,4510.0
2020-03-12,504,00:34:00,Thursday,BROADVIEW AND QUEEN,Held By,32,42.0,E/B,4570.0
2020-03-12,504,00:34:00,Thursday,BROADVIEW AND QUEEN,Held By,24,34.0,W/B,4444.0
2020-03-12,512,05:05:00,Thursday,Bathurst and Dupont,Held By,1,1.0,N/B,4515.0
2020-03-12,504,05:35:00,Thursday,Roncesvalles and Queen,Mechanical,8,16.0,W/B,4462.0
2020-03-12,508,06:03:00,Thursday,Roncesvalles and Queen,General Delay,0,0.0,W/B,4521.0
2020-03-12,501,06:09:00,Thursday,Queen and Roncesvalles,General Delay,4,0.0,W/B,4578.0
2020-03-12,501,06:12:00,Thursday,Roncesvalles and Queen,General Delay,13,23.0,W/B,4548.0
2020-03-12,512,06:18:00,Thursday,St. Clair and Yonge,Held By,1,1.0,E/B,4549.0
2020-03-12,504,06:38:00,Thursday,Roncesvalles and Queen,General Delay,6,11.0,E/B,4496.0
2020-03-12,504,06:39:00,Thursday,Roncesvalles and Queen,General Delay,3,6.0,W/B,4560.0
2020-03-12,501,06:45:00,Thursday,,General Delay,7,14.0,W/B,4508.0
2020-03-12,504,06:49:00,Thursday,Roncesvalles and Queen,General Delay,5,10.0,W/B,4540.0
2020-03-12,504,07:01:00,Thursday,Roncesvalles and Queen,General Delay,6,12.0,E/B,4558.0
2020-03-12,504,07:04:00,Thursday,Roncesvalles and Queen,General Delay,5,10.0,W/B,4476.0
2020-03-12,504,07:18:00,Thursday,Roncesvalles and Queen,General Delay,6,11.0,W/B,4476.0
2020-03-12,504,07:28:00,Thursday,Roncesvalles and Queen,General Delay,5,10.0,W/B,4472.0
2020-03-12,512,07:40:00,Thursday,St. Clair and Christie,Investigation,10,14.0,W/B,4528.0
2020-03-12,504,07:45:00,Thursday,Roncesvalles and Queen,General Delay,1,0.0,W/B,4480.0
2020-03-12,504,07:53:00,Thursday,Roncesvalles and Queen,General Delay,8,16.0,W/B,4594.0
2020-03-12,509,08:47:00,Thursday,Exhibition Loop,Mechanical,6,12.0,E/B,4418.0
2020-03-12,509,09:31:00,Thursday,Exhibition Loop,Mechanical,6,12.0,E/B,4418.0
2020-03-12,505,09:44:00,Thursday,Broadview Station,Mechanical,4,8.0,E/B,9231.0
2020-03-12,505,10:01:00,Thursday,Jarvis Street,General Delay,12,16.0,W/B,1122.0
2020-03-12,509,11:13:00,Thursday,QueensQuay and Spadina,Mechanical,8,16.0,E/B,4551.0
2020-03-12,511,13:02:00,Thursday,Bathurst Station,Emergency Services,15,22.0,S/B,4450.0
2020-03-12,504,14:54:00,Thursday,Queen and Broadview,Investigation,15,15.0,E/B,4423.0
2020-03-12,504,15:16:00,Thursday,Broadview and Queen,Investigation,12,18.0,W/B,4552.0
2020-03-12,504,15:44:00,Thursday,Roncesvalles and Queen,General Delay,9,7.0,W/B,4439.0
2020-03-12,510,15:55:00,Thursday,King and Spadina,Held By,3,6.0,N/B,4553.0
2020-03-12,501,16:46:00,Thursday,Sunnyside Loop,Mechanical,7,14.0,W/B,4435.0
2020-03-12,505,17:09:00,Thursday,Broadview Station,General Delay,7,11.0,E/B,8550.0
2020-03-12,501,19:31:00,Thursday,Roncesvalles and Queen,Mechanical,10,17.0,E/B,4548.0
2020-03-12,504,19:37:00,Thursday,Dundas West Station,Emergency Services,14,18.0,E/B,4530.0
2020-03-12,505,20:42:00,Thursday,Dundas / Roncesvalles,Mechanical,6,11.0,E/B,1305.0
2020-03-12,506,22:18:00,Thursday,High Park Loop to Main STN,General Delay,20,40.0,E/B,4576.0
2020-03-12,501,23:12:00,Thursday,W/B trailer Russell Yard,Investigation,6,12.0,W/B,4539.0
2020-03-13,501,00:34:00,Friday,Queen and Broadview,Held By,32,42.0,W/B,4472.0
2020-03-13,504,00:46:00,Friday,King and University,Emergency Services,10,20.0,W/B,4533.0
2020-03-13,301,03:00:00,Friday,Queen and Bathurst,General Delay,10,20.0,E/B,4504.0
2020-03-13,511,05:10:00,Friday,Bathurst and King,Investigation,8,16.0,N/B,4427.0
2020-03-13,512,05:39:00,Friday,St. Clair and Bathurst,Held By,6,11.0,W/B,4431.0
2020-03-13,503,05:55:00,Friday,Bingham Loop,Mechanical,8,16.0,W/B,8483.0
2020-03-13,510,06:26:00,Friday,Spadina & King,Late Leaving Garage,6,12.0,N/B,4500.0
2020-03-13,511,06:49:00,Friday,CNE,Mechanical,0,0.0,N/B,4400.0
2020-03-13,509,07:01:00,Friday,Exhibition Loop,Mechanical,6,12.0,E/B,4400.0
2020-03-13,509,07:13:00,Friday,Exhibition Loop,Mechanical,6,13.0,E/B,4418.0
2020-03-13,506,07:50:00,Friday,Landsdowne and College,Mechanical,8,0.0,S/B,1039.0
2020-03-13,510,10:10:00,Friday,Spadina and King,Mechanical,23,27.0,S/B,4415.0
2020-03-13,504,10:13:00,Friday,King and Spadina,Diversion,12,20.0,W/B,4558.0
2020-03-13,506,10:22:00,Friday,Main Station,Emergency Services,9,16.0,W/B,4438.0
2020-03-13,501,10:22:00,Friday,Humber Loop,Emergency Services,8,16.0,E/B,4584.0
2020-03-13,501,10:42:00,Friday,Humber Loop,Mechanical,7,15.0,W/B,4575.0
2020-03-13,505,10:56:00,Friday,Broadview Station,Mechanical,4,8.0,W/B,3137.0
2020-03-13,501,11:26:00,Friday,Queen & University,Held By,5,12.0,W/B,4603.0
2020-03-13,501,14:17:00,Friday,Carlaw and Queen,Mechanical,6,12.0,E/B,4600.0
2020-03-13,1,14:17:00,Friday,1,Mechanical,1,1.0,E/B,1.0
2020-03-13,501,16:15:00,Friday,Royal York and Lakeshore,Held By,9,19.0,W/B,4560.0
2020-03-13,501,17:02:00,Friday,Stratchan and Queen,Mechanical,7,14.0,E/B,4552.0
2020-03-13,505,17:06:00,Friday,Broadview Station,Mechanical,4,8.0,E/B,1202.0
2020-03-13,600,17:25:00,Friday,Woodbine Station,Utilized Off Route,4,8.0,W/B,9229.0
2020-03-13,505,17:31:00,Friday,Dundas West Station,Utilized Off Route,4,8.0,W/B,1560.0
2020-03-13,501,18:53:00,Friday,Longbranch Loop,Mechanical,10,20.0,E/B,4448.0
2020-03-13,511,19:16:00,Friday,Bathurst Station,Mechanical,9,17.0,S/B,4591.0
2020-03-13,501,19:34:00,Friday,Longbranch Loop,Mechanical,4,8.0,E/B,4494.0
2020-03-13,505,19:48:00,Friday,Dundas West Station,Mechanical,5,11.0,E/B,3136.0
2020-03-13,506,23:18:00,Friday,Howard Park and Roncesvalles,Mechanical,6,12.0,E/B,4537.0
2020-03-14,306,02:13:00,Saturday,Dundas West and Bloor,Emergency Services,1,2.0,W/B,4556.0
2020-03-14,504,04:58:00,Saturday,King/Brant,Emergency Services,10,20.0,W/B,4572.0
2020-03-14,505,07:59:00,Saturday,Broadview Station,Emergency Services,10,20.0,S/B,1115.0
2020-03-14,511,08:31:00,Saturday,Bathurst Station,Emergency Services,7,16.0,S/B,4451.0
2020-03-14,510,08:43:00,Saturday,Spadina and King,Held By,3,7.0,N/B,4554.0
2020-03-14,512,08:44:00,Saturday,King and Peter,Mechanical,6,11.0,W/B,4470.0
2020-03-14,504,09:11:00,Saturday,Broadview/Queen,Emergency Services,37,44.0,W/B,4579.0
2020-03-14,509,09:14:00,Saturday,Bathurst and Fleet,Mechanical,8,16.0,E/B,4400.0
2020-03-14,501,10:36:00,Saturday,Humber Loop,Mechanical,8,16.0,E/B,4576.0
2020-03-14,510,14:23:00,Saturday,Richmond and Spadina,Mechanical,4,8.0,S/B,4428.0
2020-03-14,506,15:07:00,Saturday,College and Bay,Mechanical,1,2.0,W/B,4506.0
2020-03-14,504,16:01:00,Saturday,King and Strachan,Investigation,6,13.0,E/B,4495.0
2020-03-14,512,17:12:00,Saturday,Gunns Loop,Investigation,5,10.0,E/B,4542.0
2020-03-14,505,19:02:00,Saturday,Dundas West Station,Emergency Services,1,1.0,W/B,1104.0
2020-03-14,505,19:07:00,Saturday,Spadina and King,Mechanical,1,1.0,S/B,4514.0
2020-03-14,504,19:07:00,Saturday,Broadview and Queen,Mechanical,1,2.0,S/B,4544.0
2020-03-14,72,20:55:00,Saturday,PAPE STATION,Mechanical,9,18.0,S/B,9217.0
2020-03-14,501,21:07:00,Saturday,W/B Trailer Track Russell Yard,Investigation,9,18.0,W/B,4546.0
2020-03-15,505,00:25:00,Sunday,Dundas West Station,Investigation,8,16.0,W/B,9225.0
2020-03-15,506,00:58:00,Sunday,Coxwell and Upper Gerrard,Investigation,14,24.0,E/B,4595.0
2020-03-15,301,01:50:00,Sunday,W/B trailer Russell Yard,Mechanical,10,20.0,W/B,4603.0
2020-03-15,301,02:51:00,Sunday,NEVILLE LOOP,Mechanical,5,10.0,W/B,4587.0
2020-03-15,501,05:33:00,Sunday,Queensway/Glendale,Investigation,17,34.0,E/B,4476.0
2020-03-15,505,08:22:00,Sunday,Dundas West Station,Mechanical,6,12.0,E/B,1036.0
2020-03-15,501,08:45:00,Sunday,Queen/Connaught,Mechanical,10,20.0,W/B,4479.0
2020-03-15,509,09:56:00,Sunday,Bathurst and Fleet,Mechanical,10,19.0,W/B,4400.0
2020-03-15,506,10:35:00,Sunday,High Park,Mechanical,10,20.0,W/B,4539.0
2020-03-15,505,10:36:00,Sunday,Broadview Station,Emergency Services,6,12.0,W/B,1260.0
2020-03-15,510,10:55:00,Sunday,Spadina and King Street,Held By,4,8.0,N/B,4549.0
2020-03-15,506,13:55:00,Sunday,Coxwell and Gerrard,Investigation,8,15.0,w/b,4531.0
2020-03-15,501,14:28:00,Sunday,Humber Loop,Mechanical,10,19.0,E/B,4439.0
2020-03-15,505,16:40:00,Sunday,Broadview Stn,Mechanical,5,10.0,E/B,8473.0
2020-03-15,512,17:10:00,Sunday,St. Clair West Station,Held By,30,36.0,E/B,4590.0
2020-03-15,505,17:24:00,Sunday,Broadview Stn,Mechanical,5,10.0,E/B,3171.0
2020-03-15,506,21:01:00,Sunday,College and McCaul,General Delay,15,12.0,B/W,4577.0
2020-03-15,505,21:03:00,Sunday,Broadview and Withrow,General Delay,9,18.0,E/B,1097.0
2020-03-15,506,22:54:00,Sunday,College and Bathurst,Utilized Off Route,10,20.0,W/B,4531.0
2020-03-15,506,23:11:00,Sunday,Spadina and College,Mechanical,1,2.0,W/B,4554.0
2020-03-16,505,05:29:00,Monday,Broadview Station,Mechanical,7,14.0,W/B,8590.0
2020-03-16,511,07:04:00,Monday,Front Street,Held By,24,31.0,N/B,4583.0
2020-03-16,504,10:20:00,Monday,King and Bay,Investigation,7,14.0,E/B,4460.0
2020-03-16,503,10:28:00,Monday,York Street,Investigation,10,20.0,E/B,8511.0
2020-03-16,506,10:57:00,Monday,Carlton and Jarvis,Diversion,50,58.0,W/B,4601.0
2020-03-16,505,12:56:00,Monday,Braodview Station,Mechanical,4,8.0,W/B,1024.0
2020-03-16,512,13:51:00,Monday,St Clair Station.,Investigation,5,11.0,W/B,4449.0
2020-03-16,504,14:49:00,Monday,Queen and Bathurst,Investigation,8,16.0,W/B,4602.0
2020-03-16,503,15:21:00,Monday,King / York,Emergency Services,21,29.0,W/B,8566.0
2020-03-16,504,15:42:00,Monday,Broadview and Queen,Held By,6,12.0,W/B,4549.0
2020-03-16,506,16:23:00,Monday,Lansdown Loop,Investigation,9,18.0,E/B,4534.0
2020-03-16,501,16:50:00,Monday,Spadina and King,Investigation,7,14.0,E/B,4576.0
2020-03-16,508,18:52:00,Monday,Long Branch,Investigation,20,40.0,E/B,4439.0
2020-03-16,510,19:28:00,Monday,Spadina Station,Emergency Services,5,10.0,S/B,4482.0
2020-03-16,512,19:45:00,Monday,Wycchwood,Mechanical,6,12.0,W/B,4456.0
2020-03-16,510,19:53:00,Monday,Spadina Station,Held By,5,10.0,S/B,
2020-03-16,512,19:57:00,Monday,St. Clair and Oakwood,Mechanical,6,12.0,W/B,4542.0
2020-03-16,510,20:36:00,Monday,Charlotte Loop,Emergency Services,10,20.0,S/B,4502.0
2020-03-16,509,20:55:00,Monday,CNE Loop,Mechanical,9,18.0,E/B,4447.0
2020-03-16,501,21:46:00,Monday,HUMBER LOOP,Mechanical,8,16.0,E/B,4602.0
2020-03-16,510,23:29:00,Monday,College and Spadina,Emergency Services,29,39.0,W/B,4482.0
2020-03-17,510,00:02:00,Tuesday,SPADINA STATION,Investigation,9,18.0,N/B,4549.0
2020-03-17,504,00:16:00,Tuesday,king and church,Mechanical,10,20.0,S/B,4520.0
2020-03-17,504,00:53:00,Tuesday,DUNDAS WEST STATION,Mechanical,10,20.0,S/B,4592.0
2020-03-17,504,00:59:00,Tuesday,KING AND BATHURST,Investigation,10,20.0,W/B,8952.0
2020-03-17,504,01:00:00,Tuesday,DUNDAS WEST STATION,Emergency Services,10,20.0,S/B,4594.0
2020-03-17,504,03:28:00,Tuesday,Broadview Stn,Mechanical,7,14.0,W/B,4580.0
2020-03-17,301,03:57:00,Tuesday,CONNAUGHT AND QUEEN,Emergency Services,1,1.0,E/B,4504.0
2020-03-17,512,05:14:00,Tuesday,St Clair/bathurst,Held By,6,13.0,W/B,4506.0
2020-03-17,501,08:33:00,Tuesday,Queensway & Glendale,Mechanical,6,13.0,E/B,4522.0
2020-03-17,511,10:39:00,Tuesday,CNE,Mechanical,7,14.0,S/B,4529.0
2020-03-17,501,10:51:00,Tuesday,Queen & Ontario,Held By,10,18.0,W/B,4559.0
2020-03-17,503,11:40:00,Tuesday,York Street,Mechanical,10,20.0,E/B,8956.0
2020-03-17,501,12:09:00,Tuesday,Humberloop,Emergency Services,8,16.0,eb,4441.0
2020-03-17,506,12:56:00,Tuesday,Coxwell & Boulteon,Held By,12,24.0,W/B,4498.0
2020-03-17,501,14:48:00,Tuesday,Queen and Brock,Investigation,10,20.0,W/B,3289.0
2020-03-17,504,16:08:00,Tuesday,Dundas West Station,Mechanical,7,14.0,E/B,4562.0
2020-03-17,506,16:40:00,Tuesday,College and lansdown,Investigation,9,18.0,W/B,4498.0
2020-03-17,506,17:31:00,Tuesday,Carlton and Yonge,Mechanical,9,18.0,W/B,4567.0
2020-03-17,32,19:41:00,Tuesday,Eglington and Renforth,Mechanical,5,10.0,W/B,1378.0
2020-03-17,96,19:55:00,Tuesday,Yorkmills Station,Mechanical,10,20.0,W/B,3249.0
2020-03-17,10,20:57:00,Tuesday,KING AND RONCESVALLES,Investigation,1,1.0,W/B,4419.0
2020-03-18,304,04:21:00,Wednesday,Broadview  Station,Investigation,15,20.0,W/B,4566.0
2020-03-18,511,06:00:00,Wednesday,Fleet Loop,Emergency Services,8,16.0,E/B,4587.0
2020-03-18,512,09:21:00,Wednesday,SCW stn,Investigation,4,8.0,W/B,4599.0
2020-03-18,504,14:51:00,Wednesday,Queen & Broadview,Late Leaving Garage,30,14.0,W/B,4434.0
2020-03-18,506,15:26:00,Wednesday,Carlton and Church,Mechanical,9,18.0,E/B,4548.0
2020-03-18,511,17:16:00,Wednesday,St Clair and Yonge,Investigation,4,8.0,W/B,4517.0
2020-03-18,501,19:48:00,Wednesday,Roncesvalles and Queen.,Mechanical,1,2.0,W/B,4509.0
2020-03-18,501,20:19:00,Wednesday,Queen and Spadina,Investigation,8,16.0,W/B,4518.0
2020-03-18,506,22:10:00,Wednesday,Lansdowne Loop,Emergency Services,1,1.0,E/B,4467.0
2020-03-19,505,01:26:00,Thursday,Broadview Station,Investigation,1,1.0,E/B,8584.0
2020-03-19,504,04:27:00,Thursday,Broadview and Queen,Mechanical,14,27.0,W/B,4484.0
2020-03-19,512,04:29:00,Thursday,Bathurst and St Claire,Late Leaving Garage,5,11.0,W/B,4443.0
2020-03-19,511,04:29:00,Thursday,Bathurst and King,Late Leaving Garage,6,6.0,N/B,4599.0
2020-03-19,511,04:35:00,Thursday,Bathurst and King,Late Leaving Garage,0,0.0,N/B,4568.0
2020-03-19,511,04:36:00,Thursday,King and Bathurst,Late Leaving Garage,0,0.0,S/B,4454.0
2020-03-19,512,04:36:00,Thursday,Bathurst and St.Clair,Late Leaving Garage,0,0.0,W/B,4470.0
2020-03-19,512,05:53:00,Thursday,Bathurst and Dupont,Held By,5,11.0,N/B,4449.0
2020-03-19,512,06:06:00,Thursday,Bathurst and St.Clair,Late Leaving Garage,0,0.0,E/B,4944.0
2020-03-19,505,06:12:00,Thursday,Gladstone,Emergency Services,4,8.0,W/B,3173.0
2020-03-19,503,06:19:00,Thursday,Bingham Loop,Mechanical,9,18.0,W/B,8561.0
2020-03-19,504,06:54:00,Thursday,Broadview and Queen Street,Late Leaving Garage,4,8.0,W/B,4602.0
2020-03-19,504,07:09:00,Thursday,Broadview and Queen Street,Late Leaving Garage,5,10.0,N/B,4490.0
2020-03-19,504,07:20:00,Thursday,Broadview and Queen,Late Leaving Garage,5,12.0,N/B,
2020-03-19,512,09:49:00,Thursday,St. Clair and Younge Street,Emergency Services,28,32.0,W/B,4599.0
2020-03-19,506,15:15:00,Thursday,Gerrard asnd Greenwood,Mechanical,8,16.0,E/B,4479.0
2020-03-19,506,15:32:00,Thursday,Gerrard and Branton,Investigation,8,16.0,E/B,4591.0
2020-03-19,503,15:43:00,Thursday,Bingham Loop,Utilized Off Route,10,20.0,W/B,8546.0
2020-03-19,503,15:43:00,Thursday,Bingham Loop,Utilized Off Route,10,20.0,W/B,9211.0
2020-03-19,511,15:46:00,Thursday,Bathurst / Lennox,Emergency Services,5,13.0,B/W,4598.0
2020-03-19,505,16:02:00,Thursday,Dundas West Station,Mechanical,4,8.0,E/B,1089.0
2020-03-19,510,16:19:00,Thursday,College and Spadina,Mechanical,10,20.0,N/B,4483.0
2020-03-19,504,18:23:00,Thursday,Distillary Loop,Mechanical,6,12.0,W/B,4558.0
2020-03-19,505,19:17:00,Thursday,Dundas / Beverly,Held By,5,10.0,W/B,8519.0
2020-03-19,501,19:54:00,Thursday,Queen and Spadina,Mechanical,10,20.0,E/B,4560.0
2020-03-19,512,19:58:00,Thursday,St Clair Station,Mechanical,7,14.0,W/B,4482.0
2020-03-19,506,20:52:00,Thursday,Gerrard and Jones,Mechanical,9,18.0,W/B,4439.0
2020-03-19,511,21:07:00,Thursday,Bathurst Station,Investigation,8,15.0,S/B,4579.0
2020-03-19,504,21:21:00,Thursday,BROADVIEW AND MONTCREST,Held By,57,67.0,S/B,4452.0
2020-03-19,510,23:45:00,Thursday,SPADINA STATION,Emergency Services,9,18.0,S/B,4539.0
2020-03-20,504,01:15:00,Friday,Dufferin Loop,Mechanical,10,20.0,E/B,4487.0
2020-03-20,304,01:40:00,Friday,KING AND SPENCER,Investigation,10,20.0,W/B,4462.0
2020-03-20,504,01:48:00,Friday,king and strachan,Mechanical,10,20.0,E/B,4540.0
2020-03-20,501,02:14:00,Friday,Queen and Roncesvalles,Investigation,4,11.0,E/B,4477.0
2020-03-20,304,02:28:00,Friday,KING AND SPADINA,Mechanical,15,30.0,E/B,4436.0
2020-03-20,310,02:44:00,Friday,QUEENSQUAY AND REES,Held By,15,30.0,W/B,4589.0
2020-03-20,301,03:24:00,Friday,Roncesvalles South Gate,Investigation,10,20.0,W/B,4502.0
2020-03-20,301,03:53:00,Friday,Russell Yard (E/B Trailer Track Russell Yard),Emergency Services,1,1.0,E/B,4441.0
2020-03-20,501,03:57:00,Friday,Queen and Connaught,Late Leaving Garage,6,36.0,E/B,4481.0
2020-03-20,504,05:45:00,Friday,Roncy and Queen,Held By,11,18.0,E/B,4466.0
2020-03-20,504,05:45:00,Friday,Roncesvalles Ave. and Queen,Held By,8,8.0,E/B,4466.0
2020-03-20,504,05:46:00,Friday,Roncesvalles and Queen,Held By,9,9.0,E/B,4452.0
2020-03-20,501,05:46:00,Friday,Roncy & Queen,Investigation,7,15.0,W/B,4594.0
2020-03-20,504,05:52:00,Friday,Roncesvalles and Queen,Held By,5,0.0,E/B,4571.0
2020-03-20,501,06:13:00,Friday,Queen and Connaught,Late Leaving Garage,9,15.0,E/B,4590.0
2020-03-20,510,07:44:00,Friday,Spadina and King,Mechanical,4,8.0,N/B,4431.0
2020-03-20,509,07:52:00,Friday,Queensquay and Rees Street,Held By,5,10.0,W/B,4484.0
2020-03-20,504,10:15:00,Friday,Leslie and Queen,Investigation,0,0.0,E/B,4447.0
2020-03-20,512,10:44:00,Friday,St. Clair and Keele,Held By,6,10.0,E/B,4577.0
2020-03-20,512,10:51:00,Friday,St. Clair and Lansdowne,Investigation,4,8.0,W/B,4500.0
2020-03-20,512,11:42:00,Friday,St. Clair and Spadina Road,Held By,39,44.0,B/W,4544.0
2020-03-20,504,11:51:00,Friday,Dundas west station,Mechanical,7,14.0,E/B,4592.0
2020-03-20,504,11:51:00,Friday,Dundas West Station,Mechanical,7,14.0,E/B,4592.0
2020-03-20,505,11:57:00,Friday,Bathurst Street,Utilized Off Route,4,8.0,W/B,8466.0
2020-03-20,505,12:46:00,Friday,Jarvis Street,Emergency Services,4,8.0,E/B,8478.0
2020-03-20,505,13:45:00,Friday,Broadview Station,Mechanical,4,8.0,E/B,8465.0
2020-03-20,504,14:25:00,Friday,Springhurst loop,Mechanical,7,14.0,N/B,4554.0
2020-03-20,505,14:28:00,Friday,Broadview Station,Emergency Services,4,8.0,N/B,1081.0
2020-03-20,508,15:12:00,Friday,Roncesvalles,General Delay,1,1.0,E/B,
2020-03-20,505,15:12:00,Friday,Dundas West Station,Mechanical,4,8.0,E/B,1035.0
2020-03-20,508,15:32:00,Friday,Roncesvalles,General Delay,1,1.0,E/B,
2020-03-20,504,15:50:00,Friday,King and Elm grove,Investigation,7,14.0,W/B,4453.0
2020-03-20,508,15:52:00,Friday,Roncesvalles,General Delay,1,1.0,E/B,
2020-03-20,501,16:01:00,Friday,Lakeshore and Superior,Mechanical,10,20.0,W/B,4438.0
2020-03-20,508,16:12:00,Friday,Roncesvalles,General Delay,1,1.0,E/B,
2020-03-20,508,16:32:00,Friday,Roncesvalles,General Delay,1,1.0,E/B,
2020-03-20,511,16:36:00,Friday,Bathurst Station,Emergency Services,8,16.0,N/B,4555.0
2020-03-20,503,17:53:00,Friday,Queen and Empire,Mechanical,10,20.0,E/B,8543.0
2020-03-20,510,18:03:00,Friday,Queens Quay and Spadina,Mechanical,5,10.0,N/B,4574.0
2020-03-20,505,18:32:00,Friday,Broadview station,Investigation,5,10.0,W/B,1113.0
2020-03-20,511,20:19:00,Friday,Exhibition Loop,Mechanical,9,18.0,N/B,4580.0
2020-03-20,510,21:32:00,Friday,Spadina Station,Emergency Services,19,29.0,S/B,4574.0
2020-03-20,512,23:22:00,Friday,ST.CLAIR STATION,Mechanical,5,10.0,W/B,4555.0
2020-03-20,506,23:55:00,Friday,College and Dundas,Investigation,43,52.0,W/B,4549.0
2020-03-21,501,00:23:00,Saturday,Neville Park,Emergency Services,20,30.0,E/B,4438.0
2020-03-21,301,04:24:00,Saturday,Connaught Ave and Queen St E,Investigation,10,20.0,W/B,4525.0
2020-03-21,501,06:17:00,Saturday,Humber Loop,Investigation,9,26.0,E/B,4529.0
2020-03-21,505,07:14:00,Saturday,Dundas West Station,Mechanical,10,20.0,E/B,1061.0
2020-03-21,512,08:10:00,Saturday,St Clair and Bathurst,Mechanical,7,12.0,W/B,4484.0
2020-03-21,510,08:20:00,Saturday,Spadina and King,Held By,6,8.0,N/B,4402.0
2020-03-21,510,08:40:00,Saturday,Spadina and King,Mechanical,4,8.0,W/B,4427.0
2020-03-21,512,08:44:00,Saturday,St Clair and Bathurst,Held By,5,14.0,W/B,4585.0
2020-03-21,509,08:44:00,Saturday,Bathurst and Fleet,Held By,8,16.0,W/B,4400.0
2020-03-21,511,08:54:00,Saturday,Bathurst and King,Held By,7,12.0,N/B,4432.0
2020-03-21,512,09:16:00,Saturday,Bathurst and St. Clair,Late Leaving Garage,6,12.0,W/B,4484.0
2020-03-21,509,09:31:00,Saturday,Bathurt and Fleet,Late Leaving Garage,8,16.0,W/B,4400.0
2020-03-21,501,09:33:00,Saturday,Queen/Roncesvalles,Investigation,9,17.0,E/B,4502.0
2020-03-21,512,09:47:00,Saturday,Bathurst and St. Clair,Late Leaving Garage,6,11.0,W/B,4585.0
2020-03-21,501,10:54:00,Saturday,Queen/Sherbourne,Investigation,18,24.0,E/B,4441.0
2020-03-21,504,15:59:00,Saturday,Dundas West Sation,Emergency Services,6,13.0,S/B,4442.0
2020-03-21,504,18:00:00,Saturday,Distillery Loop,Mechanical,7,13.0,N/B,4584.0
2020-03-21,506,18:56:00,Saturday,Gerrard and Marjory,Emergency Services,21,30.0,W/B,4527.0
2020-03-21,505,18:57:00,Saturday,Boadview and Dundas,Mechanical,4,8.0,W/B,9230.0
2020-03-21,506,21:00:00,Saturday,College and Spadina,Utilized Off Route,9,18.0,E/B,4491.0
2020-03-21,509,21:00:00,Saturday,Exhibition Loop,Mechanical,1,2.0,E/B,4415.0
2020-03-21,510,21:09:00,Saturday,Spadina and College,Investigation,10,20.0,S/B,4431.0
2020-03-21,501,21:48:00,Saturday,Queensway and Windmere,Investigation,8,15.0,W/B,4502.0
2020-03-21,506,22:04:00,Saturday,Howard Park and Parkside,Emergency Services,23,33.0,W/B,4582.0
2020-03-21,41,22:26:00,Saturday,EGLINGTON AND KEELE,Utilized Off Route,15,30.0,S/B,1090.0
2020-03-21,501,23:53:00,Saturday,Queensway and Parkside,Held By,43,53.0,W/B,4537.0
2020-03-22,501,00:23:00,Sunday,Neville Park,Emergency Services,20,30.0,E/B,4438.0
2020-03-22,504,00:44:00,Sunday,King and Victoria,Held By,15,25.0,W/B,4567.0
2020-03-22,301,01:24:00,Sunday,Sunnyside Loop,Mechanical,7,14.0,W/B,4441.0
2020-03-22,301,01:24:00,Sunday,Queen and Bay,Mechanical,7,14.0,W/B,4441.0
2020-03-22,306,03:13:00,Sunday,College and Yonge,Mechanical,15,30.0,E/B,4487.0
2020-03-22,506,04:53:00,Sunday,Queen St E at Connaught,Mechanical,7,1.0,E/B,4428.0
2020-03-22,510,08:42:00,Sunday,King and Spadina,Late Leaving Garage,7,15.0,N/B,4599.0
2020-03-22,501,09:35:00,Sunday,Neville loop,Mechanical,15,25.0,W/B,4534.0
2020-03-22,501,11:31:00,Sunday,Queen/Sackville,Investigation,43,52.0,B/W,4540.0
2020-03-22,512,14:38:00,Sunday,St. Clair and Silverthorne,Held By,9,15.0,E/B,4581.0
2020-03-22,509,15:05:00,Sunday,Exhibition loop,Held By,7,14.0,E/B,4422.0
2020-03-22,505,15:48:00,Sunday,Dundas West Station,Mechanical,5,10.0,E/B,8497.0
2020-03-22,510,16:21:00,Sunday,Spadina Station,Emergency Services,4,8.0,N/B,4599.0
2020-03-22,506,16:30:00,Sunday,College and Bathurst,Utilized Off Route,8,16.0,W/B,4575.0
2020-03-22,504,16:36:00,Sunday,Dundas West Station,Mechanical,8,17.0,W/B,4438.0
2020-03-22,510,17:45:00,Sunday,Spadina and King,Mechanical,4,8.0,N/B,4410.0
2020-03-22,505,18:00:00,Sunday,Dundas and Dufferin,Mechanical,5,10.0,E/B,3731.0
2020-03-22,505,18:03:00,Sunday,Dundas West Station,Mechanical,5,10.0,W/B,3727.0
2020-03-22,506,19:54:00,Sunday,Carlton and Sherbourne,Mechanical,10,20.0,W/B,4595.0
2020-03-22,506,20:52:00,Sunday,Gerrard and Broadview,Investigation,36,46.0,E/B,4529.0
2020-03-22,501,21:50:00,Sunday,QUEEN AND SPADINA,Mechanical,10,20.0,W/B,4464.0
2020-03-22,510,22:24:00,Sunday,Spadina and King,Mechanical,10,20.0,S/B,4593.0
2020-03-22,501,23:53:00,Sunday,Queensway and Parkside,Held By,43,53.0,W/B,4537.0
2020-03-23,301,02:30:00,Monday,long branch loop,Emergency Services,3,13.0,E/B,4561.0
2020-03-23,306,02:45:00,Monday,KING AND STRACHAN,Held By,20,40.0,E/B,4531.0
2020-03-23,512,05:05:00,Monday,Bathurst and St Claire,Late Leaving Garage,5,9.0,W/B,
2020-03-23,512,05:05:00,Monday,Bathurst and St Claire,Late Leaving Garage,5,9.0,E/B,
2020-03-23,509,05:06:00,Monday,Bathurst and Fleet,Late Leaving Garage,7,13.0,W/B,
2020-03-23,510,05:14:00,Monday,King and Spadina,Late Leaving Garage,6,13.0,S/B,
2020-03-23,505,05:46:00,Monday,Sherbourne Street,Mechanical,4,8.0,W/B,8962.0
2020-03-23,506,05:55:00,Monday,Coxwell & Gerrard,Late Leaving Garage,7,15.0,E/B,595.0
2020-03-23,506,06:01:00,Monday,Coxwell and Gerrard,Late Leaving Garage,8,16.0,E/B,
2020-03-23,511,06:34:00,Monday,Bathurst and King,Late Leaving Garage,8,15.0,S/B,
2020-03-23,510,06:37:00,Monday,King and Spadina,Late Leaving Garage,9,18.0,N/B,4572.0
2020-03-23,504,07:01:00,Monday,Queen and Broadview,Late Leaving Garage,5,10.0,N/B,
2020-03-23,501,07:03:00,Monday,Woodfield & Queen,Late Leaving Garage,8,16.0,E/B,4576.0
2020-03-23,506,11:40:00,Monday,Main Station,Mechanical,8,16.0,W/B,4595.0
2020-03-23,501,11:50:00,Monday,Lakeshore & 37th,Held By,55,65.0,B/W,4586.0
2020-03-23,505,15:09:00,Monday,Dundas and river,Mechanical,4,8.0,W/B,3167.0
2020-03-23,501,15:41:00,Monday,Spadina and Queen,Mechanical,7,15.0,E/B,4440.0
2020-03-23,501,15:50:00,Monday,Connaught and Queen,Mechanical,12,19.0,E/B,4551.0
2020-03-23,501,16:09:00,Monday,Humber Loop,Mechanical,7,14.0,E/B,4591.0
2020-03-23,504,17:16:00,Monday,King and Spadina,Mechanical,1,1.0,E/B,4594.0
2020-03-23,504,17:48:00,Monday,Distillery Loop,Mechanical,1,1.0,E/B,4594.0
2020-03-23,505,18:02:00,Monday,Broadview station,Mechanical,4,8.0,W/B,1017.0
2020-03-23,511,18:06:00,Monday,Fleet loop,Investigation,8,16.0,N/B,4577.0
2020-03-23,504,18:09:00,Monday,King and Wilson Park,Emergency Services,1,1.0,E/B,4513.0
2020-03-23,501,20:33:00,Monday,QUEEN AND JONES,Investigation,8,16.0,E/B,4591.0
2020-03-23,509,21:03:00,Monday,CNE Loop,Mechanical,9,18.0,E/B,4593.0
2020-03-23,505,21:28:00,Monday,DUNDAS WEST STATION,Mechanical,6,12.0,E/B,1411.0
2020-03-23,501,22:50:00,Monday,GREENWOOD AND QUEEN,Investigation,5,10.0,W/B,4446.0
2020-03-24,505,00:46:00,Tuesday,DUNDAS AND OSSINGTON,Investigation,8,16.0,W/B,8495.0
2020-03-24,501,07:35:00,Tuesday,Queen &Jarvis,Mechanical,26,39.0,E/B,4584.0
2020-03-24,504,12:06:00,Tuesday,Dundas West Station,Investigation,7,14.0,E/B,4443.0
2020-03-24,501,12:53:00,Tuesday,Queen and Broadview,Held By,18,26.0,W/B,4492.0
2020-03-24,504,12:54:00,Tuesday,Broadview at Queen Street East,Mechanical,16,23.0,W/B,4493.0
2020-03-24,505,13:10:00,Tuesday,Dundas West Station,Mechanical,4,8.0,E/B,1267.0
2020-03-24,505,15:37:00,Tuesday,Dundas and Bloor,Investigation,4,8.0,E/B,1266.0
2020-03-24,501,17:05:00,Tuesday,Queena and Sherbourne,Investigation,8,16.0,W/B,4526.0
2020-03-24,505,17:18:00,Tuesday,Dundas West Station,Mechanical,4,8.0,E/B,1083.0
2020-03-24,512,17:52:00,Tuesday,Gunns Loop,Mechanical,6,12.0,E/B,4515.0
2020-03-24,505,19:39:00,Tuesday,Broadview Station,Investigation,4,8.0,W/B,1325.0
2020-03-24,506,19:50:00,Tuesday,College and Euclid,Mechanical,9,18.0,W/B,4553.0
2020-03-24,505,20:22:00,Tuesday,Dundas and Sherbourne,Mechanical,4,8.0,W/B,8597.0
2020-03-24,509,22:04:00,Tuesday,CNE Loop,Mechanical,9,18.0,E/B,4570.0
2020-03-24,504,22:12:00,Tuesday,DUFFERIN LOOP,Mechanical,9,16.0,N/B,4594.0
2020-03-25,510,00:28:00,Wednesday,king and spadina,Investigation,9,18.0,N/B,4600.0
2020-03-25,511,01:10:00,Wednesday,CNE Loop,Mechanical,6,12.0,E/B,4525.0
2020-03-25,301,02:11:00,Wednesday,North Gate Roncesvalles Yard,Investigation,10,20.0,W/B,4534.0
2020-03-25,301,02:26:00,Wednesday,Queen and Connaught,Investigation,1,1.0,W/B,4590.0
2020-03-25,501,05:50:00,Wednesday,Queen & Duncan,Held By,13,25.0,E/B,4529.0
2020-03-25,501,06:11:00,Wednesday,Neville Loop,Mechanical,8,16.0,W/B,4429.0
2020-03-25,510,07:04:00,Wednesday,Spadina/Queens Quay,Mechanical,15,33.0,S/B,4412.0
2020-03-25,509,07:16:00,Wednesday,Union stn,Utilized Off Route,7,15.0,W/B,4453.0
2020-03-25,501,08:30:00,Wednesday,Humber Loop,Mechanical,10,20.0,W/B,4413.0
2020-03-25,501,08:53:00,Wednesday,Humber Loop,Mechanical,10,20.0,W/B,4486.0
2020-03-25,501,09:35:00,Wednesday,Humber Loop,Mechanical,10,20.0,W/B,4538.0
2020-03-25,512,09:35:00,Wednesday,St clair/Earlscourt,Mechanical,7,11.0,W/B,4439.0
2020-03-25,505,10:12:00,Wednesday,University Ave,Mechanical,4,8.0,W/B,8566.0
2020-03-25,506,11:00:00,Wednesday,College Lansdowne,Mechanical,1,1.0,E/B,4554.0
2020-03-25,501,13:33:00,Wednesday,Humber Loop,Investigation,8,15.0,E/B,4455.0
2020-03-25,501,14:39:00,Wednesday,Scarboro Road and Queen,Investigation,8,15.0,W/B,4463.0
2020-03-25,505,14:56:00,Wednesday,DUNDAS AND YONGE,Investigation,4,8.0,E/B,8597.0
2020-03-25,510,15:16:00,Wednesday,Spadina Station,Mechanical,4,8.0,S/B,4570.0
2020-03-25,506,16:38:00,Wednesday,Main STN,Mechanical,9,18.0,W/B,4525.0
2020-03-25,501,18:29:00,Wednesday,Humber Loop,Investigation,7,15.0,E/B,4496.0
2020-03-25,501,19:31:00,Wednesday,Peter and Queen,Investigation,7,15.0,E/B,4504.0
2020-03-25,501,22:04:00,Wednesday,Queen and Jarvis,Mechanical,5,10.0,E/B,4441.0
2020-03-25,501,22:55:00,Wednesday,Queen and Glen Manor,Emergency Services,15,22.0,W/B,4492.0
2020-03-26,505,08:49:00,Thursday,DWS,Mechanical,4,8.0,E/B,1071.0
2020-03-26,505,09:05:00,Thursday,DWS,Mechanical,4,8.0,E/B,1025.0
2020-03-26,505,09:14:00,Thursday,Broatview Station,Mechanical,4,4.0,W/B,8403.0
2020-03-26,505,09:19:00,Thursday,Broadview Station,Mechanical,4,8.0,W/B,8551.0
2020-03-26,505,09:20:00,Thursday,DWS,Mechanical,4,8.0,E/B,1070.0
2020-03-26,505,09:32:00,Thursday,Broadview Station,Mechanical,4,8.0,W/B,8963.0
2020-03-26,505,09:40:00,Thursday,Broadview Station,Mechanical,4,8.0,W/B,9202.0
2020-03-26,505,10:45:00,Thursday,DWS,Mechanical,4,8.0,E/B,1575.0
2020-03-26,511,10:56:00,Thursday,Dundas Street,Mechanical,7,14.0,S/B,4510.0
2020-03-26,509,12:08:00,Thursday,Fleet and Fort York,Emergency Services,6,12.0,E/B,4538.0
2020-03-26,512,12:52:00,Thursday,St Clair and Dufferin,Mechanical,4,8.0,E/B,4511.0
2020-03-26,505,13:38:00,Thursday,Dundas and Jarvis,Investigation,4,8.0,W/B,1348.0
2020-03-26,506,13:43:00,Thursday,Main station,Emergency Services,8,16.0,W/B,4463.0
2020-03-26,504,14:04:00,Thursday,Dufferin Loop`,Emergency Services,29,36.0,E/B,4428.0
2020-03-26,505,15:31:00,Thursday,Dundas West Station,Mechanical,4,8.0,W/B,1109.0
2020-03-26,501,16:03:00,Thursday,Humber Loop,Mechanical,10,20.0,W/B,4547.0
2020-03-26,505,16:14:00,Thursday,Broadview Station,Mechanical,4,8.0,W/B,8544.0
2020-03-26,505,17:12:00,Thursday,Broadview Station,Mechanical,4,8.0,W/B,3152.0
2020-03-26,505,18:32:00,Thursday,Broadview Station,Mechanical,4,8.0,W/B,1071.0
2020-03-26,505,19:59:00,Thursday,Dundas and Bathurst,Mechanical,5,10.0,W/B,8488.0
2020-03-26,506,20:10:00,Thursday,College and Lansdown,Investigation,9,18.0,E/B,4534.0
2020-03-26,512,20:17:00,Thursday,Gunns Loop,Emergency Services,23,31.0,E/B,4465.0
2020-03-26,510,20:37:00,Thursday,SPADINA AND COLLEGE,Mechanical,5,10.0,S/B,4581.0
2020-03-26,505,20:40:00,Thursday,Broadview Station,Mechanical,5,10.0,W/B,8963.0
2020-03-26,506,20:47:00,Thursday,HIPK Loop,Mechanical,9,18.0,E/B,4592.0
2020-03-26,510,21:12:00,Thursday,SPADINA AND KING,Mechanical,5,10.0,N/B,4546.0
2020-03-26,501,21:12:00,Thursday,Queen and Sumach,Investigation,7,14.0,W/B,4452.0
2020-03-26,510,22:19:00,Thursday,SPADINA ND QUEENS QUAY,Investigation,18,27.0,E/B,4412.0
2020-03-26,509,22:19:00,Thursday,SPADINA AND QUEENS QUAY,Investigation,18,27.0,E/B,4538.0
2020-03-27,504,01:24:00,Friday,Dist. Loop,Mechanical,10,20.0,N/B,4494.0
2020-03-27,501,06:40:00,Friday,Neville Loop,Mechanical,8,16.0,W/B,4437.0
2020-03-27,505,09:30:00,Friday,DWS,Mechanical,4,8.0,E/B,1024.0
2020-03-27,505,09:38:00,Friday,DWS,Mechanical,4,8.0,E/B,1041.0
2020-03-27,512,11:33:00,Friday,St. Clair and Via Italia,Investigation,15,20.0,W/B,4572.0
2020-03-27,505,13:38:00,Friday,Brock and Dundas,Mechanical,4,8.0,W/B,8548.0
2020-03-27,511,13:43:00,Friday,CNE Loop,Mechanical,7,14.0,W/B,4412.0
2020-03-27,506,14:39:00,Friday,Howard Park and Indian Road,Emergency Services,21,29.0,W/B,4491.0
2020-03-27,505,14:48:00,Friday,Dundas West Station,Utilized Off Route,4,8.0,W/B,1068.0
2020-03-27,501,16:07:00,Friday,Connaught and Queen,Late Leaving Garage,9,18.0,E/B,4445.0
2020-03-27,504,16:21:00,Friday,Broadview and dundas,Mechanical,7,14.0,W/B,4439.0
2020-03-27,506,16:53:00,Friday,Main Street Station,Emergency Services,8,16.0,W/B,4535.0
2020-03-27,505,17:33:00,Friday,Broadview Station,Mechanical,4,8.0,W/B,3174.0
2020-03-27,503,18:00:00,Friday,Bingham Loop,Emergency Services,10,20.0,W/B,8590.0
2020-03-27,505,18:08:00,Friday,Broadview Station,Mechanical,4,8.0,W/B,8550.0
2020-03-27,505,18:24:00,Friday,Broadview Station,Mechanical,4,8.0,W/B,1633.0
2020-03-27,501,19:03:00,Friday,Connaught and Queen,Late Leaving Garage,7,15.0,E/B,4463.0
2020-03-27,503,19:44:00,Friday,Bingham Loop,Emergency Services,1,1.0,W/B,9209.0
2020-03-27,510,19:45:00,Friday,Charlotte Loop,Mechanical,1,1.0,E/B,4402.0
2020-03-27,506,21:37:00,Friday,Dundas and Howard Park,Investigation,35,44.0,W/B,4421.0
2020-03-27,505,21:51:00,Friday,Lansdowne and College,Utilized Off Route,7,14.0,W/B,1413.0
2020-03-27,505,23:15:00,Friday,Dundas West station,Investigation,8,16.0,W/B,3101.0
2020-03-27,512,23:46:00,Friday,Gunns Loop,Emergency Services,29,39.0,E/B,4505.0
2020-03-28,504,00:47:00,Saturday,Broadview Station,Emergency Services,10,20.0,E/B,4580.0
2020-03-28,310,05:37:00,Saturday,Leslie/Commissioners,Investigation,0,0.0,S/B,4497.0
2020-03-28,501,06:35:00,Saturday,Queen/Connaught,Investigation,25,35.0,E/B,4558.0
2020-03-28,501,07:54:00,Saturday,Neville Loop,Investigation,10,19.0,W/B,4577.0
2020-03-28,504,09:23:00,Saturday,Queen and Broadview,Held By,8,16.0,E/B,4489.0
2020-03-28,501,09:47:00,Saturday,Neville Loop,Investigation,18,25.0,W/B,4463.0
2020-03-28,505,09:51:00,Saturday,Broadview Station,Utilized Off Route,5,10.0,S/B,8566.0
2020-03-28,504,12:11:00,Saturday,Broadview and Queen,Mechanical,6,13.0,E/B,
2020-03-28,501,13:53:00,Saturday,Queen and dufferin,Emergency Services,7,14.0,E/B,4479.0
2020-03-28,504,14:20:00,Saturday,Leslie Barns,Mechanical,6,13.0,W/B,4492.0
2020-03-28,511,14:32:00,Saturday,Cne loop,Mechanical,7,14.0,S/B,4456.0
2020-03-28,504,14:50:00,Saturday,Broadview Station,Mechanical,6,13.0,W/B,4596.0
2020-03-28,510,14:55:00,Saturday,,Investigation,4,8.0,S/B,4418.0
2020-03-28,501,15:15:00,Saturday,Queen and connaught,Emergency Services,1,1.0,W/B,4558.0
2020-03-28,501,16:03:00,Saturday,Queen and Roncy,Emergency Services,1,1.0,E/B,4533.0
2020-03-28,510,17:24:00,Saturday,Spadina Station,Investigation,4,8.0,S/B,4590.0
2020-03-28,504,20:22:00,Saturday,King and Portland,Mechanical,8,17.0,W/B,4540.0
2020-03-28,501,21:46:00,Saturday,Woolsley Loop,Investigation,8,16.0,W/B,4545.0
2020-03-28,501,22:10:00,Saturday,Queen and Sumach,Emergency Services,13,20.0,W/B,4579.0
2020-03-29,504,01:38:00,Sunday,King and Dufferin,Investigation,10,20.0,W/B,4542.0
2020-03-29,504,04:59:00,Sunday,Spadina and Portland,Investigation,5,10.0,E/B,4513.0
2020-03-29,501,05:46:00,Sunday,Humber Loop,Emergency Services,16,26.0,E/B,4488.0
2020-03-29,510,07:05:00,Sunday,SPADINA AND QUEENSQUAY,Held By,15,30.0,S/B,4511.0
2020-03-29,509,07:05:00,Sunday,Queens Quay and Spadina,Mechanical,15,30.0,E/B,4594.0
2020-03-29,504,07:06:00,Sunday,Broadivew and Dunas,Investigation,5,10.0,E/B,4561.0
2020-03-29,506,07:52:00,Sunday,College and Bay,Mechanical,10,20.0,W/B,4602.0
2020-03-29,509,08:59:00,Sunday,Bathurst and King,Late Leaving Garage,8,11.0,W/B,4580.0
2020-03-29,501,10:50:00,Sunday,Humber Loop,Mechanical,10,20.0,E/B,4429.0
2020-03-29,504,14:49:00,Sunday,Springhurst Loop,Emergency Services,40,46.0,S/B,4458.0
2020-03-29,510,15:01:00,Sunday,Spadina STN,Mechanical,8,16.0,S/B,
2020-03-29,512,15:31:00,Sunday,Gunns Loop,Mechanical,6,12.0,E/B,4433.0
2020-03-29,504,16:17:00,Sunday,Dundas West Station,Investigation,6,12.0,E/B,4517.0
2020-03-29,501,18:18:00,Sunday,Lakeshore and Fleeceline,Held By,12,22.0,B/W,4563.0
2020-03-29,501,18:30:00,Sunday,Queen and Broadview,Mechanical,7,14.0,E/B,4445.0
2020-03-30,306,02:07:00,Monday,Dundas West station,Investigation,8,16.0,E/B,4585.0
2020-03-30,505,08:09:00,Monday,Dundas and Gladstone,Investigation,12,24.0,E/B,8874.0
2020-03-30,501,08:37:00,Monday,Neville Loop,Mechanical,13,22.0,W/B,4576.0
2020-03-30,511,09:57:00,Monday,Wolseley Loop,Emergency Services,9,18.0,N/B,4575.0
2020-03-30,501,10:41:00,Monday,Spadina/King,Held By,54,62.0,W/B,4552.0
2020-03-30,511,10:53:00,Monday,Bathurst and Harbord,Held By,10,19.0,S/B,4449.0
2020-03-30,504,12:52:00,Monday,Broadview and Wolfrey,Held By,14,21.0,W/B,4537.0
2020-03-30,506,13:23:00,Monday,Broadview and Grrard,Mechanical,25,33.0,B/W,4459.0
2020-03-30,504,13:27:00,Monday,Broadivew and Gerrard,Held By,21,28.0,W/B,4561.0
2020-03-30,504,17:13:00,Monday,Dundas West Station,Investigation,6,12.0,E/B,4566.0
2020-03-30,506,19:06:00,Monday,Main Station,Mechanical,9,18.0,W/B,4411.0
2020-03-30,501,19:33:00,Monday,Queen and Church,Mechanical,6,13.0,E/B,4545.0
2020-03-30,805,21:58:00,Monday,Queen and Kenilworth,Investigation,1,1.0,E/B,4404.0
2020-03-30,510,22:07:00,Monday,Spadina & Queensquay,Investigation,9,18.0,N/B,4532.0
2020-03-31,501,00:44:00,Tuesday,Humber Loop,Mechanical,10,20.0,W/B,4441.0
2020-03-31,504,01:29:00,Tuesday,King and Dufferin,Mechanical,10,20.0,E/B,4570.0
2020-03-31,301,01:30:00,Tuesday,king and shaw,Mechanical,10,20.0,E/B,4437.0
2020-03-31,506,11:42:00,Tuesday,Dundas and College,Held By,15,22.0,E/B,4423.0
2020-03-31,505,14:51:00,Tuesday,Dundas & Ossington,Mechanical,8,16.0,E/B,8022.0
2020-03-31,501,15:54:00,Tuesday,Humber Loop,Mechanical,7,14.0,E/B,4446.0
2020-03-31,510,18:58:00,Tuesday,Spadina Station,Emergency Services,5,10.0,S/B,4489.0
2020-03-31,501,19:04:00,Tuesday,Queen and Woodfield,Mechanical,8,16.0,W/B,4518.0
2020-03-31,501,20:25:00,Tuesday,HUMBER LOOP,Mechanical,7,15.0,E/B,4432.0
2020-03-31,501,21:57:00,Tuesday,YONGE AND QUEEN,Mechanical,8,16.0,E/B,4571.0
2020-03-31,506,22:40:00,Tuesday,Gerrard and Coxwell,Mechanical,8,16.0,E/B,4509.0
2020-03-31,511,23:45:00,Tuesday,Bathurst Station,Mechanical,9,18.0,S/B,4431.0
