Report Date,Route,Time,Day,Location,Incident ID,Incident,Delay,Gap,Direction,Vehicle
2019-04-01,512,04:26:00,Monday,Roncesvalles Yard.,1,Mechanical,10,20.0,E/B,4460.0
2019-04-01,501,04:27:00,Monday,Queen St. E and Woodfield Ave.,1,Mechanical,17,17.0,E/B,4189.0
2019-04-01,501,04:37:00,Monday,Queen St. E at Greenwood Ave.,1,Mechanical,5,10.0,W/B,4012.0
2019-04-01,501,04:46:00,Monday,Queen St E at Woodfield Ave,1,Mechanical,6,4.0,E/B,4039.0
2019-04-01,510,05:00:00,Monday,King and Spadina,1,Mechanical,11,,N/B,4465.0
2019-04-01,501,05:25:00,Monday,Queen St. E at Greenwood Ave.,7,Held By,1,2.0,W/B,4121.0
2019-04-01,501,05:31:00,Monday,Queen St. E at Greenwood Ave.,1,Mechanical,4,9.0,W/B,4117.0
2019-04-01,506,05:41:00,Monday,Coxwell Ave. and Lower Gerrard St.,1,Mechanical,6,16.0,E/B,4141.0
2019-04-01,501,05:41:00,Monday,Queen St. E at Greenwood Ave.,1,Mechanical,5,10.0,W/B,4114.0
2019-04-01,504,05:44:00,Monday,Leslie Barns,9,Late Leaving Garage,2,6.0,W/B,4459.0
2019-04-01,501,05:47:00,Monday,Leslie Barns,9,Late Leaving Garage,2,6.0,E/B,4529.0
2019-04-01,504,05:47:00,Monday,Leslie Barns,9,Late Leaving Garage,3,6.0,W/B,4429.0
2019-04-01,504,05:47:00,Monday,Leslie Barns,9,Late Leaving Garage,3,6.0,W/B,4467.0
2019-04-01,504,05:51:00,Monday,Dundas wStn,1,Mechanical,0,0.0,W/B,4416.0
2019-04-01,505,06:58:00,Monday,Dundas and Lansdowne,1,Mechanical,4,8.0,W/B,3105.0
2019-04-01,501,07:05:00,Monday,Long Branch Loop,1,Mechanical,10,20.0,E/B,4145.0
2019-04-01,510,07:12:00,Monday,King and Spadina,1,Mechanical,4,8.0,W/B,4494.0
2019-04-01,512,07:25:00,Monday,St Clair and Avenue.,1,Mechanical,5,11.0,E/B,4472.0
2019-04-01,504,07:30:00,Monday,King and Spadina,1,Mechanical,6,12.0,E/B,4489.0
2019-04-01,512,07:39:00,Monday,St Clai W Station,3,Diversion,25,30.0,E/B,4439.0
2019-04-01,501,07:41:00,Monday,Long Branch loop,4,Utilized Off Route,3,8.0,E/B,4050.0
2019-04-01,512,07:58:00,Monday,Oakwood,5,Investigation,5,10.0,W/B,4435.0
2019-04-01,504,08:49:00,Monday,Queen / Carrol,5,Investigation,121,127.0,E/B,4520.0
2019-04-01,501,08:52:00,Monday,Queen/Carroll,8,General Delay,117,122.0,B/W,4516.0
2019-04-01,505,08:59:00,Monday,Dundas West Station to Broadview Station,8,General Delay,20,24.0,B/W,1376.0
2019-04-01,511,10:35:00,Monday,bathurst/ dundas,5,Investigation,4,8.0,N/B,1089.0
2019-04-01,504,10:45:00,Monday,Roncesvalles and Howard Park,1,Mechanical,0,0.0,W/B,4505.0
2019-04-01,506,12:45:00,Monday,High Park Loop,1,Mechanical,5,10.0,,4048.0
2019-04-01,504,13:54:00,Monday,King and University,1,Mechanical,7,14.0,W/B,4505.0
2019-04-01,501,15:46:00,Monday,Queen Street Esat Broadview,5,Investigation,5,10.0,W/B,4119.0
2019-04-01,506,16:03:00,Monday,Gerrard and Broadview,5,Investigation,1,1.0,E/B,4052.0
2019-04-01,506,16:54:00,Monday,High Park Loop,1,Mechanical,4,10.0,,4155.0
2019-04-01,501,17:05:00,Monday,Queen Street West  Beaty,5,Investigation,5,10.0,E/B,4020.0
2019-04-01,501,18:23:00,Monday,Queen Street East   Kingston Rd.,6,Emergency Services,5,19.0,E/B,4049.0
2019-04-01,504,18:26:00,Monday,Cherry St. and Front St.,6,Emergency Services,26,33.0,S/B,4459.0
2019-04-01,504,18:47:00,Monday,Roncesvalles and Queen,3,Diversion,5,12.0,N/B,4417.0
2019-04-01,506,19:36:00,Monday,College and Lansdowne,1,Mechanical,7,10.0,E/B,4155.0
2019-04-01,506,19:52:00,Monday,College and Euclid,1,Mechanical,3,9.0,E/B,4155.0
2019-04-01,506,21:53:00,Monday,College & Lansdowne,1,Mechanical,8,16.0,W/B,4144.0
2019-04-01,505,23:02:00,Monday,Broadview Station,1,Mechanical,7,14.0,W/B,3105.0
2019-04-02,501,05:03:00,Tuesday,Kingston Rd Loop,1,Mechanical,5,15.0,W/B,4023.0
2019-04-02,509,06:04:00,Tuesday,CNE Loop,1,Mechanical,8,16.0,E/B,4479.0
2019-04-02,504,06:06:00,Tuesday,King / Bathurst,1,Mechanical,6,13.0,W/B,4481.0
2019-04-02,506,07:15:00,Tuesday,Coxwell and Lower Gerrard,1,Mechanical,0,0.0,E/B,4179.0
2019-04-02,506,07:55:00,Tuesday,gerrard/greenwood,5,Investigation,4,8.0,W/B,8894.0
2019-04-02,501,08:00:00,Tuesday,Sunnyside Loop,5,Investigation,5,15.0,W/B,4475.0
2019-04-02,505,08:14:00,Tuesday,Dundas and Sherbourne,1,Mechanical,4,8.0,W/B,8936.0
2019-04-02,505,08:20:00,Tuesday,Dundas and Parliament,1,Mechanical,4,8.0,E/B,8322.0
2019-04-02,505,08:38:00,Tuesday,Dundas and University,5,Investigation,4,8.0,E/B,8199.0
2019-04-02,505,08:46:00,Tuesday,Broadview Station to Dundas West Station,8,General Delay,15,19.0,B/W,8939.0
2019-04-02,506,10:55:00,Tuesday,coxwell / gerrard,1,Mechanical,5,10.0,W/B,4089.0
2019-04-02,505,11:22:00,Tuesday,Dundas and Ossingston,5,Investigation,5,10.0,W/B,1229.0
2019-04-02,505,13:23:00,Tuesday,Broadview Station,6,Emergency Services,4,8.0,W/B,8109.0
2019-04-02,501,14:13:00,Tuesday,Queen Street West Brock,5,Investigation,5,20.0,E/B,4053.0
2019-04-02,505,14:50:00,Tuesday,Sterling and Dundas,5,Investigation,4,8.0,W/B,1347.0
2019-04-02,505,15:20:00,Tuesday,Ossington and College,5,Investigation,4,8.0,N/B,8212.0
2019-04-02,506,15:21:00,Tuesday,College and Ossington,3,Diversion,25,30.0,E/B,4110.0
2019-04-02,505,15:29:00,Tuesday,Dundas and Dufferin,4,Utilized Off Route,4,8.0,E/B,8583.0
2019-04-02,501,18:04:00,Tuesday,Queen Street West Lansdowne,8,General Delay,5,19.0,E/B,4103.0
2019-04-02,504,18:10:00,Tuesday,King and University,8,General Delay,9,8.0,B/W,4509.0
2019-04-02,505,18:59:00,Tuesday,Broadview station to Dundas West Station,8,General Delay,1,1.0,B/W,
2019-04-02,504,19:53:00,Tuesday,King and Sumach,5,Investigation,16,22.0,E/B,4442.0
2019-04-02,504,20:54:00,Tuesday,Dundas and Church,5,Investigation,8,16.0,W/B,4442.0
2019-04-02,505,21:55:00,Tuesday,Beverly and Dundas,7,Held By,33,39.0,E/B,8591.0
2019-04-03,301,00:25:00,Wednesday,Neville park Loop.,1,Mechanical,9,18.0,W/B,4195.0
2019-04-03,301,00:47:00,Wednesday,McCaul and Queen,7,Held By,9,18.0,W/B,4494.0
2019-04-03,306,01:30:00,Wednesday,Bay st,1,Mechanical,8,16.0,W/B,4050.0
2019-04-03,512,04:57:00,Wednesday,Bathurst and St Clair,1,Mechanical,0,0.0,W/B,4504.0
2019-04-03,512,05:01:00,Wednesday,Bathurst and St Clair,7,Held By,0,0.0,E/B,4441.0
2019-04-03,501,05:11:00,Wednesday,Queen St E. at Greenwood Ave.,7,Held By,2,2.0,W/B,4155.0
2019-04-03,506,05:12:00,Wednesday,Coxwell Ave. at Lower Gerrard,7,Held By,1,16.0,E/B,4127.0
2019-04-03,509,05:53:00,Wednesday,CNE Loop,1,Mechanical,8,16.0,E/B,4465.0
2019-04-03,501,06:02:00,Wednesday,Queen Church,1,Mechanical,5,10.0,W/B,4023.0
2019-04-03,501,06:16:00,Wednesday,Kingston Rd Loop,1,Mechanical,5,15.0,E/B,4108.0
2019-04-03,504,06:30:00,Wednesday,EB king at Bathurst,1,Mechanical,6,13.0,E/B,4415.0
2019-04-03,501,07:02:00,Wednesday,Queen Augusta,5,Investigation,5,10.0,E/B,7915.0
2019-04-03,506,07:14:00,Wednesday,Howard park/Roncesvalles,1,Mechanical,10,20.0,E/B,7917.0
2019-04-03,512,08:02:00,Wednesday,st.clair/bathurst,1,Mechanical,6,10.0,W/B,4524.0
2019-04-03,501,08:23:00,Wednesday,Queen St East Church,1,Mechanical,5,15.0,W/B,4171.0
2019-04-03,505,08:33:00,Wednesday,Dundas and Bathurst to Dundas and University,8,General Delay,15,19.0,B/W,8944.0
2019-04-03,502,11:29:00,Wednesday,Bingham loop,1,Mechanical,10,20.0,W/B,9236.0
2019-04-03,505,12:30:00,Wednesday,Dundas and Spadina,8,General Delay,15,10.0,,
2019-04-03,511,13:04:00,Wednesday,Bathurst Station,1,Mechanical,4,8.0,S/B,1325.0
2019-04-03,512,13:52:00,Wednesday,st.clair station,5,Investigation,8,13.0,W/B,4455.0
2019-04-03,511,14:34:00,Wednesday,Bathurst and Dundas,1,Mechanical,4,8.0,S/B,1605.0
2019-04-03,504,15:17:00,Wednesday,King and Atlantic,8,General Delay,10,9.0,W/B,4484.0
2019-04-03,501,15:27:00,Wednesday,Queen Street East  Jarvis,6,Emergency Services,5,15.0,E/B,4049.0
2019-04-03,505,16:20:00,Wednesday,Dundas and Bathurst,1,Mechanical,4,8.0,W/B,8177.0
2019-04-03,505,16:53:00,Wednesday,Dundas and Howard Park,1,Mechanical,4,8.0,E/B,8962.0
2019-04-03,503,17:07:00,Wednesday,Queen and Coxwell,1,Mechanical,12,24.0,W/B,8461.0
2019-04-03,505,17:22:00,Wednesday,Dundas and Dufferin,1,Mechanical,4,8.0,W/B,1383.0
2019-04-03,506,18:03:00,Wednesday,Greenwood and Gerrard,1,Mechanical,6,12.0,E/B,4074.0
2019-04-03,506,19:18:00,Wednesday,Church and Carlton,1,Mechanical,6,12.0,E/B,4147.0
2019-04-03,501,19:48:00,Wednesday,Queen and Connaught,1,Mechanical,5,10.0,E/B,4421.0
2019-04-03,505,20:15:00,Wednesday,Broadview Station,1,Mechanical,8,16.0,N/B,8557.0
2019-04-03,511,20:46:00,Wednesday,Bathurst station,1,Mechanical,5,10.0,N/B,1033.0
2019-04-03,506,21:42:00,Wednesday,Main station,1,Mechanical,7,14.0,W/B,4180.0
2019-04-03,512,23:42:00,Wednesday,St.clair and bathurst,5,Investigation,8,16.0,W/B,4504.0
2019-04-04,509,05:55:00,Thursday,Bathurst / Wellington,7,Held By,7,14.0,S/B,4458.0
2019-04-04,506,05:57:00,Thursday,Gerrard/Coxwell,1,Mechanical,7,14.0,E/B,4057.0
2019-04-04,501,06:16:00,Thursday,Coxwell and Lower Gerrard,1,Mechanical,0,0.0,E/B,4071.0
2019-04-04,512,07:03:00,Thursday,Bathurst Station,1,Mechanical,5,10.0,N/B,4465.0
2019-04-04,501,07:29:00,Thursday,Neville Loop,8,General Delay,4,8.0,W/B,4452.0
2019-04-04,501,08:14:00,Thursday,Queen at Wilson Prk to Lansdowne,8,General Delay,11,14.0,E/B,4440.0
2019-04-04,501,08:45:00,Thursday,Long branch loop,7,Held By,36,46.0,E/B,4178.0
2019-04-04,501,09:09:00,Thursday,Queen & Sumach,5,Investigation,27,31.0,E/B,4498.0
2019-04-04,505,09:10:00,Thursday,Dundas and Bathurst to Dundas and University,8,General Delay,15,19.0,B/W,8944.0
2019-04-04,504,10:57:00,Thursday,Distilleryloop,1,Mechanical,7,14.0,W/B,4494.0
2019-04-04,504,10:58:00,Thursday,King Dufferin,7,Held By,7,14.0,E/B,4429.0
2019-04-04,505,11:33:00,Thursday,Spadina and King,1,Mechanical,8,16.0,S/B,4421.0
2019-04-04,501,11:48:00,Thursday,Humbr Loop,1,Mechanical,4,8.0,E/B,4185.0
2019-04-04,505,12:30:00,Thursday,Dundas and Spadina,8,General Delay,15,10.0,,
2019-04-04,511,12:33:00,Thursday,Bathurst Station,5,Investigation,4,8.0,S/B,1086.0
2019-04-04,506,12:41:00,Thursday,Coxwell and Gerrard,8,General Delay,12,18.0,W/B,4135.0
2019-04-04,506,13:12:00,Thursday,Yonge and College,5,Investigation,6,12.0,E/B,4198.0
2019-04-04,504,15:09:00,Thursday,King and Atlantic,8,General Delay,10,9.0,B/W,4479.0
2019-04-04,505,15:30:00,Thursday,Dufferin and Ranee,5,Investigation,4,8.0,S/B,8191.0
2019-04-04,505,15:38:00,Thursday,Dundas and Dennison,1,Mechanical,4,8.0,E/B,1236.0
2019-04-04,505,15:47:00,Thursday,Dundas West Station,1,Mechanical,4,8.0,,8327.0
2019-04-04,505,17:00:00,Thursday,Dundas and Bathurst,5,Investigation,4,8.0,W/B,8489.0
2019-04-04,505,18:32:00,Thursday,Broadview Station,1,Mechanical,4,7.0,,1211.0
2019-04-04,505,19:14:00,Thursday,Dundas and Spadina,1,Mechanical,4,9.0,E/B,8569.0
2019-04-04,511,19:35:00,Thursday,Bathurst and college,8,General Delay,8,13.0,S/B,1357.0
2019-04-04,505,20:50:00,Thursday,Dundas st,8,General Delay,5,10.0,B/W,8437.0
2019-04-04,501,21:12:00,Thursday,Lakeshore and kipling,1,Mechanical,8,16.0,E/B,4186.0
2019-04-04,506,23:53:00,Thursday,Lansdowne,5,Investigation,8,16.0,W/B,4104.0
2019-04-05,301,02:30:00,Friday,Queen and Dufferin,1,Mechanical,37,46.0,W/B,4193.0
2019-04-05,501,06:00:00,Friday,Queen St. E at Greenwood,1,Mechanical,1,6.0,W/B,4089.0
2019-04-05,501,06:10:00,Friday,Queen St. E at Greenwood Ave.,1,Mechanical,1,6.0,W/B,4034.0
2019-04-05,510,07:05:00,Friday,Leslie Barns,9,Late Leaving Garage,7,12.0,W/B,4485.0
2019-04-05,501,07:22:00,Friday,Queen and Connaught,5,Investigation,5,10.0,E/B,4066.0
2019-04-05,505,08:00:00,Friday,University / Dundas,8,General Delay,10,20.0,W/B,1286.0
2019-04-05,501,08:02:00,Friday,Queen and Spadina,5,Investigation,5,11.0,E/B,4160.0
2019-04-05,510,08:40:00,Friday,Lakeshore / Spadina,5,Investigation,6,12.0,S/B,4509.0
2019-04-05,501,08:46:00,Friday,Lakeshore and Burlington,5,Investigation,56,66.0,E/B,4110.0
2019-04-05,504,10:05:00,Friday,King & berkley,7,Held By,6,11.0,E/B,4513.0
2019-04-05,501,10:21:00,Friday,Queen and Spadina,5,Investigation,8,13.0,E/B,4034.0
2019-04-05,505,10:36:00,Friday,Broadview station,1,Mechanical,6,12.0,W/B,1286.0
2019-04-05,505,10:49:00,Friday,Broadview Station,1,Mechanical,6,12.0,W/B,8957.0
2019-04-05,501,11:22:00,Friday,Queen and Connaught,5,Investigation,5,10.0,W/B,4185.0
2019-04-05,504,11:40:00,Friday,Broadview/Queen,7,Held By,6,13.0,S/B,4517.0
2019-04-05,501,12:18:00,Friday,Russell carhouse,1,Mechanical,5,10.0,E/B,4480.0
2019-04-05,504,12:25:00,Friday,Broadview and Danforth,5,Investigation,34,41.0,W/B,4474.0
2019-04-05,505,13:07:00,Friday,Broadview station to Dundasd West Station,8,General Delay,1,1.0,B/W,
2019-04-05,511,13:33:00,Friday,Exibition loop,1,Mechanical,4,8.0,N/B,1349.0
2019-04-05,509,14:06:00,Friday,Fleet Loop,6,Emergency Services,6,12.0,E/B,4503.0
2019-04-05,306,14:45:00,Friday,College and Spadina,4,Utilized Off Route,6,12.0,E/B,4039.0
2019-04-05,504,15:52:00,Friday,Broadview and Dundas,1,Mechanical,6,12.0,E/B,4494.0
2019-04-05,506,15:58:00,Friday,Indian and Howard Park,1,Mechanical,12,18.0,E/B,4127.0
2019-04-05,504,16:00:00,Friday,King and Bay,7,Held By,26,32.0,W/B,4474.0
2019-04-05,506,16:12:00,Friday,Main and Gerrard,5,Investigation,20,26.0,E/B,4178.0
2019-04-05,505,16:31:00,Friday,Gerrard and Broadview,4,Utilized Off Route,5,10.0,E/B,8510.0
2019-04-05,505,16:31:00,Friday,Gerrard and Broadview,4,Utilized Off Route,5,10.0,E/B,8510.0
2019-04-05,504,17:22:00,Friday,Dist Loop,1,Mechanical,6,12.0,N/B,4481.0
2019-04-05,506,17:40:00,Friday,Dufferin and College,1,Mechanical,9,15.0,E/B,4003.0
2019-04-05,501,18:17:00,Friday,Queen Street East Woodfield,5,Investigation,5,19.0,E/B,4125.0
2019-04-05,504,18:21:00,Friday,King and Spadina,8,General Delay,8,7.0,B/W,4517.0
2019-04-05,505,20:04:00,Friday,Dundas West Station,6,Emergency Services,5,10.0,W/B,8373.0
2019-04-05,505,21:00:00,Friday,Dundas west station,1,Mechanical,5,10.0,E/B,1352.0
2019-04-05,504,21:38:00,Friday,Dunsas west station,6,Emergency Services,11,200.0,N/B,4500.0
2019-04-05,512,22:12:00,Friday,St. Clair and vaughn,5,Investigation,7,14.0,W/B,4528.0
2019-04-05,506,23:55:00,Friday,Howard park and Roncy,5,Investigation,9,18.0,W/B,4108.0
2019-04-06,501,00:21:00,Saturday,Peter and Queen,5,Investigation,9,18.0,E/B,4185.0
2019-04-06,501,05:11:00,Saturday,Bathurst / Queen,5,Investigation,6,12.0,W/B,4089.0
2019-04-06,501,08:28:00,Saturday,Queen St,8,General Delay,7,15.0,B/W,4451.0
2019-04-06,512,08:35:00,Saturday,SC STATION,8,General Delay,5,11.0,B/W,4466.0
2019-04-06,506,08:40:00,Saturday,parlament to spadina,3,Diversion,50,58.0,W/B,4012.0
2019-04-06,505,08:46:00,Saturday,Dundas West Station,1,Mechanical,5,10.0,E/B,8216.0
2019-04-06,510,08:56:00,Saturday,SPADINA AND King,1,Mechanical,6,12.0,N/B,4526.0
2019-04-06,511,09:00:00,Saturday,st.clair/keele,1,Mechanical,4,8.0,S/B,1415.0
2019-04-06,510,09:13:00,Saturday,Spadina and King,1,Mechanical,6,12.0,N/B,4516.0
2019-04-06,510,09:19:00,Saturday,Spadina and King,1,Mechanical,5,10.0,W/B,4476.0
2019-04-06,505,09:47:00,Saturday,Dundas and Spadina,1,Mechanical,5,10.0,E/B,8202.0
2019-04-06,501,11:39:00,Saturday,Greenwood ? Queen,6,Emergency Services,6,12.0,E/B,4108.0
2019-04-06,506,12:29:00,Saturday,University and College,8,General Delay,9,15.0,W/B,4050.0
2019-04-06,512,13:56:00,Saturday,St. Clair Station,8,General Delay,7,6.0,W/B,4413.0
2019-04-06,501,14:25:00,Saturday,Ossington to Yonge,8,General Delay,10,15.0,B/W,4534.0
2019-04-06,511,14:27:00,Saturday,King to Dundas on Bathurst,8,General Delay,8,13.0,B/W,1060.0
2019-04-06,504,15:00:00,Saturday,Dufferin to Dundas West STN,8,General Delay,20,35.0,B/W,
2019-04-06,505,15:11:00,Saturday,University,8,General Delay,18,14.0,E/B,8186.0
2019-04-06,506,15:17:00,Saturday,Woodbine and Gerrard,1,Mechanical,6,12.0,E/B,4002.0
2019-04-06,511,16:00:00,Saturday,Front and Bathurst,1,Mechanical,4,8.0,S/B,1128.0
2019-04-06,509,17:15:00,Saturday,CNE Loop,8,General Delay,8,7.0,E/B,4456.0
2019-04-06,505,17:24:00,Saturday,Sherbourne,5,Investigation,4,8.0,E/B,8601.0
2019-04-06,501,18:09:00,Saturday,Royal York and Lakeshore,1,Mechanical,10,20.0,E/B,4165.0
2019-04-06,512,18:16:00,Saturday,St. Clair and Lansdowne,1,Mechanical,1,2.0,W/B,4501.0
2019-04-06,512,20:31:00,Saturday,St Clair,8,General Delay,5,11.0,B/W,4519.0
2019-04-06,501,20:33:00,Saturday,Queen St,8,General Delay,10,15.0,B/W,4145.0
2019-04-06,509,20:44:00,Saturday,Exhibition,8,General Delay,9,18.0,B/W,4493.0
2019-04-06,511,22:07:00,Saturday,Exhibition,1,Mechanical,5,10.0,W/B,1143.0
2019-04-07,504,01:25:00,Sunday,Leslie and Queen,6,Emergency Services,1,1.0,S/B,4477.0
2019-04-07,301,02:13:00,Sunday,Parklawn and Lakeshore,1,Mechanical,9,18.0,E/B,4165.0
2019-04-07,304,07:32:00,Sunday,Roncesvalles and Queen,1,Mechanical,10,20.0,S/B,4531.0
2019-04-07,501,08:20:00,Sunday,Queensway/Windermere,1,Mechanical,5,10.0,W/B,4108.0
2019-04-07,501,09:41:00,Sunday,Humber loop,1,Mechanical,10,30.0,W/B,4103.0
2019-04-07,506,11:26:00,Sunday,College Lansdowne,7,Held By,22,26.0,E/B,4086.0
2019-04-07,501,12:07:00,Sunday,Queen and Greenwood,8,General Delay,3,8.0,W/B,4105.0
2019-04-07,501,12:23:00,Sunday,Lakeshore and Legion,5,Investigation,50,60.0,E/B,4003.0
2019-04-07,505,12:45:00,Sunday,dundas/bathurst,1,Mechanical,5,10.0,W/B,8582.0
2019-04-07,501,13:56:00,Sunday,Queen and Woodbine,5,Investigation,5,10.0,E/B,4039.0
2019-04-07,504,15:40:00,Sunday,Dundas and Bloor,7,Held By,5,14.0,S/B,4485.0
2019-04-07,506,16:35:00,Sunday,Dufferin and College,1,Mechanical,8,16.0,W/B,4156.0
2019-04-07,501,17:12:00,Sunday,Shaw and Quen,1,Mechanical,5,10.0,E/B,4145.0
2019-04-07,501,17:12:00,Sunday,Shaw and Queen,1,Mechanical,5,10.0,E/B,4145.0
2019-04-07,501,17:30:00,Sunday,Mimmico and Lakeshore,5,Investigation,5,10.0,W/B,4003.0
2019-04-07,504,17:34:00,Sunday,Roncesvalles and Garden,7,Held By,8,17.0,N/B,4509.0
2019-04-07,501,17:35:00,Sunday,Queen and Neville loop,1,Mechanical,5,10.0,W/B,4068.0
2019-04-07,510,21:44:00,Sunday,Queensquey Loop,6,Emergency Services,7,14.0,W/B,4477.0
2019-04-07,511,22:31:00,Sunday,Dundas and Bathurst,5,Investigation,8,16.0,S/B,1421.0
2019-04-07,512,23:14:00,Sunday,St Clair and Glenholme,7,Held By,28,38.0,W/B,4424.0
2019-04-07,509,23:16:00,Sunday,Queensquey and Dan lackie way,7,Held By,23,33.0,B/W,4497.0
2019-04-07,505,23:22:00,Sunday,Lansdowne and Dundas,4,Utilized Off Route,8,16.0,E/B,8591.0
2019-04-07,501,23:59:00,Sunday,Kipling loop,6,Emergency Services,9,18.0,W/B,4108.0
2019-04-08,501,04:17:00,Monday,Queen St. E and Greenwood Ave,1,Mechanical,2,1.0,W/B,4089.0
2019-04-08,511,05:33:00,Monday,Trethewey  Clearview,1,Mechanical,5,10.0,E/B,1092.0
2019-04-08,504,06:10:00,Monday,Queen and Broadview,1,Mechanical,7,14.0,E/B,4407.0
2019-04-08,501,06:16:00,Monday,Queen St. E at Greenwood Ave.,7,Held By,2,7.0,W/B,4131.0
2019-04-08,510,07:13:00,Monday,King and Spadina,1,Mechanical,4,8.0,E/B,4516.0
2019-04-08,505,07:39:00,Monday,Gerrard,1,Mechanical,4,8.0,W/B,8572.0
2019-04-08,505,08:48:00,Monday,Agusta,5,Investigation,4,8.0,E/B,8406.0
2019-04-08,506,09:10:00,Monday,Bathurst Dundas,6,Emergency Services,8,12.0,N/B,1051.0
2019-04-08,505,09:13:00,Monday,RiverStreet,8,General Delay,12,8.0,W/B,8588.0
2019-04-08,511,11:07:00,Monday,Bathurst Dundas,5,Investigation,5,10.0,S/B,1052.0
2019-04-08,506,11:09:00,Monday,college landsdowne,1,Mechanical,5,10.0,N/B,4150.0
2019-04-08,506,12:09:00,Monday,Carlton / Parliament,1,Mechanical,5,10.0,E/B,4123.0
2019-04-08,501,12:30:00,Monday,Queen and Broadview,1,Mechanical,4,9.0,E/B,4100.0
2019-04-08,511,13:00:00,Monday,Bathurst stn,1,Mechanical,4,8.0,N/B,1121.0
2019-04-08,512,14:17:00,Monday,Bathurst Stn,1,Mechanical,5,10.0,N/B,4483.0
2019-04-08,510,14:54:00,Monday,Spadina and Queens Quay,1,Mechanical,4,8.0,S/B,4519.0
2019-04-08,512,16:13:00,Monday,Gunns Loop,1,Mechanical,6,12.0,E/B,4423.0
2019-04-08,512,16:22:00,Monday,St. Clair STN,1,Mechanical,6,12.0,W/B,4504.0
2019-04-08,511,16:30:00,Monday,Bathurst / Queen,6,Emergency Services,5,10.0,S/B,1626.0
2019-04-08,505,16:31:00,Monday,Parliament and Dundas,7,Held By,4,8.0,E/B,8589.0
2019-04-08,501,16:33:00,Monday,Queen and Dowling,3,Diversion,14,19.0,W/B,4042.0
2019-04-08,505,16:44:00,Monday,Yonge and Dundas/Victoria,5,Investigation,4,8.0,E/B,8593.0
2019-04-08,505,16:44:00,Monday,Younge/Victoria and Dundas,5,Investigation,4,8.0,E/B,8593.0
2019-04-08,504,16:45:00,Monday,King/Atlantic,10,Overhead - Pantograph,219,226.0,B/W,4467.0
2019-04-08,506,16:49:00,Monday,Carlton / Jarvis,6,Emergency Services,17,22.0,E/B,4178.0
2019-04-08,504,17:20:00,Monday,Dufferin-Spadina,10,Overhead - Pantograph,144,151.0,B/W,4430.0
2019-04-08,510,17:28:00,Monday,King and Spadina,7,Held By,141,146.0,N/B,4451.0
2019-04-08,505,18:21:00,Monday,Dundas and University,8,General Delay,1,1.0,W/B,3101.0
2019-04-08,501,19:40:00,Monday,Queen and River,1,Mechanical,21,25.0,E/B,4100.0
2019-04-08,505,20:10:00,Monday,Shaw and Dundas,5,Investigation,1,1.0,N/B,8483.0
2019-04-08,501,20:30:00,Monday,Queen st,8,General Delay,5,10.0,B/W,4156.0
2019-04-08,512,20:45:00,Monday,St. Clair and Vaughn,7,Held By,8,16.0,E/B,4435.0
2019-04-08,501,20:59:00,Monday,Humber loop,6,Emergency Services,5,10.0,W/B,4513.0
2019-04-08,511,23:19:00,Monday,Dundas and Bathurst,5,Investigation,5,10.0,N/B,1068.0
2019-04-08,805,23:26:00,Monday,Leslie Barns,5,Investigation,1,1.0,S/B,4491.0
2019-04-09,505,00:16:00,Tuesday,Bay and Dundas,4,Utilized Off Route,7,14.0,E/B,8561.0
2019-04-09,510,00:30:00,Tuesday,charlotte loop,6,Emergency Services,8,16.0,S/B,4503.0
2019-04-09,301,02:09:00,Tuesday,Humber loop,5,Investigation,9,18.0,E/B,4010.0
2019-04-09,304,04:14:00,Tuesday,Dundas West Station Platform,5,Investigation,24,44.0,E/B,4492.0
2019-04-09,310,04:27:00,Tuesday,Spadina and Queensquay loop,5,Investigation,30,60.0,W/B,4409.0
2019-04-09,504,05:32:00,Tuesday,King / Parliament,1,Mechanical,6,12.0,W/B,4459.0
2019-04-09,506,06:03:00,Tuesday,Coxwell Ave. and Lower Gerrard,9,Late Leaving Garage,4,8.0,W/B,4148.0
2019-04-09,501,06:26:00,Tuesday,Gladstone / Queen,1,Mechanical,6,12.0,E/B,4123.0
2019-04-09,506,07:51:00,Tuesday,Coxwell Gerrard,1,Mechanical,4,12.0,E/B,4051.0
2019-04-09,501,08:12:00,Tuesday,Bouton / Queen,1,Mechanical,7,14.0,W/B,4169.0
2019-04-09,501,08:53:00,Tuesday,Queen / McCaul,5,Investigation,6,12.0,E/B,4410.0
2019-04-09,504,09:54:00,Tuesday,Dundas w stn,8,General Delay,7,14.0,E/B,4529.0
2019-04-09,504,10:07:00,Tuesday,Roncesvalles/Queen,7,Held By,5,8.0,E/B,4510.0
2019-04-09,506,10:29:00,Tuesday,Howard Park  Roncesvalles,7,Held By,10,18.0,W/B,4117.0
2019-04-09,501,11:03:00,Tuesday,Russell,1,Mechanical,6,12.0,E/B,4023.0
2019-04-09,510,11:20:00,Tuesday,Spadina and Richmond,1,Mechanical,4,8.0,S/B,4505.0
2019-04-09,504,11:39:00,Tuesday,King/trinity,5,Investigation,18,25.0,E/B,4433.0
2019-04-09,512,12:08:00,Tuesday,St Clair and Yonge,7,Held By,4,9.0,W/B,4506.0
2019-04-09,501,12:35:00,Tuesday,Queen and University,7,Held By,23,28.0,E/B,4195.0
2019-04-09,505,12:56:00,Tuesday,Berverly  Dundas Street West,5,Investigation,5,15.0,E/B,8568.0
2019-04-09,501,13:55:00,Tuesday,Queensway and Roncesvalles,1,Mechanical,5,9.0,E/B,4485.0
2019-04-09,506,15:02:00,Tuesday,Main station,1,Mechanical,5,10.0,W/B,4074.0
2019-04-09,506,15:18:00,Tuesday,College / Younge,6,Emergency Services,9,14.0,W/B,4176.0
2019-04-09,506,15:33:00,Tuesday,High park,1,Mechanical,5,10.0,W/B,4020.0
2019-04-09,501,16:07:00,Tuesday,Queensway and Humber Loop,7,Held By,10,15.0,E/B,4531.0
2019-04-09,501,16:48:00,Tuesday,Lakeshore and Parklawn,5,Investigation,26,36.0,W/B,4053.0
2019-04-09,504,17:00:00,Tuesday,Dundas West Station,8,General Delay,9,8.0,B/W,4472.0
2019-04-09,504,17:37:00,Tuesday,Sumach and King,1,Mechanical,6,12.0,W/B,4443.0
2019-04-09,501,18:27:00,Tuesday,Queen and Elmer,5,Investigation,12,17.0,W/B,4131.0
2019-04-09,501,19:06:00,Tuesday,Queen and Victoria,1,Mechanical,5,9.0,E/B,4180.0
2019-04-09,501,19:35:00,Tuesday,Queen and Shaw,1,Mechanical,4,8.0,E/B,4001.0
2019-04-09,504,20:05:00,Tuesday,Broadview and Danforth,7,Held By,15,22.0,E/B,4509.0
2019-04-09,504,20:44:00,Tuesday,King and Dufferin,1,Mechanical,8,16.0,N/B,4516.0
2019-04-09,509,20:47:00,Tuesday,Queens Quay Stop in Harborfront Tunnel,6,Emergency Services,26,32.0,W/B,4436.0
2019-04-09,510,20:47:00,Tuesday,Queens Quat platform in Harborfront Tunnel,7,Held By,26,32.0,W/B,4452.0
2019-04-09,505,21:02:00,Tuesday,Buthurst and Dundas,4,Utilized Off Route,5,10.0,W/B,8561.0
2019-04-09,506,21:29:00,Tuesday,Parliament/Gerrard,1,Mechanical,4,8.0,W/B,4191.0
2019-04-09,505,22:32:00,Tuesday,Spadina and Dundas,1,Mechanical,7,14.0,E/B,1230.0
2019-04-09,504,23:39:00,Tuesday,Disterilly Loop,1,Mechanical,8,16.0,N/B,4521.0
2019-04-09,504,23:59:00,Tuesday,King And Jarvis,5,Investigation,21,29.0,E/B,4526.0
2019-04-10,306,02:31:00,Wednesday,Coxwell and Lower Gerrard,5,Investigation,1,1.0,E/B,4132.0
2019-04-10,306,02:45:00,Wednesday,Parliament and Gerrard,1,Mechanical,15,30.0,W/B,4179.0
2019-04-10,301,04:04:00,Wednesday,Kipling Loop,1,Mechanical,9,18.0,W/B,4039.0
2019-04-10,506,04:42:00,Wednesday,Coxwell Ave and Lower Gerrard,1,Mechanical,5,15.0,W/B,4108.0
2019-04-10,511,05:47:00,Wednesday,Mount Dennis Garage,1,Mechanical,4,8.0,N/B,1034.0
2019-04-10,505,06:24:00,Wednesday,DWS,1,Mechanical,7,14.0,E/B,3107.0
2019-04-10,501,08:17:00,Wednesday,Russell,1,Mechanical,6,12.0,E/B,4123.0
2019-04-10,506,09:06:00,Wednesday,St George and College,7,Held By,8,14.0,E/B,4004.0
2019-04-10,503,09:11:00,Wednesday,Wellington and Scott st.,5,Investigation,12,24.0,W/B,8946.0
2019-04-10,506,09:20:00,Wednesday,Ossington and College,1,Mechanical,6,12.0,W/B,4150.0
2019-04-10,506,09:31:00,Wednesday,University and College,5,Investigation,10,20.0,E/B,8746.0
2019-04-10,505,09:54:00,Wednesday,University,8,General Delay,18,8.0,E/B,18.0
2019-04-10,501,11:05:00,Wednesday,Lakeshore / Parklawn,5,Investigation,7,14.0,E/B,4021.0
2019-04-10,511,13:16:00,Wednesday,Bathurst & Fleet,5,Investigation,4,8.0,S/B,1263.0
2019-04-10,501,13:29:00,Wednesday,Queensway and Parkside,8,General Delay,10,8.0,W/B,4422.0
2019-04-10,501,14:02:00,Wednesday,Humber Loop,1,Mechanical,5,9.0,,4077.0
2019-04-10,501,14:43:00,Wednesday,Queen and Victoria,5,Investigation,4,8.0,E/B,4066.0
2019-04-10,501,14:54:00,Wednesday,Neville Park Loop,1,Mechanical,4,9.0,,4170.0
2019-04-10,502,15:17:00,Wednesday,Bingham Loop,1,Mechanical,12,24.0,W/B,8562.0
2019-04-10,506,18:24:00,Wednesday,Gerrard & Broadview,1,Mechanical,6,12.0,W/B,4146.0
2019-04-10,504,22:14:00,Wednesday,king and simcoe,7,Held By,19,27.0,W/B,4419.0
2019-04-11,506,00:19:00,Thursday,Lansdowne,1,Mechanical,9,18.0,E/B,4155.0
2019-04-11,505,01:42:00,Thursday,Broadview Station,5,Investigation,1,1.0,E/B,8352.0
2019-04-11,301,02:07:00,Thursday,Glendale and Queensway,7,Held By,8,17.0,W/B,4480.0
2019-04-11,501,05:08:00,Thursday,Queen St. E at Greenwood Ave.,1,Mechanical,2,5.0,W/B,4074.0
2019-04-11,504,05:31:00,Thursday,Brodview and Queen,7,Held By,9,19.0,W/B,4443.0
2019-04-11,504,05:35:00,Thursday,Leslie Barns,9,Late Leaving Garage,2,2.0,W/B,4459.0
2019-04-11,504,05:47:00,Thursday,Leslie Barns,9,Late Leaving Garage,1,1.0,W/B,4526.0
2019-04-11,512,06:30:00,Thursday,Bathurst and St Clair,7,Held By,0,0.0,E/B,4412.0
2019-04-11,504,07:32:00,Thursday,Broadview and Queen,4,Utilized Off Route,5,10.0,W/B,4447.0
2019-04-11,511,07:54:00,Thursday,Bathurst and Fort york,1,Mechanical,4,8.0,N/B,1096.0
2019-04-11,509,08:35:00,Thursday,QQ/Bay,6,Emergency Services,14,22.0,E/B,4519.0
2019-04-11,509,08:35:00,Thursday,Ferry Docks Stn Stop,5,Investigation,14,21.0,E/B,4519.0
2019-04-11,506,11:09:00,Thursday,Gerrard and River,7,Held By,25,33.0,B/W,4069.0
2019-04-11,512,11:22:00,Thursday,St. Clair and Bathurst,7,Held By,5,10.0,E/B,4516.0
2019-04-11,504,12:27:00,Thursday,King / Sherbourne,1,Mechanical,6,12.0,E/B,4523.0
2019-04-11,506,14:27:00,Thursday,College & Spadina,5,Investigation,21,27.0,E/B,4040.0
2019-04-11,504,16:00:00,Thursday,Broadview Station,5,Investigation,7,13.0,W/B,4490.0
2019-04-11,512,16:25:00,Thursday,St Clair/Bathurst,1,Mechanical,11,16.0,W/B,4415.0
2019-04-11,504,17:08:00,Thursday,King and Spadina,8,General Delay,9,8.0,B/W,4528.0
2019-04-11,506,17:35:00,Thursday,College & Borden,5,Investigation,25,31.0,W/B,4089.0
2019-04-11,501,18:27:00,Thursday,Lakeshore and Louisa,6,Emergency Services,15,20.0,W/B,4111.0
2019-04-11,506,18:34:00,Thursday,College & Dufferin,1,Mechanical,4,8.0,W/B,4110.0
2019-04-11,505,20:32:00,Thursday,Dundas st,8,General Delay,5,10.0,B/W,8483.0
2019-04-11,501,20:37:00,Thursday,Queen and Strachan,1,Mechanical,5,10.0,W/B,4150.0
2019-04-11,501,20:49:00,Thursday,Queen and Dowling,7,Held By,11,16.0,E/B,4463.0
2019-04-11,504,21:09:00,Thursday,Kimng and University,5,Investigation,6,12.0,E/B,4479.0
2019-04-11,501,21:18:00,Thursday,Queen and University,5,Investigation,5,10.0,E/B,4133.0
2019-04-12,301,00:44:00,Friday,Queen and Dovercourt,5,Investigation,9,18.0,W/B,4133.0
2019-04-12,504,01:17:00,Friday,Roncesvalles and Wright,7,Held By,72,81.0,S/B,4483.0
2019-04-12,510,01:27:00,Friday,Spadina and King,7,Held By,7,14.0,S/B,4520.0
2019-04-12,510,02:12:00,Friday,Queens Quay and Reece,1,Mechanical,39,47.0,W/B,4524.0
2019-04-12,301,03:29:00,Friday,Neville Loop,5,Investigation,1,1.0,W/B,4052.0
2019-04-12,504,05:23:00,Friday,Leslie Barns,9,Late Leaving Garage,2,2.0,W/B,4413.0
2019-04-12,501,05:42:00,Friday,Roncevalles,1,Mechanical,12,18.0,E/B,4123.0
2019-04-12,501,05:52:00,Friday,Palmerston / Queen,1,Mechanical,10,20.0,W/B,4132.0
2019-04-12,501,06:16:00,Friday,Queen St. E at Greenwood Ave.,1,Mechanical,2,7.0,W/B,4074.0
2019-04-12,512,06:29:00,Friday,Winona,1,Mechanical,6,9.0,W/B,4464.0
2019-04-12,510,06:55:00,Friday,Union station,1,Mechanical,8,13.0,W/B,4476.0
2019-04-12,501,07:31:00,Friday,Connaught,1,Mechanical,6,12.0,W/B,4535.0
2019-04-12,510,07:41:00,Friday,King/Spadina,4,Utilized Off Route,4,8.0,S/B,4529.0
2019-04-12,512,07:51:00,Friday,Gunns Loop,1,Mechanical,4,8.0,E/B,4409.0
2019-04-12,511,07:57:00,Friday,Portland Wellingston,5,Investigation,6,6.0,N/B,1260.0
2019-04-12,510,08:46:00,Friday,Spadina/king,1,Mechanical,4,8.0,N/B,4536.0
2019-04-12,510,11:06:00,Friday,SPADINA/SULLIVAN,1,Mechanical,4,8.0,S/B,4466.0
2019-04-12,504,13:15:00,Friday,King / Queen,7,Held By,9,15.0,E/B,4414.0
2019-04-12,501,13:26:00,Friday,Queen and Roncesvalles,8,General Delay,20,15.0,W/B,4034.0
2019-04-12,510,13:56:00,Friday,Spadina Station,5,Investigation,4,8.0,N/B,4529.0
2019-04-12,505,14:08:00,Friday,Bathurst and Wolseley loop,5,Investigation,4,8.0,S/B,1217.0
2019-04-12,504,14:52:00,Friday,Roncesvalles / Queen,6,Emergency Services,46,52.0,B/W,4468.0
2019-04-12,501,15:13:00,Friday,Queensway and Roncesvalles,1,Mechanical,5,9.0,E/B,4053.0
2019-04-12,503,15:45:00,Friday,Birchmount Garage,1,Mechanical,12,24.0,E/B,8950.0
2019-04-12,504,16:21:00,Friday,Quen / Roncesvalles,1,Mechanical,1,1.0,E/B,4447.0
2019-04-12,501,16:29:00,Friday,Queen and Simcoe,5,Investigation,27,32.0,E/B,4512.0
2019-04-12,504,17:35:00,Friday,King and Spadina,8,General Delay,8,7.0,B/W,4511.0
2019-04-12,502,17:40:00,Friday,Bingham road and Kingston road (Bingham loop),6,Emergency Services,12,24.0,W/B,8430.0
2019-04-12,510,17:47:00,Friday,Union Station,1,Mechanical,4,8.0,N/B,4443.0
2019-04-12,501,18:25:00,Friday,Humber Loop,1,Mechanical,4,9.0,E/B,4074.0
2019-04-12,512,18:45:00,Friday,St Clair/Oakwood,1,Mechanical,0,0.0,E/B,4442.0
2019-04-12,509,18:57:00,Friday,CNE loop,1,Mechanical,0,0.0,E/B,4521.0
2019-04-12,501,20:30:00,Friday,Queen st,8,General Delay,5,10.0,B/W,4050.0
2019-04-12,501,20:34:00,Friday,Humber Loop,1,Mechanical,5,10.0,E/B,4050.0
2019-04-12,501,20:36:00,Friday,Russel Yard,1,Mechanical,5,10.0,E/B,4520.0
2019-04-12,504,20:38:00,Friday,King and Blue Jay way,7,Held By,5,11.0,E/B,4402.0
2019-04-12,504,21:09:00,Friday,Ontario,1,Mechanical,1,1.0,W/B,4472.0
2019-04-12,506,21:35:00,Friday,Yonge and Carlton,8,General Delay,7,14.0,B/W,4184.0
2019-04-13,509,00:39:00,Saturday,Bathurst st,1,Mechanical,10,20.0,W/B,4485.0
2019-04-13,504,00:45:00,Saturday,Dufferin Loop,1,Mechanical,9,18.0,E/B,4531.0
2019-04-13,504,00:58:00,Saturday,Spadina and King,6,Emergency Services,6,15.0,W/B,4402.0
2019-04-13,306,02:08:00,Saturday,College and Beverley,5,Investigation,12,21.0,E/B,4145.0
2019-04-13,506,06:25:00,Saturday,Coxwell Av. and Gerrard St.,1,Mechanical,7,15.0,E/B,4021.0
2019-04-13,501,07:16:00,Saturday,Queen/Bathurst,6,Emergency Services,6,12.0,W/B,4150.0
2019-04-13,505,08:15:00,Saturday,Dundas W Stn,1,Mechanical,6,11.0,E/B,8130.0
2019-04-13,510,08:16:00,Saturday,Spadina Station,5,Investigation,8,16.0,S/B,4532.0
2019-04-13,512,08:20:00,Saturday,Around the S Bend at Roncesvalles Yard.,1,Mechanical,0,0.0,W/B,4482.0
2019-04-13,512,08:40:00,Saturday,Lansdowne and St Clair,8,General Delay,10,20.0,B/W,4462.0
2019-04-13,511,09:30:00,Saturday,Bathurst Fleet,5,Investigation,6,12.0,N/B,1127.0
2019-04-13,501,09:52:00,Saturday,Lakeshore/12th street,1,Mechanical,10,20.0,E/B,4145.0
2019-04-13,512,09:55:00,Saturday,Around S Bend at Roncesvalles Yard,1,Mechanical,0,0.0,W/B,4412.0
2019-04-13,501,10:48:00,Saturday,Humber loop,1,Mechanical,4,8.0,E/B,4145.0
2019-04-13,501,11:34:00,Saturday,Queensway/Glendale,5,Investigation,33,39.0,E/B,4423.0
2019-04-13,505,12:09:00,Saturday,Dufferin,8,General Delay,10,14.0,E/B,8427.0
2019-04-13,505,12:25:00,Saturday,Dundas/Munro,5,Investigation,4,8.0,W/B,8524.0
2019-04-13,505,13:14:00,Saturday,Brdv/Dundas,1,Mechanical,4,8.0,W/B,8427.0
2019-04-13,501,13:21:00,Saturday,Neville Loop,6,Emergency Services,12,16.0,W/B,4057.0
2019-04-13,506,13:35:00,Saturday,High Park Loop,1,Mechanical,6,12.0,E/B,4011.0
2019-04-13,504,13:36:00,Saturday,King and Charlotte,7,Held By,42,47.0,B/W,4420.0
2019-04-13,501,13:43:00,Saturday,Queen and Beaconsfield,1,Mechanical,4,8.0,W/B,4068.0
2019-04-13,504,14:00:00,Saturday,Spadina and King,5,Investigation,26,30.0,S/B,4528.0
2019-04-13,509,14:02:00,Saturday,Union Station,4,Utilized Off Route,6,12.0,W/B,4468.0
2019-04-13,510,14:05:00,Saturday,Spadina/King,5,Investigation,22,26.0,S/B,4514.0
2019-04-13,510,14:40:00,Saturday,Spadina/Lakeshore,7,Held By,10,14.0,S/B,4410.0
2019-04-13,501,15:18:00,Saturday,Leslie and Queen,8,General Delay,1,1.0,W/B,4098.0
2019-04-13,501,15:49:00,Saturday,Lee amnd Queen,6,Emergency Services,5,10.0,E/B,4002.0
2019-04-13,512,15:53:00,Saturday,Winona,8,General Delay,6,10.0,E/B,4504.0
2019-04-13,501,16:05:00,Saturday,Dovercourt and Queen,5,Investigation,5,10.0,W/B,4104.0
2019-04-13,506,16:15:00,Saturday,Gerrard & Coxwell,1,Mechanical,6,12.0,E/B,4145.0
2019-04-13,506,17:15:00,Saturday,Dundas & Parliament,1,Mechanical,0,0.0,W/B,4146.0
2019-04-13,506,19:40:00,Saturday,Gerrard and Marjory,1,Mechanical,1,1.0,W/B,4023.0
2019-04-13,511,20:33:00,Saturday,Bathurst Street,8,General Delay,5,10.0,B/W,1023.0
2019-04-13,505,20:33:00,Saturday,Dundas Street,8,General Delay,10,15.0,B/W,8356.0
2019-04-13,505,20:51:00,Saturday,Dundas St,8,General Delay,5,10.0,B/W,9223.0
2019-04-13,512,23:19:00,Saturday,Gunns Loop,6,Emergency Services,19,28.0,E/B,4482.0
2019-04-14,301,01:21:00,Sunday,Lakeshore at Humber loop,5,Investigation,30,39.0,W/B,4117.0
2019-04-14,506,01:42:00,Sunday,Bathurst St and College,1,Mechanical,8,16.0,E/B,4195.0
2019-04-14,306,01:55:00,Sunday,Spadian and College,5,Investigation,17,25.0,W/B,4105.0
2019-04-14,301,02:02:00,Sunday,Shaw,1,Mechanical,9,18.0,E/B,4185.0
2019-04-14,306,03:28:00,Sunday,Spadina and College,5,Investigation,303,303.0,B/W,4143.0
2019-04-14,510,05:15:00,Sunday,King Street and Spadina,5,Investigation,18,22.0,N/B,4436.0
2019-04-14,512,07:15:00,Sunday,Around S Bend at Roncesvalles Yard,1,Mechanical,0,0.0,W/B,4499.0
2019-04-14,504,07:22:00,Sunday,King and Niagara,7,Held By,55,65.0,B/W,4517.0
2019-04-14,512,07:45:00,Sunday,Around S Bend at Roncesvalles Yard,1,Mechanical,0,0.0,W/B,4424.0
2019-04-14,501,10:37:00,Sunday,Leslie/Queen,1,Mechanical,4,8.0,E/B,4496.0
2019-04-14,510,11:26:00,Sunday,Spadina Station,5,Investigation,5,10.0,S/B,4468.0
2019-04-14,501,11:38:00,Sunday,Queen and Leslie,1,Mechanical,7,13.0,W/B,4495.0
2019-04-14,501,12:06:00,Sunday,Queen and Coxwell,1,Mechanical,5,10.0,E/B,4024.0
2019-04-14,501,12:21:00,Sunday,Connaught and Queen,1,Mechanical,5,10.0,E/B,4051.0
2019-04-14,505,13:06:00,Sunday,DUNDAS/MCCAUL,1,Mechanical,5,10.0,W/B,8521.0
2019-04-14,512,13:36:00,Sunday,Gunns Loop,1,Mechanical,6,12.0,E/B,4464.0
2019-04-14,501,13:55:00,Sunday,Connaught and Queen,1,Mechanical,5,10.0,E/B,4494.0
2019-04-14,504,14:00:00,Sunday,Roncesalles and Fermanagh,7,Held By,8,16.0,N/B,4426.0
2019-04-14,501,14:18:00,Sunday,Yonge and Queen,1,Mechanical,5,10.0,E/B,4074.0
2019-04-14,501,14:32:00,Sunday,Queen and Coxwell,1,Mechanical,5,10.0,E/B,4176.0
2019-04-14,511,15:15:00,Sunday,Exhibition Loop,1,Mechanical,4,9.0,N/B,1086.0
2019-04-14,501,16:19:00,Sunday,Lakeshore and Long Branch,1,Mechanical,10,20.0,W/B,4189.0
2019-04-14,501,16:19:00,Sunday,Lokeshore and Long Branch,1,Mechanical,10,20.0,W/B,4189.0
2019-04-14,501,18:34:00,Sunday,Connaught and Queen,1,Mechanical,5,10.0,E/B,4180.0
2019-04-14,504,19:51:00,Sunday,Roncesvalles and Queen,1,Mechanical,11,20.0,W/B,4444.0
2019-04-14,511,20:32:00,Sunday,CNE loop,5,Investigation,7,14.0,N/B,1345.0
2019-04-14,506,20:55:00,Sunday,Woodbine and Gerrard,7,Held By,7,15.0,W/B,4100.0
2019-04-14,509,21:02:00,Sunday,Fleet loop,1,Mechanical,9,18.0,E/B,4500.0
2019-04-14,501,21:36:00,Sunday,Lakeshore and 27th,1,Mechanical,34,44.0,E/B,4169.0
2019-04-14,501,21:41:00,Sunday,Spadina,1,Mechanical,61,69.0,W/B,4121.0
2019-04-14,501,22:00:00,Sunday,11th and Lakeshore,4,Utilized Off Route,10,20.0,E/B,4165.0
2019-04-14,501,22:40:00,Sunday,Humber loop,1,Mechanical,9,18.0,E/B,4169.0
2019-04-15,301,02:00:00,Monday,Roncy and Queen,5,Investigation,26,35.0,E/B,4108.0
2019-04-15,501,05:55:00,Monday,Queen St. E and Woodfield Rd.,1,Mechanical,5,10.0,E/B,4165.0
2019-04-15,506,07:06:00,Monday,College St West  Bay Street,1,Mechanical,10,15.0,S/B,4132.0
2019-04-15,504,08:58:00,Monday,DW Stn,1,Mechanical,5,11.0,E/B,4479.0
2019-04-15,505,09:25:00,Monday,Spadina,8,General Delay,20,16.0,E/B,8330.0
2019-04-15,501,10:11:00,Monday,Leslie / Queen,1,Mechanical,6,12.0,E/B,4077.0
2019-04-15,504,10:46:00,Monday,King/Church,6,Emergency Services,7,11.0,W/B,4456.0
2019-04-15,504,10:50:00,Monday,King and George Street,7,Held By,6,13.0,W/B,4430.0
2019-04-15,506,11:24:00,Monday,Coxwell Loop,5,Investigation,5,10.0,E/B,4135.0
2019-04-15,505,13:37:00,Monday,Bay and Dundas,5,Investigation,5,9.0,E/B,8475.0
2019-04-15,510,14:14:00,Monday,King and Spadina,1,Mechanical,1,1.0,N/B,4407.0
2019-04-15,501,14:43:00,Monday,Queen and Shaw,1,Mechanical,385,390.0,E/B,4034.0
2019-04-15,504,14:51:00,Monday,Leslie Barns,9,Late Leaving Garage,2,8.0,W/B,4418.0
2019-04-15,504,14:51:00,Monday,Leslie Barns,9,Late Leaving Garage,2,8.0,W/B,4491.0
2019-04-15,506,14:53:00,Monday,parlament/gerrard,5,Investigation,8,13.0,E/B,4110.0
2019-04-15,512,15:25:00,Monday,St. Clair and Spadina,7,Held By,9,15.0,E/B,4439.0
2019-04-15,504,15:44:00,Monday,King/Parliament,1,Mechanical,7,14.0,E/B,4528.0
2019-04-15,503,15:55:00,Monday,Birchmount Div.,1,Mechanical,12,24.0,W/B,9232.0
2019-04-15,512,16:00:00,Monday,St. Clair and Robina,7,Held By,12,17.0,W/B,4408.0
2019-04-15,512,16:11:00,Monday,St. Clair and Dufferin,7,Held By,18,23.0,W/B,4509.0
2019-04-15,510,16:55:00,Monday,Spadina and Wilcocks,6,Emergency Services,25,29.0,N/B,4519.0
2019-04-15,501,17:40:00,Monday,Spadina and Adelaide,1,Mechanical,5,9.0,N/B,4117.0
2019-04-15,504,17:48:00,Monday,King / Spadina,8,General Delay,10,15.0,B/W,
2019-04-15,505,18:06:00,Monday,University and Dundas,8,General Delay,15,19.0,E/B,8189.0
2019-04-15,506,20:01:00,Monday,gerrard/carlaw`,7,Held By,9,14.0,B/W,4153.0
2019-04-16,301,04:02:00,Tuesday,Longbranch loop,1,Mechanical,20,40.0,E/B,4490.0
2019-04-16,512,04:57:00,Tuesday,Bathurst and St Clair,7,Held By,0,0.0,W/B,4499.0
2019-04-16,506,05:15:00,Tuesday,Coxwell Ave and Lower Gerrard,7,Held By,4,19.0,E/B,4176.0
2019-04-16,506,05:23:00,Tuesday,Coxwell Ave and Lower Gerrard,7,Held By,2,9.0,E/B,4103.0
2019-04-16,506,05:41:00,Tuesday,Coxwell Ave at Lower Gerrard,1,Mechanical,1,8.0,E/B,4141.0
2019-04-16,505,09:03:00,Tuesday,Shaw and Dundas,6,Emergency Services,4,8.0,E/B,8378.0
2019-04-16,506,09:40:00,Tuesday,Roncesvalles and Howard Park,6,Emergency Services,6,12.0,E/B,4141.0
2019-04-16,506,09:50:00,Tuesday,High Park Loop,1,Mechanical,6,12.0,E/B,4085.0
2019-04-16,501,09:53:00,Tuesday,32nd Street Lakeshore Blvd West,7,Held By,14,23.0,W/B,4081.0
2019-04-16,505,09:57:00,Tuesday,Bay and Dundas,8,General Delay,15,20.0,E/B,8479.0
2019-04-16,510,13:18:00,Tuesday,College and Spadina,7,Held By,14,18.0,S/B,4532.0
2019-04-16,32,13:19:00,Tuesday,Queen and Connaught,1,Mechanical,4,9.0,E/B,4170.0
2019-04-16,504,13:24:00,Tuesday,King and Spadina,8,General Delay,8,7.0,B/W,4488.0
2019-04-16,501,13:30:00,Tuesday,queen/university,7,Held By,22,27.0,B/W,4458.0
2019-04-16,506,14:03:00,Tuesday,Danforth and Main,7,Held By,6,12.0,E/B,4053.0
2019-04-16,504,15:06:00,Tuesday,King and University,5,Investigation,58,64.0,E/B,4488.0
2019-04-16,506,15:30:00,Tuesday,bay to bathurst,8,General Delay,13,18.0,W/B,4124.0
2019-04-16,505,16:11:00,Tuesday,Dundas/Ossington,5,Investigation,74,79.0,W/B,8410.0
2019-04-16,506,16:14:00,Tuesday,college/lanasdowne,7,Held By,31,36.0,B/W,4057.0
2019-04-16,501,17:53:00,Tuesday,Jameson abd Queen,1,Mechanical,4,8.0,W/B,4536.0
2019-04-16,501,17:56:00,Tuesday,Neville Park,1,Mechanical,4,9.0,,4050.0
2019-04-16,505,17:59:00,Tuesday,Dundas/Ossington,5,Investigation,3,7.0,W/B,9219.0
2019-04-16,505,22:30:00,Tuesday,Bay and Dundas,5,Investigation,5,10.0,E/B,8521.0
2019-04-16,506,22:31:00,Tuesday,Coxwell and Gerrard,6,Emergency Services,17,26.0,E/B,4125.0
2019-04-16,504,23:17:00,Tuesday,Broadview and Dundas,7,Held By,74,82.0,bw,4466.0
2019-04-16,505,23:40:00,Tuesday,Broadview/Gerrard,3,Diversion,52,59.0,S/B,8374.0
2019-04-17,306,03:07:00,Wednesday,College and Ossington,7,Held By,7,14.0,E/B,4030.0
2019-04-17,306,03:14:00,Wednesday,College and Ossington,7,Held By,6,16.0,E/B,4103.0
2019-04-17,501,04:27:00,Wednesday,Queen and Woodfield,7,Held By,1,2.0,E/B,4150.0
2019-04-17,510,05:21:00,Wednesday,Charlotte Loop,1,Mechanical,0,0.0,W/B,4514.0
2019-04-17,510,05:57:00,Wednesday,Leslie Barns,9,Late Leaving Garage,5,11.0,W/B,4519.0
2019-04-17,510,06:41:00,Wednesday,Queen Street,9,Late Leaving Garage,15,23.0,N/B,4420.0
2019-04-17,506,07:15:00,Wednesday,High Park Loop,1,Mechanical,9,18.0,E/B,8614.0
2019-04-17,501,07:18:00,Wednesday,15th street and Lake shore,5,Investigation,36,42.0,W/B,4169.0
2019-04-17,501,08:15:00,Wednesday,Jameson and Queen,7,Held By,4,8.0,E/B,4079.0
2019-04-17,705,08:36:00,Wednesday,King and Dufferin,5,Investigation,1,1.0,E/B,4501.0
2019-04-17,510,08:58:00,Wednesday,Dundas,7,Held By,7,15.0,S/B,4480.0
2019-04-17,510,09:16:00,Wednesday,Dundas,7,Held By,9,13.0,S/B,4481.0
2019-04-17,510,10:06:00,Wednesday,Richmond,8,General Delay,8,12.0,S/B,4492.0
2019-04-17,506,10:09:00,Wednesday,Coxwell,1,Mechanical,5,10.0,W/B,4023.0
2019-04-17,506,10:25:00,Wednesday,Borden,8,General Delay,8,13.0,W/B,4131.0
2019-04-17,501,11:06:00,Wednesday,Queen/Kingston Rd,1,Mechanical,6,12.0,W/B,4459.0
2019-04-17,506,11:48:00,Wednesday,Huron,6,Emergency Services,9,14.0,E/B,4081.0
2019-04-17,501,11:56:00,Wednesday,Queen and Sumach,5,Investigation,52,57.0,E/B,4512.0
2019-04-17,501,13:02:00,Wednesday,Queen and Wineva,6,Emergency Services,22,27.0,E/B,4121.0
2019-04-17,510,13:05:00,Wednesday,spadina/front,1,Mechanical,4,8.0,S/B,4532.0
2019-04-17,501,13:14:00,Wednesday,Queen & Roncesvalles,6,Emergency Services,5,10.0,W/B,4533.0
2019-04-17,504,13:31:00,Wednesday,Queen St. East and King St. East,8,General Delay,7,6.0,B/W,4483.0
2019-04-17,504,14:51:00,Wednesday,King and Sumach,9,Late Leaving Garage,6,12.0,W/B,4461.0
2019-04-17,505,15:45:00,Wednesday,Bathurst and Dundas,5,Investigation,6,12.0,W/B,8492.0
2019-04-17,505,16:03:00,Wednesday,Dundas West STN,6,Emergency Services,6,12.0,E/B,9220.0
2019-04-17,511,18:00:00,Wednesday,Bathurst and Harbord,6,Emergency Services,6,12.0,S/B,1103.0
2019-04-17,501,18:13:00,Wednesday,Queen & Portland,5,Investigation,38,43.0,E/B,4160.0
2019-04-17,510,21:01:00,Wednesday,King Street,1,Mechanical,4,8.0,N/B,4426.0
2019-04-17,506,21:35:00,Wednesday,Coxwell and Gerrard,1,Mechanical,7,14.0,N/B,4178.0
2019-04-18,504,00:11:00,Thursday,sunnyside loop,5,Investigation,8,16.0,W/B,4495.0
2019-04-18,501,06:05:00,Thursday,Ossington and Queen,7,Held By,6,10.0,W/B,4100.0
2019-04-18,501,06:14:00,Thursday,Humber loop,6,Emergency Services,4,8.0,W/B,4004.0
2019-04-18,511,08:48:00,Thursday,Front to Lakeshore,8,General Delay,10,14.0,B/W,1407.0
2019-04-18,505,09:25:00,Thursday,Dundas and Young,1,Mechanical,4,8.0,E/B,8408.0
2019-04-18,501,09:34:00,Thursday,York and Queen,6,Emergency Services,17,21.0,E/B,4133.0
2019-04-18,501,09:34:00,Thursday,McCaul / Queen,5,Investigation,6,12.0,E/B,4176.0
2019-04-18,506,10:58:00,Thursday,Carlton/Yonge,7,Held By,5,10.0,W/B,4049.0
2019-04-18,501,12:44:00,Thursday,Lakeshore & Parklawn,7,Held By,4,14.0,W/B,4020.0
2019-04-18,501,12:53:00,Thursday,Queen & St Patrick.,7,Held By,22,27.0,E/B,4023.0
2019-04-18,501,13:43:00,Thursday,Queen and Leslie,1,Mechanical,4,9.0,E/B,4150.0
2019-04-18,511,14:15:00,Thursday,Bathurst & Fort York,1,Mechanical,6,12.0,N/B,1062.0
2019-04-18,504,15:12:00,Thursday,King and Spadina,8,General Delay,8,7.0,B/W,4426.0
2019-04-18,512,15:15:00,Thursday,St clair Stn,1,Mechanical,6,10.0,W/B,4424.0
2019-04-18,512,15:35:00,Thursday,St Clair Stn,1,Mechanical,5,9.0,W/B,4433.0
2019-04-18,503,16:19:00,Thursday,Queen / Leslie,1,Mechanical,12,24.0,W/B,8566.0
2019-04-18,505,16:24:00,Thursday,Dundas/Dovercourt,5,Investigation,4,7.0,W/B,8518.0
2019-04-18,504,16:38:00,Thursday,King and Strachan,1,Mechanical,6,12.0,E/B,4537.0
2019-04-18,504,16:40:00,Thursday,King / Church,1,Mechanical,6,12.0,E/B,4485.0
2019-04-18,501,17:12:00,Thursday,Queen and Parliament,1,Mechanical,4,9.0,E/B,4434.0
2019-04-18,501,17:12:00,Thursday,Queen and Church,1,Mechanical,5,9.0,E/B,4434.0
2019-04-18,501,17:15:00,Thursday,Humber Loop,1,Mechanical,5,10.0,E/B,4103.0
2019-04-18,505,17:38:00,Thursday,Dundas/Yonge,5,Investigation,4,7.0,W/B,1253.0
2019-04-18,504,20:02:00,Thursday,Broadview and Dundas,7,Held By,6,13.0,E/B,4507.0
2019-04-18,506,20:38:00,Thursday,College Street,8,General Delay,10,15.0,B/W,4156.0
2019-04-18,501,20:51:00,Thursday,Queen and Woodbine,6,Emergency Services,29,34.0,B/W,4184.0
2019-04-18,505,22:38:00,Thursday,Dundas and Jarvis,6,Emergency Services,31,38.0,S/B,1212.0
2019-04-18,504,22:51:00,Thursday,King and parliament,1,Mechanical,8,16.0,E/B,4442.0
2019-04-18,501,22:53:00,Thursday,Neville Pk/Queen,5,Investigation,1,1.0,W/B,4133.0
2019-04-18,501,23:13:00,Thursday,Roncesvalles and Queen,1,Mechanical,4,8.0,E/B,4490.0
2019-04-18,501,23:25:00,Thursday,Queen and River,1,Mechanical,9,18.0,E/B,4473.0
2019-04-18,504,23:35:00,Thursday,Roncy and high park,5,Investigation,8,16.0,S/B,4524.0
2019-04-18,512,23:56:00,Thursday,St. Clair and Bathurst,7,Held By,168,176.0,E/B,4509.0
2019-04-19,301,00:49:00,Friday,Queensway and South Port,1,Mechanical,9,18.0,E/B,4469.0
2019-04-19,301,00:52:00,Friday,Lakeshore and 3rd,5,Investigation,29,38.0,E/B,4176.0
2019-04-19,301,02:50:00,Friday,Queen and Broadview,7,Held By,18,22.0,E/B,4124.0
2019-04-19,301,02:56:00,Friday,Long branch Loop,5,Investigation,10,20.0,W/B,4524.0
2019-04-19,509,06:09:00,Friday,CNE LOOP,1,Mechanical,9,18.0,E/B,4458.0
2019-04-19,512,08:19:00,Friday,St Clair West Station,10,Overhead - Pantograph,15,30.0,E/B,4527.0
2019-04-19,501,09:25:00,Friday,Long Branch Loop,1,Mechanical,23,33.0,E/B,4123.0
2019-04-19,510,09:31:00,Friday,King/Spadina,1,Mechanical,5,10.0,N/B,4443.0
2019-04-19,504,09:50:00,Friday,Spadina and King,1,Mechanical,7,14.0,W/B,4573.0
2019-04-19,501,12:09:00,Friday,Queen And Connaught,1,Mechanical,6,12.0,W/B,4081.0
2019-04-19,504,12:20:00,Friday,Broadview Stn,6,Emergency Services,10,18.0,W/B,4496.0
2019-04-19,506,12:22:00,Friday,Main Stn,1,Mechanical,8,16.0,W/B,4069.0
2019-04-19,501,12:36:00,Friday,Queen and Connaught,9,Late Leaving Garage,6,12.0,E/B,4042.0
2019-04-19,501,12:37:00,Friday,Queen and Yonge,8,General Delay,12,11.0,B/W,4052.0
2019-04-19,501,13:03:00,Friday,Queen and Shaw,1,Mechanical,5,10.0,E/B,4103.0
2019-04-19,501,13:15:00,Friday,Lakeshore and Royal York,7,Held By,20,30.0,E/B,4155.0
2019-04-19,501,13:30:00,Friday,Queen and Greenwood,1,Mechanical,4,8.0,E/B,4153.0
2019-04-19,505,14:00:00,Friday,Dundas and Church,1,Mechanical,5,10.0,E/B,8941.0
2019-04-19,506,14:29:00,Friday,Gerrard and Coxwell,1,Mechanical,8,16.0,E/B,4111.0
2019-04-19,501,14:34:00,Friday,Queen and Wineva,1,Mechanical,5,10.0,E/B,4147.0
2019-04-19,501,14:36:00,Friday,Queen and Parliament,1,Mechanical,5,10.0,W/B,4132.0
2019-04-19,505,14:47:00,Friday,Ossongton to Bathurst,3,Diversion,0,0.0,B/W,9223.0
2019-04-19,506,15:00:00,Friday,College and Bathurst,3,Diversion,90,98.0,W/B,4180.0
2019-04-19,505,15:28:00,Friday,Dundas and Ossington,8,General Delay,6,12.0,W/B,1234.0
2019-04-19,505,18:03:00,Friday,Dundas West Station,1,Mechanical,5,10.0,W/B,8385.0
2019-04-19,506,18:15:00,Friday,College & Bathurst,3,Diversion,60,68.0,W/B,4020.0
2019-04-19,501,19:02:00,Friday,Humber Loop,1,Mechanical,8,16.0,E/B,4125.0
2019-04-19,512,19:03:00,Friday,Gunn's Loop and St. Clair,1,Mechanical,6,12.0,W/B,4408.0
2019-04-19,501,19:51:00,Friday,Humber Loop,1,Mechanical,8,16.0,E/B,4110.0
2019-04-19,505,20:42:00,Friday,Dundas street,8,General Delay,5,10.0,B/W,1234.0
2019-04-19,511,20:42:00,Friday,Bathurst Station,8,General Delay,3,10.0,B/W,1047.0
2019-04-19,506,22:41:00,Friday,Ossington And college,1,Mechanical,11,17.0,E/B,4024.0
2019-04-20,504,02:20:00,Saturday,king/sumach,5,Investigation,13,28.0,E/B,4402.0
2019-04-20,301,04:25:00,Saturday,Humber loop,5,Investigation,9,15.0,E/B,4480.0
2019-04-20,501,04:38:00,Saturday,Greenwood and Queen Street E,1,Mechanical,7,17.0,W/B,4001.0
2019-04-20,501,04:45:00,Saturday,Woodfield and Quen St.E,7,Held By,9,15.0,E/B,4169.0
2019-04-20,501,04:47:00,Saturday,Greenwood and Queen Street E,7,Held By,10,20.0,W/B,4160.0
2019-04-20,501,05:26:00,Saturday,Queen/Parliament,1,Mechanical,10,20.0,wb,4160.0
2019-04-20,509,06:14:00,Saturday,Ex Loop,1,Mechanical,9,18.0,E/B,4458.0
2019-04-20,505,06:55:00,Saturday,Broadview Stn,1,Mechanical,10,20.0,W/B,1250.0
2019-04-20,501,08:01:00,Saturday,Russel yard,1,Mechanical,5,10.0,wb,4147.0
2019-04-20,506,08:15:00,Saturday,Gerrard St East Coxwell,1,Mechanical,8,16.0,E/B,4069.0
2019-04-20,512,08:35:00,Saturday,Lansdowne to ST Clair west,8,General Delay,8,13.0,B/W,4491.0
2019-04-20,505,09:51:00,Saturday,Broadview Station,9,Late Leaving Garage,5,10.0,W/B,8524.0
2019-04-20,506,10:45:00,Saturday,Gerrard Coxwell,5,Investigation,8,16.0,E/B,4071.0
2019-04-20,512,11:14:00,Saturday,Deer Park and St Clair,1,Mechanical,5,10.0,E/B,4487.0
2019-04-20,506,11:48:00,Saturday,Gerrard Broadview,10,Overhead - Pantograph,1,1.0,E/B,4024.0
2019-04-20,501,12:07:00,Saturday,Queen/Wineva,1,Mechanical,8,19.0,E/B,4103.0
2019-04-20,512,12:20:00,Saturday,St. Clair and Oakwood,1,Mechanical,4,8.0,E/B,4470.0
2019-04-20,505,12:26:00,Saturday,Dundas/Bay,1,Mechanical,4,8.0,W/B,8363.0
2019-04-20,505,12:54:00,Saturday,Dundas\Dovercourt,5,Investigation,4,8.0,E/B,1304.0
2019-04-20,505,13:01:00,Saturday,Dundas W Stn,1,Mechanical,4,8.0,E/B,8307.0
2019-04-20,505,13:47:00,Saturday,Dundas/ Bay,1,Mechanical,4,8.0,E/B,8503.0
2019-04-20,505,13:51:00,Saturday,Dundas/Simcoe,5,Investigation,28,32.0,B/W,1277.0
2019-04-20,501,13:53:00,Saturday,Lakeshore and Longbranch loop,1,Mechanical,10,20.0,W/B,4146.0
2019-04-20,512,14:15:00,Saturday,St. Clair and Silverthorn,1,Mechanical,5,10.0,W/B,4460.0
2019-04-20,501,14:26:00,Saturday,Queen and McClean,1,Mechanical,5,10.0,W/B,4068.0
2019-04-20,512,14:28:00,Saturday,St. Clair West Station,8,General Delay,7,6.0,B/W,4504.0
2019-04-20,501,14:44:00,Saturday,Queen and Kingston road,1,Mechanical,1,1.0,W/B,4119.0
2019-04-20,501,15:43:00,Saturday,The Queensway and Windermere,1,Mechanical,5,10.0,W/B,4051.0
2019-04-20,504,15:45:00,Saturday,King and Sherborne,1,Mechanical,6,12.0,W/B,4422.0
2019-04-20,512,16:05:00,Saturday,St. Clair West Station,3,Diversion,31,36.0,B/W,4487.0
2019-04-20,505,16:22:00,Saturday,Broadview Stn,1,Mechanical,4,8.0,W/B,8579.0
2019-04-20,506,16:39:00,Saturday,Main Stn,1,Mechanical,6,12.0,W/B,4053.0
2019-04-20,501,17:03:00,Saturday,Neville loop and Queen,1,Mechanical,5,10.0,W/B,4021.0
2019-04-20,501,18:17:00,Saturday,Roncesvalles and The Queensway,8,General Delay,8,13.0,E/B,4430.0
2019-04-20,506,18:31:00,Saturday,College and Lansdowne.,1,Mechanical,6,12.0,W/B,4170.0
2019-04-20,501,18:42:00,Saturday,Humber loop,1,Mechanical,5,10.0,W/B,4148.0
2019-04-20,511,20:22:00,Saturday,Bathurst Stn,1,Mechanical,5,10.0,S/B,1380.0
2019-04-20,505,20:41:00,Saturday,Dundas St,8,General Delay,9,15.0,B/W,9216.0
2019-04-20,511,21:35:00,Saturday,Ulster and Bathurst,6,Emergency Services,5,10.0,N/B,1026.0
2019-04-21,505,05:54:00,Sunday,DWS,1,Mechanical,10,20.0,E/B,1387.0
2019-04-21,501,06:59:00,Sunday,Queen/Broadview,1,Mechanical,8,16.0,W/B,4186.0
2019-04-21,501,09:34:00,Sunday,Rusell yard,1,Mechanical,5,10.0,W/B,4024.0
2019-04-21,501,11:17:00,Sunday,Queen/Bay,1,Mechanical,7,14.0,W/B,4192.0
2019-04-21,509,12:21:00,Sunday,Queens Quay/Spadina,5,Investigation,7,13.0,E/B,4517.0
2019-04-21,510,12:30:00,Sunday,q.quay loop,6,Emergency Services,4,8.0,S/B,4525.0
2019-04-21,512,12:40:00,Sunday,St Clair/Lansdowne,5,Investigation,25,31.0,E/B,4491.0
2019-04-21,512,12:41:00,Sunday,St Clair Stn,1,Mechanical,6,12.0,W/B,4511.0
2019-04-21,511,12:52:00,Sunday,Exibition Loop,4,Utilized Off Route,5,9.0,N/B,1633.0
2019-04-21,512,13:48:00,Sunday,St Clair/Earlscourt,1,Mechanical,6,13.0,E/B,4412.0
2019-04-21,509,14:39:00,Sunday,CNE Loop,5,Investigation,540,546.0,E/B,4517.0
2019-04-21,511,14:39:00,Sunday,Exhibition Loop,3,Diversion,488,495.0,S/B,
2019-04-21,510,16:25:00,Sunday,spadina station,1,Mechanical,5,10.0,S/B,4402.0
2019-04-21,511,16:42:00,Sunday,Exhibition Loop,4,Utilized Off Route,5,9.0,N/B,1202.0
2019-04-21,511,16:42:00,Sunday,Exhibition LOOP,4,Utilized Off Route,9,13.0,N/B,1117.0
2019-04-21,512,18:06:00,Sunday,St Clair Stn,1,Mechanical,6,12.0,W/B,4412.0
2019-04-21,501,18:36:00,Sunday,Queen and Ronvesvalles,1,Mechanical,6,12.0,W/B,4133.0
2019-04-21,511,20:41:00,Sunday,Ulster and Bathurst,6,Emergency Services,5,10.0,,1026.0
2019-04-21,510,23:41:00,Sunday,Spadina Station,1,Mechanical,8,16.0,S/B,4573.0
2019-04-21,504,23:52:00,Sunday,Dundas west station,5,Investigation,13,23.0,N/B,4486.0
2019-04-22,501,00:11:00,Monday,Woodbine and Queen,1,Mechanical,9,18.0,E/B,4156.0
2019-04-22,504,00:48:00,Monday,King and Church,1,Mechanical,10,20.0,W/B,4520.0
2019-04-22,501,00:50:00,Monday,Sherbourne and Queen,1,Mechanical,1,1.0,W/B,4042.0
2019-04-22,505,05:46:00,Monday,DWS,9,Late Leaving Garage,4,8.0,E/B,8206.0
2019-04-22,510,06:24:00,Monday,King,1,Mechanical,8,12.0,S/B,4501.0
2019-04-22,504,08:34:00,Monday,King/dufferin,5,Investigation,43,49.0,B/W,4477.0
2019-04-22,505,09:05:00,Monday,DWS,4,Utilized Off Route,4,8.0,E/B,8488.0
2019-04-22,505,10:20:00,Monday,Yonge,5,Investigation,4,8.0,E/B,8158.0
2019-04-22,506,11:43:00,Monday,Main Street Gerrard,1,Mechanical,30,35.0,S/B,4001.0
2019-04-22,501,13:34:00,Monday,humber loop,1,Mechanical,10,20.0,W/B,4185.0
2019-04-22,501,13:42:00,Monday,queen/broadview,1,Mechanical,5,10.0,W/B,4052.0
2019-04-22,501,13:48:00,Monday,lakeshore/parklawne,7,Held By,26,36.0,W/B,4156.0
2019-04-22,504,14:00:00,Monday,Broadview Stn (exiting),8,General Delay,6,12.0,W/B,
2019-04-22,511,14:26:00,Monday,bathurst/dundas,7,Held By,69,73.0,S/B,1360.0
2019-04-22,504,14:54:00,Monday,King / Sumach,1,Mechanical,5,11.0,W/B,4501.0
2019-04-22,505,15:07:00,Monday,Yonge and Dundas,1,Mechanical,4,8.0,W/B,8448.0
2019-04-22,501,15:42:00,Monday,abell to humber,8,General Delay,16,21.0,W/B,4529.0
2019-04-22,505,15:52:00,Monday,Dundas West Station,1,Mechanical,4,8.0,W/B,8381.0
2019-04-22,505,16:04:00,Monday,Broadview and Danforth,1,Mechanical,4,8.0,S/B,8403.0
2019-04-22,505,16:32:00,Monday,Dundas West Station,1,Mechanical,4,8.0,W/B,8306.0
2019-04-22,501,16:37:00,Monday,humber loop,1,Mechanical,67,72.0,W/B,4132.0
2019-04-22,504,19:14:00,Monday,Broadview/Dundas,5,Investigation,6,12.0,W/B,4485.0
2019-04-22,506,19:26:00,Monday,gerrard/carlaw,1,Mechanical,5,10.0,E/B,4193.0
2019-04-22,501,20:28:00,Monday,Queen Steet,8,General Delay,10,15.0,B/W,4040.0
2019-04-22,504,20:30:00,Monday,Broadview and Dundas,1,Mechanical,8,16.0,S/B,4498.0
2019-04-23,505,00:48:00,Tuesday,Broadview STN,1,Mechanical,9,18.0,W/B,8400.0
2019-04-23,506,06:03:00,Tuesday,Coxwell Ave and Lower Gerrard,1,Mechanical,9,15.0,E/B,4180.0
2019-04-23,505,07:59:00,Tuesday,DWS,1,Mechanical,4,8.0,E/B,8113.0
2019-04-23,506,08:56:00,Tuesday,Main Street Gerrard,5,Investigation,9,15.0,W/B,4010.0
2019-04-23,512,09:11:00,Tuesday,Arlington and St Clair west,1,Mechanical,2,5.0,W/B,4412.0
2019-04-23,505,09:16:00,Tuesday,Victoria Ave,8,General Delay,16,20.0,W/B,8328.0
2019-04-23,504,11:32:00,Tuesday,King and Bay,5,Investigation,30,37.0,W/B,4475.0
2019-04-23,505,13:00:00,Tuesday,Broadview station to Dundas West station,8,General Delay,13,17.0,E/B,8160.0
2019-04-23,501,14:15:00,Tuesday,necille park loop,1,Mechanical,5,10.0,W/B,4048.0
2019-04-23,502,14:26:00,Tuesday,Queen and George,1,Mechanical,12,24.0,E/B,8448.0
2019-04-23,504,14:50:00,Tuesday,King / Jarvis,7,Held By,8,14.0,E/B,4447.0
2019-04-23,501,15:03:00,Tuesday,queen/greenwood,1,Mechanical,5,10.0,W/B,4165.0
2019-04-23,501,15:13:00,Tuesday,queen/waverly,1,Mechanical,5,10.0,W/B,4111.0
2019-04-23,504,15:49:00,Tuesday,King / Dufferin,1,Mechanical,6,12.0,W/B,4414.0
2019-04-23,503,16:00:00,Tuesday,Bingham Loop to King / York,8,General Delay,15,24.0,B/W,
2019-04-23,504,16:02:00,Tuesday,King & Sherbourne,8,General Delay,9,8.0,B/W,4493.0
2019-04-23,505,18:33:00,Tuesday,Dundas and Manning,5,Investigation,4,8.0,W/B,8189.0
2019-04-23,504,19:28:00,Tuesday,Sumach / Front,6,Emergency Services,17,24.0,N/B,4416.0
2019-04-23,501,20:32:00,Tuesday,Queen st,8,General Delay,5,10.0,B/W,4474.0
2019-04-23,504,20:35:00,Tuesday,King and church,5,Investigation,8,16.0,W/B,4477.0
2019-04-23,504,22:35:00,Tuesday,Roncy and garden,7,Held By,98,106.0,B/W,4445.0
2019-04-23,501,23:06:00,Tuesday,Neville Park Loop,1,Mechanical,9,18.0,W/B,4520.0
2019-04-24,501,05:24:00,Wednesday,Lansdowne / Queen,5,Investigation,6,12.0,W/B,4153.0
2019-04-24,501,06:00:00,Wednesday,Queen St. E at Greenwood Ave.,7,Held By,3,5.0,W/B,4165.0
2019-04-24,501,06:02:00,Wednesday,Queen St. E at Greenwood,7,Held By,1,5.0,W/B,4024.0
2019-04-24,505,06:16:00,Wednesday,DWS,1,Mechanical,4,8.0,E/B,1285.0
2019-04-24,504,07:42:00,Wednesday,Dundas West Station,5,Investigation,6,12.0,S/B,4530.0
2019-04-24,504,07:58:00,Wednesday,King and Church,1,Mechanical,6,12.0,E/B,4437.0
2019-04-24,505,09:05:00,Wednesday,Ossington,8,General Delay,16,8.0,E/B,8186.0
2019-04-24,505,11:34:00,Wednesday,Manning,1,Mechanical,4,8.0,E/B,9218.0
2019-04-24,504,11:37:00,Wednesday,Exiting Bradview Station on Erindale,7,Held By,52,59.0,S/B,4435.0
2019-04-24,506,13:33:00,Wednesday,Gerrard & Broadview,3,Diversion,164,169.0,E/B,4074.0
2019-04-24,506,14:21:00,Wednesday,Queen & Connaught,1,Mechanical,5,11.0,E/B,4186.0
2019-04-24,509,14:26:00,Wednesday,CNE GRUND,7,Held By,6,,E/B,4464.0
2019-04-24,509,14:26:00,Wednesday,cne,5,Investigation,52,59.0,E/B,4464.0
2019-04-24,501,15:11:00,Wednesday,Queen and Spadina,1,Mechanical,4,9.0,W/B,4165.0
2019-04-24,512,15:27:00,Wednesday,St. Clair / Bathurst,10,Overhead - Pantograph,72,77.0,W/B,4488.0
2019-04-24,504,15:53:00,Wednesday,King/Bathurst,8,General Delay,9,8.0,B/W,4509.0
2019-04-24,501,17:36:00,Wednesday,Humber Loop,1,Mechanical,4,9.0,,4108.0
2019-04-24,501,17:39:00,Wednesday,Lakeshore and Superior,1,Mechanical,10,20.0,W/B,4079.0
2019-04-24,511,17:40:00,Wednesday,Bathurst Stn,1,Mechanical,6,12.0,S/B,4068.0
2019-04-24,501,18:57:00,Wednesday,Lakeshore and Kipling,1,Mechanical,5,10.0,,4079.0
2019-04-24,506,19:20:00,Wednesday,College & Bay.,1,Mechanical,5,11.0,W/B,4051.0
2019-04-24,501,22:39:00,Wednesday,Queensway and Colburn lodge,1,Mechanical,30,38.0,E/B,4004.0
2019-04-25,509,00:16:00,Thursday,CNE loop,1,Mechanical,10,20.0,E/B,4522.0
2019-04-25,501,05:31:00,Thursday,Queen St. E and Greenwood Ave.,7,Held By,5,10.0,W/B,4085.0
2019-04-25,501,05:34:00,Thursday,Queen St. E and Connaught Ave.,1,Mechanical,2,7.0,E/B,4164.0
2019-04-25,505,06:15:00,Thursday,Wilson Garage,1,Mechanical,5,10.0,E/B,1210.0
2019-04-25,506,07:21:00,Thursday,Jarvis and Carlton,1,Mechanical,6,12.0,E/B,4192.0
2019-04-25,506,07:26:00,Thursday,Coxwell Ave. and Lower Gerrard,1,Mechanical,2,7.0,E/B,4108.0
2019-04-25,506,08:08:00,Thursday,Parliament and Gerrard,1,Mechanical,6,12.0,W/B,4192.0
2019-04-25,512,08:20:00,Thursday,St. Clair and Bathurst,5,Investigation,4,8.0,W/B,4423.0
2019-04-25,510,09:57:00,Thursday,Spadina/Dundas,1,Mechanical,4,8.0,S/B,4503.0
2019-04-25,502,10:09:00,Thursday,Queen and Simoce,1,Mechanical,10,20.0,E/B,3105.0
2019-04-25,506,10:47:00,Thursday,Coxwell,3,Diversion,14,6.0,E/B,4117.0
2019-04-25,512,10:50:00,Thursday,Gunns Loop,5,Investigation,35,39.0,E/B,4490.0
2019-04-25,510,10:58:00,Thursday,Spadina/Lakeshore,5,Investigation,4,8.0,NBN,4442.0
2019-04-25,501,12:28:00,Thursday,,1,Mechanical,6,12.0,W/B,4165.0
2019-04-25,504,13:24:00,Thursday,Roncesvalles / Queen,5,Investigation,6,11.0,E/B,4538.0
2019-04-25,506,13:53:00,Thursday,Gerrard and Pape,7,Held By,44,49.0,B/W,4124.0
2019-04-25,705,14:11:00,Thursday,Queen and Jarvis,5,Investigation,17,21.0,E/B,7910.0
2019-04-25,501,14:11:00,Thursday,Queen and Jarvis,7,Held By,17,21.0,E/B,4023.0
2019-04-25,504,14:29:00,Thursday,Broadview and Queen,8,General Delay,8,7.0,B/W,4475.0
2019-04-25,501,14:59:00,Thursday,Queen and Coxwell,1,Mechanical,5,9.0,W/B,4049.0
2019-04-25,505,15:30:00,Thursday,broadview/gerrard,5,Investigation,4,8.0,W/B,1210.0
2019-04-25,505,15:45:00,Thursday,dundas west station,1,Mechanical,4,8.0,E/B,1351.0
2019-04-25,503,16:06:00,Thursday,Kingston / Queen,1,Mechanical,9,18.0,N/B,8567.0
2019-04-25,511,16:10:00,Thursday,Bathurst & King,5,Investigation,6,12.0,S/B,1421.0
2019-04-25,511,16:59:00,Thursday,Bathurst & King,4,Utilized Off Route,6,12.0,S/B,1120.0
2019-04-25,501,17:31:00,Thursday,Queen and Jarvis,3,Diversion,40,45.0,W/B,4165.0
2019-04-25,805,17:46:00,Thursday,Queen and Parliament,5,Investigation,1,1.0,W/B,4574.0
2019-04-25,501,17:47:00,Thursday,Queen and Palmerston,6,Emergency Services,5,9.0,W/B,4021.0
2019-04-25,501,19:28:00,Thursday,Lakeshore and Silver Moon,5,Investigation,3,13.0,W/B,4121.0
2019-04-25,501,19:30:00,Thursday,Queen and Church,1,Mechanical,5,9.0,W/B,4024.0
2019-04-25,501,20:35:00,Thursday,Humber Loop,5,Investigation,6,12.0,E/B,4165.0
2019-04-25,506,21:11:00,Thursday,Clinton Street,6,Emergency Services,12,19.0,W/B,4191.0
2019-04-26,301,02:52:00,Friday,Queen and Kingston Rd,7,Held By,65,74.0,E/B,4164.0
2019-04-26,301,04:20:00,Friday,Queen and Empire,1,Mechanical,15,30.0,E/B,4010.0
2019-04-26,505,05:13:00,Friday,Wilson Garage,1,Mechanical,4,8.0,S/B,1309.0
2019-04-26,501,05:44:00,Friday,Queen St. E at Woodfield Rd,1,Mechanical,4,14.0,E/B,4081.0
2019-04-26,501,05:49:00,Friday,Queen St. E at Greenwood Ave.,1,Mechanical,3,5.0,W/B,4074.0
2019-04-26,505,06:25:00,Friday,Wilson garage,1,Mechanical,4,8.0,E/B,1382.0
2019-04-26,501,06:31:00,Friday,Humber loop,1,Mechanical,7,14.0,W/B,4121.0
2019-04-26,506,06:32:00,Friday,Coxwell Ave and Lower Gerrard St.,1,Mechanical,4,9.0,W/B,4089.0
2019-04-26,501,07:13:00,Friday,Dufferin / Queen,1,Mechanical,6,12.0,E/B,4108.0
2019-04-26,506,07:16:00,Friday,Main Station,1,Mechanical,4,8.0,E/B,4042.0
2019-04-26,506,07:29:00,Friday,College Bathurst,1,Mechanical,4,8.0,E/B,4030.0
2019-04-26,715,08:48:00,Friday,Dundas/Bathurst,1,Mechanical,1,1.0,W/B,7955.0
2019-04-26,501,09:11:00,Friday,Jameson,1,Mechanical,6,12.0,E/B,4155.0
2019-04-26,512,09:48:00,Friday,Lansdowne Loop,5,Investigation,4,8.0,W/B,4490.0
2019-04-26,504,10:19:00,Friday,KING AND PARLIAMENT,5,Investigation,7,14.0,E/B,4530.0
2019-04-26,505,10:36:00,Friday,Broadview station,1,Mechanical,6,12.0,W/B,8189.0
2019-04-26,505,11:09:00,Friday,Broadview/Gerrard,1,Mechanical,4,8.0,N/B,8120.0
2019-04-26,512,13:51:00,Friday,St clair/Bathurst,9,Late Leaving Garage,3,5.0,E/B,4496.0
2019-04-26,512,13:55:00,Friday,Roncesvalles Yard - Track 13,1,Mechanical,8,0.0,N/B,4496.0
2019-04-26,506,14:26:00,Friday,Main Stn,1,Mechanical,5,10.0,W/B,4066.0
2019-04-26,505,14:34:00,Friday,Broadview Station,1,Mechanical,4,8.0,E/B,8439.0
2019-04-26,506,14:34:00,Friday,College & Elizabeth.,5,Investigation,26,31.0,W/B,4189.0
2019-04-26,510,15:08:00,Friday,Wilcocks and Spadina,6,Emergency Services,18,22.0,N/B,4426.0
2019-04-26,504,15:22:00,Friday,St. Clair / Spadina,5,Investigation,7,12.0,E/B,4462.0
2019-04-26,506,16:05:00,Friday,Gerradr & Coxwell,1,Mechanical,5,10.0,E/B,4103.0
2019-04-26,501,16:22:00,Friday,Queen Street East Ontrario,5,Investigation,16,24.0,E/B,4146.0
2019-04-26,504,16:25:00,Friday,Dundas W. Stn to Broadview Staion,8,General Delay,10,16.0,B/W,
2019-04-26,505,16:41:00,Friday,Broadview and Simson,5,Investigation,4,8.0,S/B,8519.0
2019-04-26,512,17:22:00,Friday,St Clair West Stn,1,Mechanical,66,70.0,E/B,
2019-04-26,504,17:25:00,Friday,King / Atlantic,1,Mechanical,6,12.0,E/B,4410.0
2019-04-26,504,17:46:00,Friday,King / Spadina,1,Mechanical,6,12.0,W/B,4573.0
2019-04-26,504,19:01:00,Friday,Distillery Loop,5,Investigation,6,12.0,W/B,4417.0
2019-04-26,501,20:03:00,Friday,Humber Loop Queensway,5,Investigation,8,18.0,W/B,4165.0
2019-04-26,501,20:25:00,Friday,Queen Street,8,General Delay,5,10.0,B/W,4012.0
2019-04-27,504,00:35:00,Saturday,Dufferin Loop,5,Investigation,35,44.0,E/B,4475.0
2019-04-27,505,00:40:00,Saturday,Broadview Station,6,Emergency Services,8,16.0,E/B,1250.0
2019-04-27,504,00:56:00,Saturday,Dufferin Loop,1,Mechanical,9,18.0,E/B,4486.0
2019-04-27,506,02:18:00,Saturday,Main Station,1,Mechanical,9,18.0,E/B,4057.0
2019-04-27,501,05:25:00,Saturday,Greenwood and Queen St.E,1,Mechanical,6,12.0,W/B,4179.0
2019-04-27,505,05:28:00,Saturday,Broadview Station,1,Mechanical,10,20.0,W/B,8527.0
2019-04-27,505,05:32:00,Saturday,Broadview Station,1,Mechanical,9,18.0,W/B,8331.0
2019-04-27,501,06:05:00,Saturday,Queen/Church,1,Mechanical,6,12.0,E/B,4165.0
2019-04-27,510,06:55:00,Saturday,Queens Quay Loop,5,Investigation,7,14.0,N/B,8380.0
2019-04-27,501,08:42:00,Saturday,QUEEN/PARLIAMENT,5,Investigation,11,17.0,W/B,4156.0
2019-04-27,505,09:42:00,Saturday,DWS,1,Mechanical,5,10.0,E/B,1231.0
2019-04-27,504,10:01:00,Saturday,King at Simcoe,1,Mechanical,4,8.0,W/B,4522.0
2019-04-27,501,11:39:00,Saturday,Cannaught/Queen,7,Held By,11,10.0,W/B,4135.0
2019-04-27,501,11:50:00,Saturday,Queen/Roncesvalles,6,Emergency Services,5,10.0,W/B,4445.0
2019-04-27,501,11:52:00,Saturday,Queen and Greenwood,7,Held By,8,8.0,W/B,4024.0
2019-04-27,501,13:12:00,Saturday,Neville loop,6,Emergency Services,24,29.0,E/B,4079.0
2019-04-27,512,13:40:00,Saturday,st clair station,8,General Delay,18,22.0,W/B,4462.0
2019-04-27,505,13:43:00,Saturday,Dundas and Bay,8,General Delay,12,16.0,E/B,1250.0
2019-04-27,501,13:46:00,Saturday,Kingston road and Queen,8,General Delay,5,10.0,W/B,4079.0
2019-04-27,504,14:11:00,Saturday,Dufferin to Dundas West,8,General Delay,13,20.0,B/W,
2019-04-27,505,16:24:00,Saturday,Dundas/Sackville,1,Mechanical,4,8.0,E/B,8540.0
2019-04-27,501,16:25:00,Saturday,Humber loop,6,Emergency Services,5,10.0,W/B,4179.0
2019-04-27,506,17:42:00,Saturday,Gerrard St East   Broadview,1,Mechanical,4,8.0,E/B,4180.0
2019-04-27,501,17:59:00,Saturday,King and Queen,1,Mechanical,5,10.0,E/B,4150.0
2019-04-27,501,19:12:00,Saturday,Woodbine and Queen,1,Mechanical,5,10.0,W/B,4146.0
2019-04-27,505,19:22:00,Saturday,Dundas/Ontario,5,Investigation,4,8.0,W/B,8320.0
2019-04-27,512,19:35:00,Saturday,St Clair at Christie,8,General Delay,7,13.0,W/B,4468.0
2019-04-27,501,20:31:00,Saturday,Queen street,8,General Delay,10,15.0,B/W,4051.0
2019-04-27,512,20:31:00,Saturday,St. Clair ave,8,General Delay,1,1.0,B/W,4468.0
2019-04-27,505,20:49:00,Saturday,Roncesvalles and Dundas,1,Mechanical,5,10.0,W/B,8205.0
2019-04-27,510,20:59:00,Saturday,Bay Station Tunnel and Queens Quay,5,Investigation,3,6.0,E/B,4488.0
2019-04-27,504,21:32:00,Saturday,Queen and DVP,1,Mechanical,8,16.0,W/B,4415.0
2019-04-27,504,21:57:00,Saturday,Bloor and Dundas,6,Emergency Services,5,13.0,E/B,4460.0
2019-04-27,506,23:10:00,Saturday,Degrassi and Broadview,3,Diversion,229,236.0,B/W,4143.0
2019-04-27,510,23:16:00,Saturday,Charlotte loop (King/Charlotte),6,Emergency Services,3,6.0,S/B,4488.0
2019-04-28,512,01:17:00,Sunday,St Clair station,6,Emergency Services,21,31.0,E/B,4537.0
2019-04-28,504,01:21:00,Sunday,Bathurst and King,1,Mechanical,5,10.0,E/B,4485.0
2019-04-28,501,02:27:00,Sunday,Queen and York,7,Held By,15,24.0,E/B,4131.0
2019-04-28,306,03:41:00,Sunday,Golfview and Gerrard,1,Mechanical,10,20.0,E/B,4077.0
2019-04-28,509,06:02:00,Sunday,EXHIBITION LOOP,1,Mechanical,9,18.0,E/B,4529.0
2019-04-28,510,06:22:00,Sunday,Spadina Station,1,Mechanical,5,10.0,S/B,1232.0
2019-04-28,504,06:39:00,Sunday,King and Bathurst,1,Mechanical,10,20.0,W/B,4495.0
2019-04-28,501,08:04:00,Sunday,Humber loop,1,Mechanical,4,14.0,E/B,4184.0
2019-04-28,510,08:15:00,Sunday,Queens Quay,7,Held By,25,28.0,S/B,4467.0
2019-04-28,510,08:16:00,Sunday,Spadina and Queens Quay,5,Investigation,29,38.0,E/B,4488.0
2019-04-28,510,08:17:00,Sunday,Queens Quay,5,Investigation,23,26.0,EB,7922.0
2019-04-28,506,08:25:00,Sunday,College Yonge,7,Held By,20,30.0,W/B,4192.0
2019-04-28,501,09:55:00,Sunday,Queen/University,8,General Delay,10,15.0,W/B,4411.0
2019-04-28,504,10:46:00,Sunday,Yonge,6,Emergency Services,7,14.0,W/B,4422.0
2019-04-28,501,11:26:00,Sunday,Queen/church,1,Mechanical,12,20.0,E/B,4170.0
2019-04-28,501,11:38:00,Sunday,Queen/Shaw,8,General Delay,22,28.0,E/B,4515.0
2019-04-28,511,12:03:00,Sunday,Bathurst Station,1,Mechanical,5,10.0,N/B,1057.0
2019-04-28,501,12:38:00,Sunday,Bay and Queen,8,General Delay,10,15.0,E/B,4190.0
2019-04-28,504,12:54:00,Sunday,Dunedas West to Broadview STN,8,General Delay,30,20.0,E/B,4437.0
2019-04-28,509,13:01:00,Sunday,CNE Loop,7,Held By,6,13.0,E/B,4420.0
2019-04-28,506,13:30:00,Sunday,High Park Loop to Main Stn,8,General Delay,15,21.0,B/W,
2019-04-28,506,14:41:00,Sunday,College & Spadina,1,Mechanical,33,41.0,W/B,4191.0
2019-04-28,512,16:39:00,Sunday,St Clair/Lansdowne,1,Mechanical,0,0.0,E/B,4535.0
2019-04-28,504,19:59:00,Sunday,King and Dufferin,3,Diversion,13,20.0,W/B,4448.0
2019-04-28,505,22:17:00,Sunday,Dundas West  Station,1,Mechanical,5,10.0,E/B,9205.0
2019-04-29,510,01:53:00,Monday,Queesnquey loop,5,Investigation,8,16.0,S/B,1320.0
2019-04-29,510,04:35:00,Monday,Leslie Barns,9,Late Leaving Garage,6,12.0,W/B,4499.0
2019-04-29,512,06:16:00,Monday,Bathurst and St Clair,7,Held By,0,0.0,E/B,4425.0
2019-04-29,512,06:18:00,Monday,Bathurst and St Clair,7,Held By,0,0.0,W/B,4461.0
2019-04-29,506,07:21:00,Monday,College Street West Major St,1,Mechanical,27,37.0,W/B,4079.0
2019-04-29,505,08:19:00,Monday,DWS,1,Mechanical,5,10.0,E/B,8202.0
2019-04-29,501,10:21:00,Monday,Queen and Leslie,6,Emergency Services,10,14.0,W/B,4001.0
2019-04-29,504,10:29:00,Monday,King and Queen,4,Utilized Off Route,7,14.0,W/B,4413.0
2019-04-29,505,11:35:00,Monday,Dundas West Station,1,Mechanical,4,8.0,E/B,8202.0
2019-04-29,505,11:59:00,Monday,Victoria and Dundas,6,Emergency Services,4,8.0,E/B,8216.0
2019-04-29,506,12:05:00,Monday,upper gerrard/woodbine,5,Investigation,45,50.0,E/B,4089.0
2019-04-29,505,12:43:00,Monday,Yonge/Victoria/Dundas,8,General Delay,10,14.0,E/B,7948.0
2019-04-29,501,14:36:00,Monday,queen/spadina,7,Held By,10,15.0,E/B,4511.0
2019-04-29,504,14:53:00,Monday,Broadview/Queen,4,Utilized Off Route,3,9.0,W/B,4416.0
2019-04-29,511,15:00:00,Monday,cne loop,1,Mechanical,4,8.0,N/B,1279.0
2019-04-29,504,15:00:00,Monday,Leslie / Queen,4,Utilized Off Route,6,11.0,W/B,4437.0
2019-04-29,501,16:38:00,Monday,lakeshore/silvermoon,7,Held By,45,55.0,B/W,4186.0
2019-04-29,504,16:51:00,Monday,King/parliament,7,Held By,9,15.0,E/B,4441.0
2019-04-29,512,17:29:00,Monday,Gunns Loop,1,Mechanical,7,14.0,E/B,4408.0
2019-04-29,504,17:43:00,Monday,Dundas W. Stn to Broadview Stn,8,General Delay,9,15.0,B/W,
2019-04-29,501,19:37:00,Monday,humber loop,1,Mechanical,5,10.0,E/B,4186.0
2019-04-29,501,19:37:00,Monday,humber loop,1,Mechanical,5,15.0,E/B,4186.0
2019-04-29,504,22:19:00,Monday,Disterilly loop,6,Emergency Services,22,30.0,S/B,4445.0
2019-04-29,512,22:34:00,Monday,Lansdowne,10,Overhead - Pantograph,68,75.0,E/B,4424.0
2019-04-29,505,23:31:00,Monday,Dundas West Stn,1,Mechanical,7,14.0,E/B,8322.0
2019-04-30,509,00:13:00,Tuesday,Exhibition,4,Utilized Off Route,10,20.0,E/B,4495.0
2019-04-30,510,04:35:00,Tuesday,Leslie Barns,9,Late Leaving Garage,5,1.0,W/B,4467.0
2019-04-30,506,04:42:00,Tuesday,Coxwell Ave and Lower Gerrard,9,Late Leaving Garage,3,16.0,W/B,4164.0
2019-04-30,512,04:59:00,Tuesday,Bathurst Station,1,Mechanical,5,10.0,E/B,4521.0
2019-04-30,501,05:31:00,Tuesday,Queen St. E at Greenwood Ave.,1,Mechanical,5,10.0,W/B,4193.0
2019-04-30,509,08:14:00,Tuesday,Union Station,1,Mechanical,1,1.0,W/B,4504.0
2019-04-30,512,09:23:00,Tuesday,Caledonia And St Clair,1,Mechanical,1,1.0,W/B,4462.0
2019-04-30,505,09:30:00,Tuesday,Sherbourne,5,Investigation,5,10.0,W/B,8206.0
2019-04-30,509,11:55:00,Tuesday,Rees st and Queen's Quey,1,Mechanical,7,14.0,W/B,4457.0
2019-04-30,505,12:06:00,Tuesday,University and Dundas,8,General Delay,10,14.0,E/B,8117.0
2019-04-30,501,12:07:00,Tuesday,Humber loop,1,Mechanical,9,18.0,E/B,4439.0
2019-04-30,501,12:58:00,Tuesday,Queen and Shaw,1,Mechanical,5,9.0,E/B,4135.0
2019-04-30,501,13:18:00,Tuesday,Queen and Connaught,1,Mechanical,5,9.0,E/B,4145.0
2019-04-30,503,15:12:00,Tuesday,Birchmount Div,1,Mechanical,9,18.0,W/B,7954.0
2019-04-30,505,15:15:00,Tuesday,Broadview and Gerrard,5,Investigation,4,8.0,S/B,8932.0
2019-04-30,504,15:15:00,Tuesday,King and Spadina,8,General Delay,8,7.0,B/W,4449.0
2019-04-30,501,16:16:00,Tuesday,Neville Loop,1,Mechanical,5,9.0,,4145.0
2019-04-30,503,16:39:00,Tuesday,King and Church,4,Utilized Off Route,12,24.0,W/B,7951.0
2019-04-30,705,17:36:00,Tuesday,Queen and Sherbourne,5,Investigation,5,9.0,W/B,4001.0
2019-04-30,505,18:11:00,Tuesday,McCaul and Dundas,5,Investigation,4,8.0,W/B,7945.0
2019-04-30,510,21:46:00,Tuesday,Spadna Stn,6,Emergency Services,9,18.0,N/B,4467.0
2019-04-30,506,23:15:00,Tuesday,Dundas and Howard Park,5,Investigation,21,29.0,E/B,4123.0
