Date,Time,Day,Station,Code,Min Delay,Min Gap,Bound,Line,Vehicle
2020-01-01,01:18,Wednesday,KENNEDY SRT STATION,SRDP,8,13,N,SRT,3025
2020-01-01,01:27,Wednesday,SHEPPARD WEST STATION,MUI,7,12,S,YU,5591
2020-01-01,02:22,Wednesday,MAIN STREET STATION,EUNT,3,7,W,BD,5371
2020-01-01,03:54,Wednesday,KIPLING STATION,MUIS,0,0,E,BD,5243
2020-01-01,08:07,Wednesday,KEELE STATION,MUNOA,4,9,W,BD,5011
2020-01-01,08:10,Wednesday,KEELE STATION,MUNOA,4,8,W,BD,5307
2020-01-01,08:14,Wednesday,KIPLING STATION,MUNOA,4,8,E,BD,5162
2020-01-01,09:50,Wednesday,QUEEN'S PARK STATION,MUATC,4,9,N,YU,5621
2020-01-01,09:51,Wednesday,DUPONT STATION,TUSC,3,6,S,YU,5491
2020-01-01,10:27,Wednesday,QUEEN'S PARK STATION,MUATC,7,12,N,YU,5621
2020-01-01,10:37,Wednesday,DUNDAS WEST STATION,TUMVS,0,0,W,BD,5194
2020-01-01,12:55,Wednesday,FINCH STATION,MUTO,3,7,S,YU,5531
2020-01-01,14:12,Wednesday,SHEPPARD STATION,SUAP,0,0,N,YU,6101
2020-01-01,14:25,Wednesday,DUNDAS WEST STATION,MUIS,0,0,,BD,0
2020-01-01,15:51,Wednesday,WARDEN STATION,SUO,7,11,E,BD,5139
2020-01-01,16:56,Wednesday,ISLINGTON STATION,SUO,4,8,W,BD,5344
2020-01-01,17:26,Wednesday,QUEEN'S PARK STATION,MUIR,9,14,N,YU,6106
2020-01-01,17:44,Wednesday,KIPLING STATION,EUDO,4,8,E,BD,5091
2020-01-01,19:28,Wednesday,YONGE SHEP STATION,TUSC,0,0,E,SHP,6191
2020-01-01,19:46,Wednesday,DUNDAS STATION,MUIRS,0,0,,YU,0
2020-01-01,20:12,Wednesday,VICTORIA PARK STATION,PUMEL,0,0,,BD,0
2020-01-01,22:00,Wednesday,YONGE-UNIVERSITY & BLO,MUO,0,0,,YU/BD,0
2020-01-01,22:51,Wednesday,BLOOR STATION,SUDP,3,8,S,YU,6121
2020-01-01,23:34,Wednesday,ROYAL YORK STATION,EUBK,5,10,E,BD,5131
2020-01-02,00:23,Thursday,LAWRENCE STATION,SUEAS,11,16,N,YU,5491
2020-01-02,00:24,Thursday,KENNEDY BD TO KIPLING,TUS,4,8,W,BD,5173
2020-01-02,00:37,Thursday,WARDEN STATION,MUIS,0,0,,BD,0
2020-01-02,01:16,Thursday,YONGE BD STATION,SUAE,0,0,,BD,0
2020-01-02,01:56,Thursday,BAY STATION,MUIR,0,0,W,BD,5161
2020-01-02,02:18,Thursday,SCARBOROUGH CTR STATIO,SRDP,0,0,,SRT,0
2020-01-02,05:20,Thursday,FINCH STATION,MUPLC,0,0,,YU,1337
2020-01-02,05:53,Thursday,FINCH STATION,SUAP,4,8,S,YU,5761
2020-01-02,06:09,Thursday,VAUGHAN MC STATION,MUATC,0,0,S,YU,6026
2020-01-02,06:35,Thursday,DON MILLS STATION,MUSC,0,0,N,YU,5471
2020-01-02,07:41,Thursday,WOODBINE STATION,EUSC,0,0,W,BD,5239
2020-01-02,07:45,Thursday,MUSEUM STATION,MUI,9,11,N,YU,5656
2020-01-02,08:37,Thursday,SHEPPARD STATION,MUI,4,6,S,YU,5811
2020-01-02,09:11,Thursday,DUNDAS STATION,TUOS,0,0,N,YU,5641
2020-01-02,09:55,Thursday,ROSEDALE STATION,MUIR,3,5,S,YU,5831
2020-01-02,10:22,Thursday,VAUGHAN MC STATION,TUNIP,3,6,S,YU,6071
2020-01-02,10:44,Thursday,WILSON STATION,MUATC,0,0,S,YU,5471
2020-01-02,11:14,Thursday,VAUGHAN MC STATION,MUO,0,0,S,YU,5396
2020-01-02,12:11,Thursday,PAPE STATION,PUMEL,0,0,,BD,0
2020-01-02,12:15,Thursday,DUNDAS STATION,MUIRS,0,0,,YU,0
2020-01-02,12:23,Thursday,KENNEDY SRT STATION,MRPAA,0,0,N,SRT,3007
2020-01-02,12:49,Thursday,DUNDAS STATION,MUIRS,0,0,N,YU,0
2020-01-02,13:04,Thursday,ST CLAIR WEST STATION,SUAP,13,16,N,YU,6016
2020-01-02,13:07,Thursday,VICTORIA PARK STATION,SUDP,0,0,,BD,0
2020-01-02,13:43,Thursday,FINCH WEST STATION,SUAP,7,10,S,YU,5836
2020-01-02,13:44,Thursday,YORK MILLS STATION,PUMEL,0,0,,YU,0
2020-01-02,14:03,Thursday,ROYAL YORK STATION,MUSC,0,0,E,BD,5162
2020-01-02,15:16,Thursday,KIPLING STATION,MUO,3,6,E,BD,5057
2020-01-02,16:16,Thursday,YORK MILLS STATION,MUTO,0,0,N,YU,5491
2020-01-02,16:36,Thursday,WOODBINE STATION,MUD,3,6,E,BD,5293
2020-01-02,17:22,Thursday,ROYAL YORK STATION,MUSC,0,0,E,BD,5321
2020-01-02,17:53,Thursday,EGLINTON WEST STATION,PUMEL,0,0,N,YU,0
2020-01-02,18:33,Thursday,GLENCAIRN STATION,SUAP,16,18,N,YU,5831
2020-01-02,19:18,Thursday,PIONEER VILLAGE STATIO,SUROB,0,0,,YU,0
2020-01-02,19:20,Thursday,NORTH YORK CTR STATION,TUSC,0,0,S,YU,5811
2020-01-02,19:51,Thursday,CHRISTIE STATION,TUSC,0,0,W,BD,5144
2020-01-02,20:03,Thursday,YONGE BD STATION,EUNT,0,0,E,BD,5149
2020-01-02,20:45,Thursday,ROYAL YORK STATION,SUROB,0,0,E,BD,0
2020-01-02,21:50,Thursday,EGLINTON WEST STATION,MUPAA,0,0,S,YU,5746
2020-01-02,21:54,Thursday,DUPONT STATION,MUNCA,0,0,,YU,0
2020-01-02,22:00,Thursday,YONGE-UNIVERSITY AND B,MUO,0,0,,YU / BD,0
2020-01-02,22:10,Thursday,DON MILLS STATION,TUSC,0,0,E,SHP,6191
2020-01-02,22:12,Thursday,KENNEDY BD STATION,MUIR,0,0,W,BD,5096
2020-01-03,00:14,Friday,NORTH YORK CENTRE STAT,SUAP,0,0,S,YU,5681
2020-01-03,01:19,Friday,KIPLING STATION,EUDO,3,8,E,BD,5363
2020-01-03,02:31,Friday,YONGE SHEP STATION,TUMVS,5,10,W,SHP,6186
2020-01-03,05:38,Friday,YORK MILLS STATION,PUTWZ,5,0,N,YU,5611
2020-01-03,05:43,Friday,EGLINTON STATION,PUTWZ,6,0,N,YU,5571
2020-01-03,05:43,Friday,EGLINTON STATION,PUTOE,0,0,S,YU,25
2020-01-03,06:35,Friday,HIGHWAY 407 STATION,EUTL,19,23,S,YU,5981
2020-01-03,06:51,Friday,BESSARION STATION,MUSC,0,0,E,SHP,6156
2020-01-03,07:29,Friday,BAYVIEW STATION,PUMEL,0,0,,SHP,0
2020-01-03,08:17,Friday,MCCOWAN STATION,ERTL,5,10,S,SRT,3004
2020-01-03,08:50,Friday,DUNDAS WEST STATION,TUMVS,0,0,W,BD,5016
2020-01-03,08:53,Friday,OSGOODE STATION,TUSC,0,0,S,YU,6051
2020-01-03,08:54,Friday,WELLESLEY STATION,SUO,3,5,N,YU,5511
2020-01-03,09:21,Friday,DAVISVILLE STATION,PUSNT,0,0,N,YU,6046
2020-01-03,09:38,Friday,MAIN STREET STATION,MUPAA,3,5,E,BD,5074
2020-01-03,09:38,Friday,PAPE STATION,SUAP,0,0,W,BD,0
2020-01-03,09:42,Friday,BESSARION STATION,MUSC,0,0,E,SHP,6161
2020-01-03,09:49,Friday,NORTH YORK CTR STATION,TUSC,0,0,N,YU,5771
2020-01-03,11:12,Friday,KIPLING STATION,MUD,0,0,E,BD,5043
2020-01-03,11:42,Friday,YONGE SHEP STATION,MUSC,0,0,W,SHP,6196
2020-01-03,12:36,Friday,QUEEN'S PARK STATION,MUATC,0,0,S,YU,5531
2020-01-03,13:38,Friday,YONGE BD STATION,SUAP,0,0,,BD,0
2020-01-03,14:00,Friday,MAIN STREET STATION,SUO,0,0,E,BD,5068
2020-01-03,14:36,Friday,SHEPPARD STATION,MUPAA,0,0,N,YU,5736
2020-01-03,14:41,Friday,YONGE BD STATION,TUSC,0,0,E,BD,5224
2020-01-03,15:10,Friday,COXWELL STATION,MUIE,0,0,E,BD,5074
2020-01-03,15:21,Friday,VICTORIA PARK STATION,MUD,4,7,W,BD,5285
2020-01-03,15:54,Friday,WOODBINE STATION,PUMEL,0,0,E,BD,0
2020-01-03,16:44,Friday,YONGE BD STATION,MUIS,0,0,E,BD,0
2020-01-03,17:03,Friday,WARDEN STATION,MUIS,0,0,,BD,0
2020-01-03,17:05,Friday,WARDEN STATION,MUPAA,7,9,E,BD,5126
2020-01-03,17:56,Friday,DUFFERIN STATION,MUD,7,8,E,BD,5227
2020-01-03,18:29,Friday,MIDLAND STATION,MRPAA,0,0,S,SRT,3010
2020-01-03,19:20,Friday,BLOOR STATION,MUTO,0,0,S,YU,5746
2020-01-03,20:57,Friday,DUNDAS WEST STATION,MUIS,4,9,,BD,1078
2020-01-03,21:35,Friday,KIPLING STATION,PUMEL,0,0,E,BD,5269
2020-01-03,21:49,Friday,FINCH STATION,SUDP,5,10,S,YU,5921
2020-01-03,22:00,Friday,YONGE-UNIVERSITY AND B,MUO,0,0,,YU/BD,0
2020-01-03,22:39,Friday,DUNDAS STATION,SUAP,0,0,N,YU,5851
2020-01-03,23:14,Friday,QUEEN STATION,MUIS,0,0,S,YU,5646
2020-01-03,23:40,Friday,VAUGHAN MC STATION,MUNOA,5,10,S,YU,6081
2020-01-04,00:10,Saturday,SUMMERHILL STATION,EUSC,0,0,N,YU,5546
2020-01-04,00:12,Saturday,UNION STATION,PUMEL,0,0,,YU,0
2020-01-04,00:28,Saturday,LANSDOWNE STATION,MTAFR,0,0,,BD,0
2020-01-04,01:22,Saturday,PAPE STATION,MUD,4,10,W,BD,5011
2020-01-04,01:40,Saturday,FINCH STATION,MUIS,0,0,,YU,0
2020-01-04,01:49,Saturday,BESSARION STATION,TUMVS,4,11,E,SHP,6156
2020-01-04,06:08,Saturday,GREENWOOD STATION,MUSC,3,8,E,BD,5333
2020-01-04,06:19,Saturday,GREENWOOD STATION,EUSC,0,0,E,BD,5182
2020-01-04,06:43,Saturday,VICTORIA PARK STATION,MUSC,0,0,W,BD,5230
2020-01-04,07:05,Saturday,YORK MILLS STATION,MUSC,0,0,N,YU,5551
2020-01-04,07:25,Saturday,KIPLING STATION,EUSC,0,0,E,BD,5182
2020-01-04,08:07,Saturday,FINCH STATION,MUSC,0,0,,YU,5841
2020-01-04,08:51,Saturday,EGLINTON WEST STATION,PUMEL,0,0,,YU,0
2020-01-04,08:53,Saturday,ST GEORGE BD STATION,MUTO,3,8,E,BD,5049
2020-01-04,11:38,Saturday,KENNEDY BD STATION,MUSAN,3,7,W,BD,5132
2020-01-04,13:18,Saturday,NORTH YORK CTR STATION,SUO,5,8,N,YU,6136
2020-01-04,14:26,Saturday,VAUGHAN MC STATION,MUNOA,3,6,,YU,5761
2020-01-04,15:34,Saturday,HIGH PARK STATION,SUO,4,8,W,BD,5016
2020-01-04,16:26,Saturday,SHERBOURNE STATION,SUAP,11,15,E,BD,5126
2020-01-04,17:33,Saturday,SHEPPARD WEST STATION,EUAC,4,7,S,YU,5506
2020-01-04,17:59,Saturday,DAVISVILLE TO EGLINTON,PUTD,0,0,N,YU,6031
2020-01-04,18:23,Saturday,UNION STATION,MUIS,0,0,,YU,0
2020-01-04,18:59,Saturday,KENNEDY BD STATION,SUDP,0,0,W,BD,5237
2020-01-04,19:09,Saturday,DAVISVILLE STATION,MUIS,0,0,,YU,0
2020-01-04,19:13,Saturday,DAVISVILLE STATION,PUMEL,0,0,,YU,0
2020-01-04,19:49,Saturday,KIPLING STATION,MUI,5,10,E,BD,5333
2020-01-04,20:16,Saturday,DON MILLS STATION,SUAE,0,0,,SHP,0
2020-01-04,20:33,Saturday,DON MILLS STATION,SUSA,4,9,W,SHP,6166
2020-01-04,20:47,Saturday,VAUGHAN MC STATION,MUNOA,5,10,,YU,5481
2020-01-04,21:55,Saturday,VAUGHAN MC STATION,MUIS,0,0,,YU,0
2020-01-04,22:00,Saturday,YONGE-UNIVERSITY & BLO,MUO,0,0,,YU/BD,0
2020-01-04,22:44,Saturday,ST PATRICK STATION,MUI,25,30,S,YU,5761
2020-01-04,23:42,Saturday,KEELE STATION,SUAP,0,0,,BD,0
2020-01-04,23:45,Saturday,YONGE SHEP STATION,MUNOA,5,10,E,SHP,6191
2020-01-05,00:01,Sunday,SHEPPARD STATION,MUPAA,0,0,N,YU,5381
2020-01-05,01:04,Sunday,BROADVIEW STATION,SUEAS,7,12,W,BD,5102
2020-01-05,01:13,Sunday,ST PATRICK STATION,MUATC,3,8,N,YU,6076
2020-01-05,07:41,Sunday,WILSON STATION,EUBO,5,0,S,YU,5726
2020-01-05,08:06,Sunday,SHEPPARD WEST STATION,EUNEA,3,8,N,YU,5851
2020-01-05,08:14,Sunday,KIPLING STATION,SUG,4,8,E,BD,5318
2020-01-05,08:18,Sunday,VAUGHAN MC STATION,TUO,10,15,S,YU,6071
2020-01-05,09:20,Sunday,COXWELL STATION,EUNT,3,7,W,BD,5285
2020-01-05,09:40,Sunday,SPADINA BD STATION,MUIR,12,17,W,BD,5102
2020-01-05,09:45,Sunday,KEELE STATION,PUSNT,4,8,E,BD,5293
2020-01-05,09:47,Sunday,PAPE STATION,EUCA,4,8,E,BD,5057
2020-01-05,09:57,Sunday,DUFFERIN STATION,MUSAN,3,8,W,BD,5102
2020-01-05,10:29,Sunday,ST CLAIR STATION,EUSC,0,0,S,YU,6016
2020-01-05,11:23,Sunday,WILSON STATION,TUNIP,3,7,S,YU,5726
2020-01-05,12:45,Sunday,NORTH YORK CTR STATION,EUSC,0,0,S,YU,6016
2020-01-05,13:09,Sunday,PAPE STATION,MUIS,0,0,,BD,0
2020-01-05,13:26,Sunday,ST PATRICK STATION,SUPOL,10,14,N,YU,6036
2020-01-05,14:05,Sunday,KEELE STATION,MUIR,5,9,W,BD,5237
2020-01-05,14:41,Sunday,EGLINTON STATION,MUIS,0,0,N,YU,0
2020-01-05,14:49,Sunday,HIGH PARK STATION,SUDP,9,13,E,BD,5227
2020-01-05,14:53,Sunday,YONGE SHEP STATION,TUSC,0,0,W,SHP,6161
2020-01-05,15:12,Sunday,GLENCAIRN STATION,MUPAA,0,0,S,YU,5571
2020-01-05,15:59,Sunday,ST PATRICK STATION,EUATC,0,0,N,YU,5556
2020-01-05,16:55,Sunday,EGLINTON WEST STATION,SUO,0,0,,YU,0
2020-01-05,17:04,Sunday,KENNEDY BD STATION,TUMVS,36,40,W,BD,5023
2020-01-05,17:39,Sunday,OSSINGTON STATION,MUPAA,0,0,E,BD,5014
2020-01-05,17:40,Sunday,ST CLAIR STATION,MUPAA,0,0,N,YU,5746
2020-01-05,18:48,Sunday,WARDEN STATION,SUDP,6,10,W,BD,5304
2020-01-05,19:22,Sunday,YONGE SHEP STATION,TUSC,0,0,E,SHP,6141
2020-01-05,21:44,Sunday,CHRISTIE STATION,MUIS,0,0,,BD,0
2020-01-06,00:52,Monday,EGLINTON STATION,EUSC,0,0,S,YU,6021
2020-01-06,01:21,Monday,FINCH STATION,TUSC,0,0,,YU,5841
2020-01-06,05:23,Monday,YONGE SHEP STATION,TUSC,0,0,E,SHP,6161
2020-01-06,06:00,Monday,TORONTO TRANSIT COMMIS,MRO,0,0,,SRT,0
2020-01-06,06:00,Monday,TORONTO TRANSIT COMMIS,MUO,0,0,,YU/BD,0
2020-01-06,06:00,Monday,TORONTO TRANSIT COMMIS,MUO,0,0,,SHP,0
2020-01-06,06:54,Monday,BLOOR DANFORTH SUBWAY,MUO,0,0,,BD,0
2020-01-06,07:22,Monday,VICTORIA PARK STATION,MUSC,0,0,E,BD,5361
2020-01-06,07:39,Monday,YORKDALE STATION,MUIR,0,0,S,YU,5966
2020-01-06,07:47,Monday,BATHURST STATION,SUAP,0,0,W,BD,0
2020-01-06,07:51,Monday,SHERBOURNE STATION,MUIR,0,0,W,BD,5173
2020-01-06,08:27,Monday,DAVISVILLE STATION,MUIR,5,7,S,YU,5386
2020-01-06,08:58,Monday,DAVISVILLE STATION,MUIR,3,5,S,YU,5916
2020-01-06,08:59,Monday,MAIN STREET STATION,MUSC,0,0,W,BD,5118
2020-01-06,09:23,Monday,WOODBINE STATION,EUTR,3,6,W,BD,5016
2020-01-06,09:47,Monday,PAPE STATION,SUDP,0,0,E,BD,5310
2020-01-06,10:14,Monday,JANE STATION,MUNCA,0,0,,BD,0
2020-01-06,10:37,Monday,SHEPPARD WEST STATION,MUPAA,0,0,S,YU,5786
2020-01-06,11:46,Monday,DONLANDS STATION,PUMEL,0,0,,BD,0
2020-01-06,11:46,Monday,SHERBOURNE STATION,SUDP,4,7,W,BD,5528
2020-01-06,12:16,Monday,YONGE UNIVERSITY LINE,MUGD,0,0,,YU,0
2020-01-06,12:27,Monday,GREENWOOD YARD,MUIE,0,0,,BD,0
2020-01-06,12:36,Monday,DAVISVILLE STATION,TUCC,0,0,N,YU,5696
2020-01-06,12:42,Monday,QUEEN'S PARK STATION,MUIS,0,0,,YU,0
2020-01-06,12:50,Monday,LAWRENCE EAST STATION,MRPAA,0,0,N,SRT,3011
2020-01-06,13:10,Monday,FINCH STATION,MUTO,3,6,S,YU,5841
2020-01-06,13:24,Monday,ST PATRICK STATION,TUSC,0,0,S,YU,5596
2020-01-06,13:53,Monday,DUPONT STATION,MUIS,0,0,N,YU,5946
2020-01-06,14:35,Monday,COLLEGE STATION,MUIS,5,8,S,YU,5591
2020-01-06,14:45,Monday,FINCH STATION,MUIS,0,0,,YU,0
2020-01-06,15:00,Monday,GREENWOOD STATION,PUMO,0,0,,BD,0
2020-01-06,15:03,Monday,ST CLAIR WEST STATION,MUIE,3,5,N,YU,5591
2020-01-06,15:08,Monday,DONLANDS STATION,SUCOL,0,0,W,BD,5343
2020-01-06,15:36,Monday,KIPLING STATION,TUSC,0,0,W,BD,5269
2020-01-06,16:03,Monday,CASTLE FRANK STATION,SUDP,0,0,E,BD,5098
2020-01-06,16:29,Monday,GLENCAIRN STATION,MUATC,4,6,N,YU,5666
2020-01-06,16:34,Monday,KENNEDY BD STATION,MUIR,3,5,W,BD,5264
2020-01-06,16:34,Monday,NORTH YORK CTR STATION,SUO,0,0,S,YU,5836
2020-01-06,16:35,Monday,QUEEN'S PARK STATION,MUATC,0,0,S,YU,5786
2020-01-06,16:46,Monday,COXWELL STATION,SUAP,0,0,,BD,0
2020-01-06,17:12,Monday,UNION STATION,SUO,0,0,,YU,0
2020-01-06,17:49,Monday,WELLESLEY STATION,MUIR,6,8,N,YU,5751
2020-01-06,18:04,Monday,DOWNSVIEW PARK STATION,MUTO,3,5,N,YU,5426
2020-01-06,18:13,Monday,EGLINTON WEST STATION,MUIR,0,0,N,YU,6101
2020-01-06,19:16,Monday,ST PATRICK STATION,MUATC,3,5,N,YU,6091
2020-01-06,19:26,Monday,BAY STATION,MUIS,0,0,,BD,0
2020-01-06,20:20,Monday,KEELE STATION,MUIS,0,0,,BD,0
2020-01-06,20:50,Monday,PAPE STATION,SUROB,0,0,,BD,0
2020-01-06,21:30,Monday,NORTH YORK CTR STATION,MUIS,0,0,,YU,0
2020-01-06,21:34,Monday,OSGOODE STATION,TUSC,0,0,N,YU,5681
2020-01-06,22:00,Monday,YONGE-UNIVERSITY AND B,MUO,0,0,,YU/BD,0
2020-01-06,22:33,Monday,BATHURST STATION,SUO,7,11,W,BD,5356
2020-01-06,23:19,Monday,SHERBOURNE STATION,MUIS,0,0,,BD,0
2020-01-07,01:36,Tuesday,FINCH WEST STATION,MUIS,0,0,S,YU,6051
2020-01-07,04:54,Tuesday,DANFORTH DIVISION,MUIE,0,0,,BD,0
2020-01-07,05:24,Tuesday,KIPLING STATION,SUCOL,0,0,,BD,0
2020-01-07,06:44,Tuesday,ST PATRICK STATION,EUSC,0,0,S,YU,6051
2020-01-07,06:46,Tuesday,PAPE STATION,MUIS,0,0,,BD,0
2020-01-07,06:55,Tuesday,FINCH STATION,MUTO,0,0,S,YU,6101
2020-01-07,07:27,Tuesday,WARDEN STATION,PUSIS,8,10,E,BD,5305
2020-01-07,07:47,Tuesday,BROADVIEW STATION,MUTO,5,7,E,BD,5142
2020-01-07,07:50,Tuesday,YORKDALE STATION,EUTR,3,5,N,YU,5736
2020-01-07,07:58,Tuesday,COXWELL STATION,MUIR,5,7,W,BD,5016
2020-01-07,08:07,Tuesday,BROADVIEW STATION,MUSC,0,0,E,BD,5010
2020-01-07,08:15,Tuesday,GLENCAIRN STATION,MUI,27,29,N,YU,5461
2020-01-07,08:39,Tuesday,DAVISVILLE STATION,MUI,3,5,S,YU,5441
2020-01-07,08:40,Tuesday,ROSEDALE STATION,MUIS,0,0,,YU,0
2020-01-07,08:42,Tuesday,CHRISTIE STATION,MUIR,3,5,E,BD,5344
2020-01-07,08:57,Tuesday,PAPE STATION,MUPAA,0,0,W,BD,5253
2020-01-07,09:52,Tuesday,ST PATRICK STATION,EUSC,4,6,S,YU,6051
2020-01-07,09:58,Tuesday,EGLINTON STATION,MUPAA,0,0,S,YU,6016
2020-01-07,10:21,Tuesday,WARDEN STATION,MUPAA,0,0,W,BD,5084
2020-01-07,10:22,Tuesday,FINCH STATION,MUSC,3,6,S,YU,5456
2020-01-07,11:30,Tuesday,BAY STATION,SUAP,4,7,E,BD,5285
2020-01-07,11:57,Tuesday,ST PATRICK STATION,MUPAA,3,6,S,YU,6106
2020-01-07,12:05,Tuesday,JANE STATION,PUMEL,0,0,,BD,0
2020-01-07,12:12,Tuesday,BATHURST STATION,SUAE,0,0,,BD,0
2020-01-07,12:14,Tuesday,VAUGHAN MC STATION,MUPLB,3,6,S,YU,6046
2020-01-07,12:51,Tuesday,MUSEUM STATION,MUATC,3,6,S,YU,6136
2020-01-07,13:25,Tuesday,RUNNYMEDE STATION,MUSC,0,0,E,BD,5321
2020-01-07,13:37,Tuesday,ST CLAIR WEST STATION,MUIRS,0,0,S,YU,5616
2020-01-07,13:37,Tuesday,YONGE BD STATION,TUSC,0,0,E,BD,5285
2020-01-07,13:44,Tuesday,KIPLING STATION,SUDP,0,0,,BD,0
2020-01-07,15:02,Tuesday,RUNNYMEDE STATION,PUMEL,0,0,,BD,0
2020-01-07,15:06,Tuesday,SHEPPARD STATION,MUSC,0,0,N,YU,6106
2020-01-07,15:12,Tuesday,EGLINTON WEST STATION,PUMEL,0,0,,YU,0
2020-01-07,15:16,Tuesday,KIPLING STATION,PUMEL,0,0,,BD,0
2020-01-07,15:38,Tuesday,DONLANDS STATION,EUSC,0,0,W,BD,5181
2020-01-07,16:08,Tuesday,VAUGHAN MC STATION,EUATC,3,6,S,YU,5786
2020-01-07,17:15,Tuesday,OSSINGTON STATION,TUSC,0,0,W,BD,5162
2020-01-07,17:34,Tuesday,LAWRENCE STATION,MUPAA,4,6,N,YU,6011
2020-01-07,17:45,Tuesday,WELLESLEY STATION,EUDO,5,7,S,YU,5406
2020-01-07,18:20,Tuesday,ROSEDALE STATION,SUDP,5,7,S,YU,5471
2020-01-07,18:47,Tuesday,ISLINGTON STATION,MUIR,0,0,W,BD,0
2020-01-07,18:49,Tuesday,MAIN STREET STATION,SUO,0,0,,BD,3455
2020-01-07,19:28,Tuesday,YONGE SHEP STATION,MUPAA,0,0,W,SHP,6196
2020-01-07,19:55,Tuesday,VAUGHAN MC STATION,TUNIP,4,7,S,YU,6126
2020-01-07,20:10,Tuesday,FINCH STATION,MUIR,4,7,S,YU,5526
2020-01-07,20:13,Tuesday,DUNDAS STATION,EUTL,6,9,S,YU,5506
2020-01-07,20:36,Tuesday,FINCH STATION,MUSC,0,0,S,YU,6066
2020-01-07,20:39,Tuesday,VAUGHAN MC STATION,MUI,0,0,S,YU,5596
2020-01-07,20:46,Tuesday,MAIN STREET STATION,TUOS,0,0,E,BD,5028
2020-01-07,20:50,Tuesday,VICTORIA PARK STATION,SUDP,6,9,E,BD,5028
2020-01-07,21:32,Tuesday,SPADINA BD STATION,EUDO,17,21,W,BD,5151
2020-01-07,22:00,Tuesday,YONGE-UNIVERSITY AND B,MUO,0,0,,YU/BD,0
2020-01-07,22:01,Tuesday,VAUGHAN MC STATION,MUI,0,0,S,YU,5541
2020-01-08,01:02,Wednesday,ROSEDALE STATION,MUIE,5,10,N,YU,5761
2020-01-08,01:27,Wednesday,ST PATRICK STATION,MUATC,6,11,N,YU,6101
2020-01-08,04:43,Wednesday,DUPONT TO ST CLAIR WES,PUTWZ,16,0,S,YU,5561
2020-01-08,05:29,Wednesday,ISLINGTON STATION,SUCOL,0,0,,BD,0
2020-01-08,06:13,Wednesday,SPADINA BD STATION,MUDD,6,10,E,BD,5001
2020-01-08,06:23,Wednesday,KENNEDY BD STATION,TUSC,0,0,E,BD,5315
2020-01-08,06:37,Wednesday,FINCH STATION,MUSC,0,0,S,YU,5631
2020-01-08,07:09,Wednesday,RUNNYMEDE STATION,MUPAA,0,0,E,BD,5271
2020-01-08,07:16,Wednesday,KENNEDY BD STATION,MUSAN,3,5,W,BD,5012
2020-01-08,07:27,Wednesday,RUNNYMEDE STATION,EUAC,0,0,E,BD,5124
2020-01-08,07:30,Wednesday,DAVISVILLE STATION,EUSC,0,0,N,YU,6051
2020-01-08,07:33,Wednesday,YONGE BD STATION,MUIR,5,7,W,BD,5264
2020-01-08,07:39,Wednesday,BATHURST STATION,MUD,3,5,E,BD,5197
2020-01-08,07:51,Wednesday,CHRISTIE STATION,MUIRS,0,0,,BD,0
2020-01-08,08:03,Wednesday,MUSEUM STATION,MUIR,0,0,S,YU,5761
2020-01-08,08:15,Wednesday,QUEEN'S PARK STATION,MUIR,6,8,S,YU,5846
2020-01-08,08:45,Wednesday,LAWRENCE STATION,PUMEL,0,0,,YU,0
2020-01-08,09:48,Wednesday,EGLINTON STATION,MUTO,3,5,S,YU,6106
2020-01-08,10:35,Wednesday,ST PATRICK STATION,MUATC,3,5,N,YU,6101
2020-01-08,11:25,Wednesday,KIPLING STATION,TUMVS,0,0,W,BD,5356
2020-01-08,11:34,Wednesday,YORKDALE STATION,EUPI,3,6,S,YU,5596
2020-01-08,11:43,Wednesday,GLENCAIRN STATION,SUDP,4,7,N,YU,5621
2020-01-08,12:01,Wednesday,BLOOR STATION,MUIS,0,0,,YU,0
2020-01-08,13:23,Wednesday,ST GEORGE YUS STATION,MUIR,0,0,S,YU,5921
2020-01-08,14:25,Wednesday,HIGHWAY 407 STATION,MUO,0,0,N,YU,6096
2020-01-08,15:16,Wednesday,DONLANDS STATION,EUSC,0,0,W,BD,5181
2020-01-08,15:25,Wednesday,DAVISVILLE STATION,MUTO,4,7,S,YU,6036
2020-01-08,15:45,Wednesday,NORTH YORK CTR STATION,SUUT,0,0,S,YU,6131
2020-01-08,17:43,Wednesday,COXWELL STATION,TUNIP,3,5,W,BD,5176
2020-01-08,17:50,Wednesday,ST CLAIR STATION,MUIRS,0,0,N,YU,0
2020-01-08,18:17,Wednesday,OSGOODE STATION,EUSC,0,0,S,YU,6051
2020-01-08,18:19,Wednesday,LAWRENCE STATION,MUO,0,0,N,YU,5721
2020-01-08,18:21,Wednesday,COXWELL STATION,TUOS,0,0,W,BD,5071
2020-01-08,18:28,Wednesday,ST CLAIR WEST STATION,MUNCA,0,0,,YU,0
2020-01-08,18:44,Wednesday,FINCH STATION,TUSC,0,0,N,YU,5826
2020-01-08,19:26,Wednesday,VAUGHAN MC STATION,MUSAN,3,6,S,YU,6071
2020-01-08,19:52,Wednesday,COLLEGE STATION,MUNCA,0,0,,YU,0
2020-01-08,20:09,Wednesday,CHRISTIE STATION,SUO,3,6,W,BD,5039
2020-01-08,20:48,Wednesday,YORKDALE STATION,SUO,0,0,,YU,0
2020-01-08,20:54,Wednesday,DUPONT STATION,MUNCA,0,0,,YU,0
2020-01-08,21:04,Wednesday,BLOOR STATION,MUSC,0,0,S,YU,5801
2020-01-08,21:20,Wednesday,WOODBINE STATION,MUIS,0,0,,BD,0
2020-01-08,21:38,Wednesday,ST PATRICK STATION,MUPAA,7,12,S,YU,6106
2020-01-08,21:42,Wednesday,YORK MILLS STATION,SUO,6,11,S,YU,6046
2020-01-08,21:58,Wednesday,NORTH YORK CTR STATION,MUIS,0,0,,YU,0
2020-01-08,22:00,Wednesday,YONGE UNIVERSITY AND B,MUO,0,0,,YU/BD,0
2020-01-08,22:22,Wednesday,NORTH YORK CTR STATION,MUIS,0,0,,YU,0
2020-01-08,22:39,Wednesday,VICTORIA PARK STATION,SUDP,9,13,W,BD,5027
2020-01-08,22:52,Wednesday,CHESTER STATION,MUSC,0,0,E,BD,5023
2020-01-08,22:57,Wednesday,SPADINA BD STATION,MUPR1,22,26,W,BD,5057
2020-01-08,23:00,Wednesday,SPADINA YUS STATION,MUO,0,0,N,YU,6101
2020-01-08,23:05,Wednesday,VAUGHAN MC STATION,TUNIP,3,8,,YU,5612
2020-01-09,00:46,Thursday,DUNDAS STATION,MUPAA,0,0,N,YU,5821
2020-01-09,02:27,Thursday,SHEPPARD STATION,TUSC,0,0,N,YU,5851
2020-01-09,04:31,Thursday,WILSON STATION,PUMO,0,0,,YU,0
2020-01-09,06:35,Thursday,DONLANDS STATION,MUWEA,4,8,W,BD,5075
2020-01-09,07:21,Thursday,ROYAL YORK STATION,EUSC,0,0,E,BD,5181
2020-01-09,07:30,Thursday,ST PATRICK STATION,TUSC,0,0,S,YU,6051
2020-01-09,07:40,Thursday,RUNNYMEDE STATION,MUDD,5,7,E,BD,5108
2020-01-09,07:45,Thursday,DUNDAS WEST STATION,TUMVS,0,0,W,BD,5072
2020-01-09,08:03,Thursday,ROSEDALE STATION,MUIR,3,5,S,YU,5536
2020-01-09,08:21,Thursday,ELLESMERE STATION,MRPAA,0,0,S,SRT,3002
2020-01-09,08:31,Thursday,MAIN STREET STATION,MUI,4,7,E,BD,5023
2020-01-09,08:44,Thursday,EGLINTON STATION,MUIR,0,0,S,YU,5846
2020-01-09,09:25,Thursday,KEELE STATION,PUMEL,0,0,,BD,0
2020-01-09,09:45,Thursday,KIPLING STATION,SUDP,3,6,E,BD,5242
2020-01-09,09:59,Thursday,CHRISTIE STATION,TUSC,0,0,W,BD,5054
2020-01-09,10:17,Thursday,BROADVIEW STATION,EUNT,5,8,E,BD,5152
2020-01-09,10:24,Thursday,LESLIE STATION,TUSC,0,0,W,SHP,6146
2020-01-09,11:34,Thursday,NORTH YORK CTR STATION,SUEAS,8,11,N,YU,5821
2020-01-09,11:42,Thursday,DUFFERIN STATION,SUO,5,8,E,BD,5096
2020-01-09,12:45,Thursday,VAUGHAN MC STATION,TUO,0,0,N,YU,5781
2020-01-09,13:00,Thursday,OSSINGTON STATION,MUPAA,0,0,W,BD,5031
2020-01-09,14:06,Thursday,OSGOODE STATION,MUIS,0,0,S,YU,0
2020-01-09,14:07,Thursday,BLOOR STATION,PUSO,4,7,N,YU,5821
2020-01-09,14:51,Thursday,DON MILLS STATION,MUIE,0,0,,SHP,0
2020-01-09,15:00,Thursday,FINCH STATION,MUTO,5,8,S,YU,5671
2020-01-09,15:12,Thursday,SHEPPARD WEST STATION,MUIRS,0,0,S,YU,6071
2020-01-09,15:47,Thursday,DUPONT STATION,MUPAA,0,0,S,YU,6051
2020-01-09,16:24,Thursday,BLOOR STATION,SUDP,5,7,S,YU,5611
2020-01-09,17:13,Thursday,DUNDAS STATION,MUNCA,0,0,,YU,0
2020-01-09,17:17,Thursday,ROSEDALE STATION,MUIR,6,8,N,YU,5671
2020-01-09,17:22,Thursday,EGLINTON STATION,TUOS,3,5,N,YU,5481
2020-01-09,17:34,Thursday,DAVISVILLE STATION,MUPAA,0,0,N,YU,5421
2020-01-09,17:53,Thursday,LAWRENCE STATION,MUPAA,0,0,N,YU,5686
2020-01-09,18:24,Thursday,DONLANDS STATION,MUIS,0,0,E,BD,5007
2020-01-09,18:30,Thursday,YONGE BD STATION,MUDD,3,5,E,BD,5244
2020-01-09,18:35,Thursday,OLD MILL STATION,EUSC,0,0,E,BD,5181
2020-01-09,19:26,Thursday,VAUGHAN MC STATION,TUNIP,3,6,S,YU,5876
2020-01-09,19:55,Thursday,ST GEORGE YUS STATION,MUTO,0,0,N,YU,5721
2020-01-09,20:48,Thursday,BATHURST STATION,SUDP,3,6,E,BD,5202
2020-01-09,21:06,Thursday,OSSINGTON STATION,TUMVS,0,0,E,BD,5363
2020-01-09,22:00,Thursday,YONGE UNIVERSITY AND B,MUO,0,0,,YU/BD,0
2020-01-09,22:36,Thursday,ST GEORGE BD STATION,TUMVS,4,8,W,BD,5067
2020-01-09,23:17,Thursday,YORK UNIVERSITY STATIO,MUPAA,0,0,N,YU,5826
2020-01-09,23:22,Thursday,KENNEDY BD STATION,MUTO,3,7,W,BD,5133
2020-01-10,00:41,Friday,VICTORIA PARK STATION,EUPI,4,8,E,BD,5269
2020-01-10,00:53,Friday,EGLINTON STATION,EUSC,0,0,S,YU,6046
2020-01-10,01:11,Friday,GREENWOOD STATION,TUOS,0,0,W,BD,5095
2020-01-10,01:14,Friday,HIGH PARK STATION,MUIS,0,0,E,BD,0
2020-01-10,01:17,Friday,CHESTER STATION,MUO,4,8,W,BD,5095
2020-01-10,01:34,Friday,DAVISVILLE STATION,MUO,5,10,S,YU,5891
2020-01-10,01:36,Friday,ST CLAIR STATION,MUO,5,10,N,YU,5891
2020-01-10,01:59,Friday,DUNDAS WEST STATION,SUUT,0,0,E,BD,0
2020-01-10,02:06,Friday,DUNDAS WEST STATION,TUMVS,4,0,W,BD,5067
2020-01-10,05:10,Friday,EGLINTON STATION,SUCOL,0,0,,YU,0
2020-01-10,05:32,Friday,FINCH STATION,TUSC,0,0,S,YU,5816
2020-01-10,06:00,Friday,MCCOWAN STATION,TRO,0,0,S,SRT,3010
2020-01-10,06:09,Friday,GREENWOOD WYE,MUSC,0,0,E,BD,5031
2020-01-10,06:36,Friday,FINCH STATION,MUSC,0,0,S,YU,5941
2020-01-10,06:57,Friday,KENNEDY BD STATION,TUSC,0,0,E,BD,5109
2020-01-10,09:05,Friday,SUMMERHILL STATION,MUIRS,0,0,,YU,0
2020-01-10,09:16,Friday,GREENWOOD STATION,MUSC,0,0,E,BD,5154
2020-01-10,11:45,Friday,KEELE STATION,MUSC,0,0,W,BD,5353
2020-01-10,11:47,Friday,QUEEN STATION,MUPAA,0,0,N,YU,5576
2020-01-10,12:13,Friday,ST GEORGE BD STATION,SUDP,3,6,W,BD,5283
2020-01-10,14:41,Friday,SUMMERHILL STATION,MUIR,3,6,N,YU,5891
2020-01-10,15:08,Friday,KENNEDY BD STATION,SUUT,0,0,E,BD,5244
2020-01-10,15:18,Friday,OLD MILL STATION,PUSCR,8,10,E,BD,5109
2020-01-10,15:26,Friday,ST CLAIR WEST STATION,MUIRS,0,0,N,YU,0
2020-01-10,15:38,Friday,PAPE STATION,PUMST,0,0,,BD,0
2020-01-10,16:19,Friday,FINCH STATION,MUSC,0,0,S,YU,5426
2020-01-10,16:42,Friday,WILSON STATION,MUTO,0,0,S,YU,5891
2020-01-10,18:53,Friday,YONGE BD STATION,MUIRS,4,7,W,BD,5216
2020-01-10,19:07,Friday,FINCH STATION,MUSC,0,0,S,YU,5426
2020-01-10,19:52,Friday,YONGE SHEP STATION,TUSC,0,0,W,SHP,6151
2020-01-10,21:20,Friday,BATHURST STATION,MUD,5,8,E,BD,5139
2020-01-10,21:33,Friday,SUMMERHILL STATION,MUD,0,0,S,YU,5886
2020-01-10,21:36,Friday,ST CLAIR WEST STATION,MUATC,0,0,N,YU,5956
2020-01-10,22:00,Friday,DUFFERIN STATION,MUIR,3,7,W,BD,5305
2020-01-10,22:00,Friday,YONGE UNIVERSITY AND B,MUO,0,0,,YU/BD,0
2020-01-10,23:46,Friday,VICTORIA PARK STATION,MUSC,0,0,E,BD,5152
2020-01-10,23:50,Friday,OSGOODE STATION,SUO,0,0,S,YU,6056
2020-01-11,00:21,Saturday,LANSDOWNE STATION,MUIS,0,0,W,BD,0
2020-01-11,00:45,Saturday,YONGE BD STATION,MUIRS,0,0,,BD,0
2020-01-11,00:48,Saturday,ST CLAIR STATION,MUIS,0,0,N,YU,0
2020-01-11,03:00,Saturday,DUFFERIN STATION,PUMO,0,0,,BD,0
2020-01-11,06:00,Saturday,YONGE BD STATION,TUO,4,0,W,BD,5194
2020-01-11,07:16,Saturday,WILSON STATION,MUATC,3,8,S,YU,6106
2020-01-11,07:30,Saturday,WILSON STATION,MUATC,3,8,S,YU,5691
2020-01-11,08:17,Saturday,WILSON STATION,MUATC,3,8,S,YU,5701
2020-01-11,08:43,Saturday,WILSON STATION,MUATC,3,8,S,YU,5561
2020-01-11,11:53,Saturday,KENNEDY BD STATION,MUTO,4,8,E,BD,5166
2020-01-11,11:58,Saturday,MCCOWAN STATION,MRUI,0,0,,SRT,0
2020-01-11,12:07,Saturday,RUNNYMEDE STATION,MUSC,0,0,W,BD,5162
2020-01-11,12:12,Saturday,VICTORIA PARK STATION,EUDO,7,11,W,BD,5121
2020-01-11,12:48,Saturday,VAUGHAN MC STATION,MUO,0,0,,YU,0
2020-01-11,12:55,Saturday,ST GEORGE YUS STATION,MUIR,3,8,N,YU,5536
2020-01-11,13:34,Saturday,ST CLAIR STATION,MUIS,0,0,,YU,0
2020-01-11,13:54,Saturday,CHESTER STATION,MUPAA,0,0,E,BD,5264
2020-01-11,14:12,Saturday,COLLEGE STATION,MUIS,0,0,,YU,0
2020-01-11,14:13,Saturday,DUNDAS STATION,MUIRS,0,0,,YU,0
2020-01-11,14:42,Saturday,DAVISVILLE STATION,EUBK,4,9,N,YU,5456
2020-01-11,15:08,Saturday,ELLESMERE STATION,ERDO,4,9,S,SRT,3008
2020-01-11,16:09,Saturday,WOODBINE STATION,MUIRS,0,0,E,BD,0
2020-01-11,16:24,Saturday,ROSEDALE STATION,SUDP,5,10,N,YU,5806
2020-01-11,16:25,Saturday,DUNDAS STATION,SUROB,0,0,S,YU,0
2020-01-11,16:35,Saturday,VAUGHAN MC STATION,TUNIP,3,7,S,YU,5401
2020-01-11,16:39,Saturday,ST GEORGE BD STATION,TUSC,0,0,W,BD,5029
2020-01-11,17:06,Saturday,MCCOWAN STATION,ERTC,11,16,S,SRT,3012
2020-01-11,17:16,Saturday,HIGHWAY 407 STATION,MUIR,4,8,S,YU,5836
2020-01-11,17:52,Saturday,CHESTER STATION,MUPAA,0,0,W,BD,5315
2020-01-11,18:08,Saturday,BLOOR DANFORTH SUBWAY,PUSRA,0,0,,BD,0
2020-01-11,18:08,Saturday,SHEPPARD SUBWAY LINE,PUSRA,0,0,,SHP,0
2020-01-11,18:08,Saturday,YONGE/UNIVERSITY SUBWA,PUSRA,0,0,,YU,0
2020-01-11,18:58,Saturday,SHEPPARD WEST STATION,MUIRS,0,0,,YU,0
2020-01-11,21:25,Saturday,ST CLAIR WEST STATION,SUO,0,0,S,YU,6056
2020-01-11,22:00,Saturday,YONGE-UNIVERSITY AND B,MUO,0,0,,YU/BD,0
2020-01-11,22:02,Saturday,OSGOODE STATION,SUO,0,0,N,YU,5566
2020-01-11,22:33,Saturday,YONGE BD STATION,SUO,0,0,E,BD,0
2020-01-11,22:39,Saturday,YORK UNIVERSITY STATIO,SUCOL,0,0,,YU,0
2020-01-11,22:40,Saturday,YORK UNIVERSITY STATIO,SUCOL,0,0,S,YU,5601
2020-01-12,02:07,Sunday,DUNDAS WEST STATION,SUDP,0,0,,BD,0
2020-01-12,02:18,Sunday,ISLINGTON STATION,MUIS,0,0,,BD,0
2020-01-12,08:07,Sunday,GREENWOOD STATION,MUWEA,10,0,E,BD,5366
2020-01-12,08:13,Sunday,UNION STATION,EUVE,7,0,N,YU,6051
2020-01-12,09:10,Sunday,JANE STATION,MUSC,0,0,E,BD,5238
2020-01-12,09:10,Sunday,WELLESLEY STATION,SUAP,0,0,N,YU,0
2020-01-12,10:23,Sunday,DUNDAS WEST STATION,SUUT,6,11,W,BD,5012
2020-01-12,10:27,Sunday,CASTLE FRANK STATION,SUDP,9,13,E,BD,5226
2020-01-12,11:20,Sunday,LESLIE STATION,TUSC,0,0,W,SHP,6166
2020-01-12,11:41,Sunday,KING STATION,MUIR,10,15,S,YU,5466
2020-01-12,11:48,Sunday,BATHURST STATION,PUMEL,0,0,,BD,0
2020-01-12,13:29,Sunday,BLOOR STATION,EUSC,0,0,S,YU,5876
2020-01-12,13:48,Sunday,BLOOR STATION,PUTSC,0,0,S,YU,5466
2020-01-12,14:04,Sunday,WILSON STATION,SUO,3,8,S,YU,5401
2020-01-12,15:10,Sunday,ST GEORGE YUS STATION,MUIR,3,8,N,YU,5596
2020-01-12,15:34,Sunday,BESSARION STATION,MUSC,0,0,E,SHP,6161
2020-01-12,16:16,Sunday,KENNEDY BD STATION,TUMVS,0,0,E,BD,5356
2020-01-12,17:35,Sunday,LAWRENCE WEST STATION,MUDD,5,10,N,YU,5406
2020-01-12,17:55,Sunday,LESLIE STATION,TUSC,0,0,W,SHP,6166
2020-01-12,18:30,Sunday,GLENCAIRN STATION,MUDD,3,8,S,YU,5851
2020-01-12,21:02,Sunday,WELLESLEY STATION,MUI,5,10,S,YU,5591
2020-01-12,21:25,Sunday,FINCH STATION,SUDP,5,10,S,YU,5816
2020-01-12,21:44,Sunday,EGLINTON WEST STATION,SUDP,6,11,N,YU,5726
2020-01-12,21:47,Sunday,ST PATRICK STATION,TUSC,0,0,S,YU,6011
2020-01-12,22:00,Sunday,YONGE-UNIVERSITY AND B,MUO,0,0,,YU/BD,0
2020-01-12,22:26,Sunday,ST CLAIR STATION,SUDP,3,8,S,YU,6056
2020-01-12,23:19,Sunday,YONGE SHEP STATION,TUSC,0,0,E,SHP,6191
2020-01-13,00:55,Monday,KEELE STATION,TUS,4,8,W,BD,5194
2020-01-13,05:30,Monday,ST PATRICK STATION,PUTOE,0,0,N,YU,0
2020-01-13,06:05,Monday,ST PATRICK STATION,MUATC,6,0,N,YU,5826
2020-01-13,06:15,Monday,DUNDAS STATION,MUNCA,0,0,,YU,0
2020-01-13,06:54,Monday,MAIN STREET STATION,SUDP,6,8,W,BD,5363
2020-01-13,07:22,Monday,DUNDAS STATION,MUPAA,0,0,S,YU,5566
2020-01-13,07:29,Monday,DONLANDS STATION,PUMST,0,0,W,BD,5007
2020-01-13,07:58,Monday,YONGE BD STATION,SUDP,4,6,W,BD,5067
2020-01-13,08:08,Monday,BROADVIEW STATION,PUMEL,0,0,,BD,0
2020-01-13,08:34,Monday,GREENWOOD STATION,MUI,5,7,W,BD,5024
2020-01-13,08:35,Monday,EGLINTON STATION,MUIR,0,0,S,YU,5761
2020-01-13,08:39,Monday,NORTH YORK CTR STATION,MUI,10,12,N,YU,5646
2020-01-13,08:41,Monday,EGLINTON STATION,MUPAA,0,0,N,YU,5906
2020-01-13,08:54,Monday,LAWRENCE STATION,PUMST,0,0,,YU,0
2020-01-13,09:34,Monday,WELLESLEY STATION,TUMVS,0,0,N,YU,5651
2020-01-13,12:04,Monday,ROSEDALE STATION,MUPAA,0,0,N,YU,5771
2020-01-13,12:11,Monday,QUEEN STATION,MUPAA,0,0,S,YU,5916
2020-01-13,12:42,Monday,BROADVIEW STATION,SUEAS,8,11,E,BD,5142
2020-01-13,12:48,Monday,KIPLING STATION,SUDP,5,8,E,BD,5240
2020-01-13,12:55,Monday,ST PATRICK STATION,MUSC,0,0,S,YU,5531
2020-01-13,13:32,Monday,LAWRENCE STATION,MUSC,3,6,S,YU,5596
2020-01-13,13:44,Monday,COXWELL STATION,TUNIP,0,0,E,BD,5133
2020-01-13,13:50,Monday,COXWELL STATION,MUD,3,6,W,BD,5091
2020-01-13,14:10,Monday,FINCH STATION,TUSC,0,0,N,YU,5911
2020-01-13,14:49,Monday,CHRISTIE STATION,MUIR,0,0,E,BD,5071
2020-01-13,15:10,Monday,FINCH WEST STATION,SUDP,0,0,,YU,9123
2020-01-13,15:38,Monday,ROSEDALE STATION,MUPAA,0,0,N,YU,5591
2020-01-13,15:42,Monday,DAVISVILLE STATION,PUMEL,0,0,,YU,0
2020-01-13,15:58,Monday,GLENCAIRN STATION,MUPAA,0,0,N,YU,5671
2020-01-13,16:00,Monday,PAPE STATION,SUO,0,0,,BD,0
2020-01-13,16:30,Monday,SHERBOURNE STATION,MUIR,3,5,E,BD,5101
2020-01-13,16:42,Monday,LAWRENCE WEST STATION,MUIRS,0,0,S,YU,5926
2020-01-13,16:55,Monday,LESLIE STATION,TUSC,0,0,W,SHP,6166
2020-01-13,16:57,Monday,MAIN STREET STATION,MUDD,3,5,W,BD,5248
2020-01-13,17:01,Monday,VAUGHAN MC STATION,MUI,3,5,S,YU,5661
2020-01-13,17:45,Monday,YORKDALE STATION,MUPAA,3,5,S,YU,5591
2020-01-13,17:52,Monday,UNION STATION,MUPAA,0,0,N,YU,5681
2020-01-13,18:08,Monday,COLLEGE STATION,SUDP,17,19,N,YU,5636
2020-01-13,18:31,Monday,BAY STATION,SUUT,6,8,E,BD,5258
2020-01-13,18:44,Monday,CHRISTIE STATION,TUMVS,0,0,E,BD,5135
2020-01-13,19:43,Monday,YORK UNIVERSITY STATIO,SUDP,4,7,N,YU,5886
2020-01-13,19:58,Monday,LAWRENCE STATION,MUSC,0,0,N,YU,5781
2020-01-13,20:04,Monday,DUNDAS WEST STATION,MUIS,0,0,,BD,0
2020-01-13,20:11,Monday,FINCH WEST STATION,MUIS,0,0,,YU,0
2020-01-13,20:31,Monday,ST CLAIR WEST STATION,MUATC,5,8,N,YU,5456
2020-01-13,20:34,Monday,DOWNSVIEW PARK STATION,MUIS,0,0,,YU,0
2020-01-13,20:40,Monday,OSGOODE STATION,MUSC,0,0,N,YU,6096
2020-01-13,20:44,Monday,EGLINTON STATION,EUSC,0,0,S,YU,5856
2020-01-13,20:56,Monday,ST GEORGE BD STATION,MUIS,0,0,W,BD,0
2020-01-13,21:18,Monday,BESSARION STATION,SUDP,3,8,W,SHP,6151
2020-01-13,21:33,Monday,FINCH STATION,MUI,5,10,S,YU,5741
2020-01-13,21:52,Monday,YORK MILLS STATION,SUDP,3,8,S,YU,6056
2020-01-13,22:00,Monday,YONGE-UNIVERSITY AND B,MUO,0,0,,YU/BD,0
2020-01-13,22:23,Monday,BESSARION STATION,MUSC,0,0,E,SHP,6186
2020-01-13,22:23,Monday,BLOOR STATION,MUIS,0,0,E,YU,0
2020-01-13,23:13,Monday,COXWELL STATION,MUIS,0,0,,BD,0
2020-01-14,00:22,Tuesday,KIPLING STATION,TUNIP,3,7,E,BD,5330
2020-01-14,00:51,Tuesday,LAWRENCE STATION,MUPAA,0,0,N,YU,5641
2020-01-14,01:05,Tuesday,ST CLAIR WEST STATION,MUIS,0,0,N,YU,5956
2020-01-14,01:35,Tuesday,LAWRENCE STATION,EUVE,10,15,N,YU,6051
2020-01-14,01:45,Tuesday,ROSEDALE STATION,MUIS,0,0,N,YU,5521
2020-01-14,05:38,Tuesday,JANE STATION,PUMST,0,0,,BD,0
2020-01-14,06:27,Tuesday,DONLANDS STATION,MUSC,0,0,W,BD,5222
2020-01-14,07:15,Tuesday,OSGOODE STATION,TUS,4,6,S,YU,5741
2020-01-14,07:33,Tuesday,MCCOWAN STATION,ERWA,11,17,N,SRT,3003
2020-01-14,07:55,Tuesday,ST ANDREW STATION,MUTD,0,0,S,YU,5416
2020-01-14,08:42,Tuesday,FINCH STATION,MUSC,0,0,S,YU,5661
2020-01-14,08:53,Tuesday,BLOOR STATION,MUPAA,0,0,S,YU,5686
2020-01-14,08:54,Tuesday,OLD MILL STATION,PUSNT,0,0,E,BD,5095
2020-01-14,09:00,Tuesday,WELLESLEY STATION,MUPAA,0,0,S,YU,6061
2020-01-14,09:25,Tuesday,QUEEN'S PARK STATION,MUI,7,10,S,YU,5871
2020-01-14,09:34,Tuesday,EGLINTON STATION,MUTO,7,9,S,YU,5736
2020-01-14,09:53,Tuesday,MAIN STREET STATION,EUSC,0,0,W,BD,5222
2020-01-14,09:53,Tuesday,YONGE SHEP STATION,MUIS,0,0,,SHP,0
2020-01-14,10:02,Tuesday,VAUGHAN MC STATION,EUDO,3,6,S,YU,5771
2020-01-14,10:24,Tuesday,EGLINTON STATION,EUSC,0,0,N,YU,5451
2020-01-14,10:48,Tuesday,KENNEDY BD STATION,EUDO,3,6,W,BD,5177
2020-01-14,11:05,Tuesday,NORTH YORK CTR STATION,EUSC,0,0,N,YU,5616
2020-01-14,11:24,Tuesday,FINCH STATION,MUSC,0,0,S,YU,5661
2020-01-14,11:42,Tuesday,QUEEN'S PARK STATION,MUIR,0,0,N,YU,5956
2020-01-14,12:03,Tuesday,BLOOR STATION,MUIRS,0,0,,YU,0
2020-01-14,13:16,Tuesday,WARDEN STATION,SUO,4,7,W,BD,5022
2020-01-14,13:46,Tuesday,WELLESLEY STATION,MUIRS,0,0,N,YU,5641
2020-01-14,14:07,Tuesday,COLLEGE STATION,MUIRS,0,0,,YU,0
2020-01-14,14:13,Tuesday,QUEEN'S PARK STATION,TUS,3,8,N,YU,5511
2020-01-14,14:23,Tuesday,MAIN STREET STATION,SUROB,4,7,W,BD,5261
2020-01-14,14:40,Tuesday,SHEPPARD WEST STATION,MUTO,3,6,N,YU,5621
2020-01-14,14:47,Tuesday,CASTLE FRANK STATION,MUPAA,0,0,W,BD,5166
2020-01-14,15:13,Tuesday,JANE STATION,SUG,3,6,E,BD,5357
2020-01-14,15:48,Tuesday,ST CLAIR WEST STATION,SUO,7,9,S,YU,5666
2020-01-14,16:07,Tuesday,DUNDAS STATION,SUDP,6,9,N,YU,5891
2020-01-14,17:10,Tuesday,MAIN STREET STATION,EUSC,0,0,E,BD,5222
2020-01-14,18:21,Tuesday,SHEPPARD STATION,TUSC,0,0,N,YU,5491
2020-01-14,18:41,Tuesday,OSGOODE STATION,TUSC,0,0,N,YU,5571
2020-01-14,18:47,Tuesday,BLOOR STATION,MUIS,0,0,N,YU,0
2020-01-14,19:09,Tuesday,EGLINTON STATION,SUDP,4,7,N,YU,5896
2020-01-14,19:43,Tuesday,MAIN STREET STATION,SUDP,0,0,E,BD,5100
2020-01-14,20:30,Tuesday,KIPLING STATION,MUPAA,0,0,E,BD,5070
2020-01-14,21:48,Tuesday,LESLIE STATION,MUSC,0,0,W,SHP,6146
2020-01-14,21:57,Tuesday,YORKDALE STATION,SUDP,0,0,,YU,0
2020-01-14,22:00,Tuesday,YONGE-UNIVERSITY AND B,MUO,0,0,,YU,0
2020-01-14,23:41,Tuesday,SHEPPARD WEST STATION,MUPAA,0,0,N,YU,6006
2020-01-15,00:24,Wednesday,ST PATRICK STATION,MUSC,0,0,S,YU,6106
2020-01-15,01:01,Wednesday,LAWRENCE STATION,SUO,0,0,N,YU,5631
2020-01-15,01:19,Wednesday,BROADVIEW STATION,MUPAA,0,0,W,BD,5232
2020-01-15,01:55,Wednesday,KENNEDY BD STATION,MUIS,0,0,,BD,0
2020-01-15,05:55,Wednesday,UNION STATION,SUDP,5,0,N,YU,5876
2020-01-15,06:40,Wednesday,DAVISVILLE BUILD UP,MUSC,0,0,N,YU,5736
2020-01-15,06:56,Wednesday,FINCH WEST STATION,SUDP,6,10,S,YU,5746
2020-01-15,07:38,Wednesday,FINCH STATION,MUSC,0,0,S,YU,5576
2020-01-15,07:50,Wednesday,EGLINTON STATION,SUO,0,0,,YU,0
2020-01-15,07:59,Wednesday,KENNEDY SRT STATION,ERCO,6,12,N,SRT,3023
2020-01-15,08:10,Wednesday,YORK MILLS STATION,MUI,14,16,N,YU,5806
2020-01-15,08:28,Wednesday,WARDEN STATION,PUSTS,4,7,W,BD,5352
2020-01-15,08:43,Wednesday,EGLINTON STATION,MUI,3,5,S,YU,5686
2020-01-15,08:55,Wednesday,CHESTER STATION,MUD,4,7,W,BD,5370
2020-01-15,08:57,Wednesday,KENNEDY BD STATION,TUMVS,0,0,W,BD,5007
2020-01-15,09:03,Wednesday,VAUGHAN MC STATION,TUNIP,3,7,S,YU,5496
2020-01-15,09:05,Wednesday,ST CLAIR WEST STATION,MUTO,0,0,N,YU,5786
2020-01-15,09:06,Wednesday,KENNEDY BD STATION,MUPAA,0,0,W,BD,5031
2020-01-15,09:23,Wednesday,BROADVIEW STATION,EUBK,9,12,E,BD,5075
2020-01-15,09:23,Wednesday,YONGE BD STATION,MUIR,0,0,W,BD,5348
2020-01-15,10:47,Wednesday,KING STATION,MUI,9,12,S,YU,5386
2020-01-15,11:33,Wednesday,DONLANDS STATION,PUTDN,3,6,E,BD,5062
2020-01-15,11:52,Wednesday,YORK MILLS STATION,PUTWZ,8,11,N,YU,5766
2020-01-15,13:17,Wednesday,FINCH STATION,MUPLB,28,31,N,YU,6081
2020-01-15,13:25,Wednesday,BATHURST STATION,SUDP,3,6,W,BD,5040
2020-01-15,13:33,Wednesday,KING STATION,SUAP,6,9,S,YU,5576
2020-01-15,16:02,Wednesday,DAVISVILLE BUILD-UP,EUBK,3,6,S,YU,6111
2020-01-15,16:26,Wednesday,DUPONT STATION,SUROB,0,0,N,YU,5576
2020-01-15,17:00,Wednesday,DUPONT STATION,SUDP,0,0,,YU,0
2020-01-15,17:50,Wednesday,WELLESLEY STATION,MUNCA,0,0,,YU,0
2020-01-15,18:19,Wednesday,JANE STATION,MUI,9,11,W,BD,5077
2020-01-15,18:56,Wednesday,KIPLING STATION,MUIR,3,6,E,BD,5367
2020-01-15,19:36,Wednesday,DUFFERIN STATION,SUAE,0,0,W,BD,5220
2020-01-15,19:57,Wednesday,DUNDAS WEST STATION,SUUT,11,14,E,BD,5141
2020-01-15,20:10,Wednesday,BROADVIEW STATION,MUIS,0,0,,BD,0
2020-01-15,20:31,Wednesday,GREENWOOD STATION,PUSSW,39,43,W,BD,5335
2020-01-15,22:00,Wednesday,YONGE-UNIVERSITY AND B,MUO,0,0,,YU / BD,0
2020-01-15,22:47,Wednesday,SHERBOURNE STATION,MUIS,0,0,,BD,0
2020-01-16,00:39,Thursday,OSSINGTON STATION,EUPI,11,15,W,BD,5089
2020-01-16,01:18,Thursday,BLOOR STATION,TUO,5,10,N,YU,5971
2020-01-16,02:30,Thursday,KENNEDY BD STATION,MUIS,0,0,,BD,0
2020-01-16,05:46,Thursday,KIPLING STATION,PUTO,5,11,E,BD,5052
2020-01-16,05:50,Thursday,VAUGHAN MC STATION,MUATC,3,0,S,YU,5751
2020-01-16,06:07,Thursday,WILSON HOSTLER,MUATC,7,11,N,YU,5976
2020-01-16,06:13,Thursday,MAIN STREET STATION,EUAC,4,8,E,BD,5033
2020-01-16,06:36,Thursday,SHEPPARD WEST STATION,MUATC,4,8,N,YU,5656
2020-01-16,07:11,Thursday,GREENWOOD COMPLEX,PUMO,0,0,E,BD,5165
2020-01-16,07:14,Thursday,SUMMERHILL STATION,SUCOL,0,0,N,YU,5986
2020-01-16,08:07,Thursday,MUSEUM STATION,MUPAA,0,0,N,YU,6136
2020-01-16,08:31,Thursday,KENNEDY BD STATION,MUIS,0,0,,BD,0
2020-01-16,08:34,Thursday,DUPONT STATION,MUIR,5,7,S,YU,5616
2020-01-16,08:37,Thursday,LAWRENCE STATION,MUPAA,0,0,S,YU,5596
2020-01-16,08:52,Thursday,DUNDAS STATION,MUIR,7,9,S,YU,6126
2020-01-16,09:08,Thursday,DAVISVILLE STATION,MUPAA,3,5,N,YU,5616
2020-01-16,09:17,Thursday,BROADVIEW STATION,MUTO,3,5,E,BD,5091
2020-01-16,10:27,Thursday,ISLINGTON STATION,TUSC,0,0,W,BD,5264
2020-01-16,10:52,Thursday,OSSINGTON STATION,TUSC,0,0,W,BD,5335
2020-01-16,11:37,Thursday,BLOOR STATION,MUIRS,0,0,N,YU,0
2020-01-16,12:05,Thursday,WILSON STATION,PUMO,0,0,,YU,0
2020-01-16,14:49,Thursday,FINCH STATION,SUAE,13,16,S,YU,6011
2020-01-16,15:05,Thursday,DONLANDS STATION,PUMST,0,0,,BD,0
2020-01-16,15:14,Thursday,UNION TO KING STATION,MUI,10,13,N,YU,6121
2020-01-16,15:27,Thursday,VAUGHAN MC STATION,TUNIP,5,7,S,YU,5381
2020-01-16,15:31,Thursday,PAPE STATION,MUDD,9,11,W,BD,5103
2020-01-16,16:14,Thursday,EGLINTON STATION,MUTO,3,5,N,YU,5506
2020-01-16,17:31,Thursday,DUNDAS STATION,SUDP,8,10,N,YU,5681
2020-01-16,18:01,Thursday,ST CLAIR WEST STATION,MUPAA,0,0,N,YU,5776
2020-01-16,18:05,Thursday,BLOOR STATION,MUIS,0,0,,YU,0
2020-01-16,18:11,Thursday,ISLINGTON STATION,EUNT,5,7,W,BD,5040
2020-01-16,18:15,Thursday,DONLANDS STATION,MUNCA,0,0,,BD,0
2020-01-16,18:24,Thursday,MAIN STREET STATION,SUSA,0,0,E,BD,0
2020-01-16,19:07,Thursday,EGLINTON WEST STATION,MUPR1,106,108,N,YU,5646
2020-01-16,19:16,Thursday,MUSEUM STATION,EUDO,5,8,S,YU,6031
2020-01-16,19:32,Thursday,FINCH STATION,TUMVS,0,0,N,YU,5591
2020-01-16,20:13,Thursday,DONLANDS STATION,EUBO,3,6,E,BD,5046
2020-01-16,21:18,Thursday,KIPLING STATION,SUROB,0,0,,BD,0
2020-01-16,21:20,Thursday,FINCH STATION,TUSUP,0,0,N,YU,5481
2020-01-16,22:00,Thursday,YONGE-UNIVERSITY AND B,MUO,0,0,,YU/BD,0
2020-01-16,22:23,Thursday,ISLINGTON STATION,MUIS,0,0,,BD,0
2020-01-16,23:35,Thursday,QUEEN STATION,TUOS,5,10,N,YU,5971
2020-01-16,23:45,Thursday,CHESTER STATION,MUI,10,14,W,BD,5283
2020-01-17,00:02,Friday,DOWNSVIEW PARK STATION,EUOE,5,10,N,YU,5431
2020-01-17,00:48,Friday,WARDEN STATION,SUDP,0,0,,BD,0
2020-01-17,00:57,Friday,MIDLAND STATION,PRSL,45,53,N,SRT,3025
2020-01-17,01:31,Friday,KING STATION,MUIRS,0,0,,YU,0
2020-01-17,01:42,Friday,SHERBOURNE STATION,MUIS,0,0,,BD,0
2020-01-17,03:35,Friday,HIGH PARK STATION,SUCOL,0,0,,BD,0
2020-01-17,04:59,Friday,DOWNSVIEW PARK STATION,PUMO,0,0,,YU,0
2020-01-17,05:22,Friday,GREENWOOD STATION,PUTOE,4,6,E,BD,5329
2020-01-17,06:19,Friday,KENNEDY BD STATION,EUBK,4,8,W,BD,5070
2020-01-17,07:01,Friday,WILSON STATION,TUCC,5,7,S,YU,5566
2020-01-17,07:04,Friday,ROSEDALE STATION,SUAP,11,13,N,YU,5871
2020-01-17,07:42,Friday,EGLINTON STATION,MUIS,0,0,S,YU,0
2020-01-17,08:03,Friday,EGLINTON STATION,EUSC,0,0,S,YU,6011
2020-01-17,08:53,Friday,WILSON STATION,MUPAA,0,0,S,YU,5721
2020-01-17,10:05,Friday,GREENWOOD STATION,MUO,3,6,W,BD,5090
2020-01-17,10:20,Friday,KEELE STATION,PUSWZ,0,0,E,BD,5333
2020-01-17,10:27,Friday,CASTLE FRANK STATION,SUO,0,0,,BD,0
2020-01-17,11:23,Friday,YONGE BD STATION,MUIS,0,0,W,BD,0
2020-01-17,11:30,Friday,DUPONT STATION,MUIRS,0,0,S,YU,0
2020-01-17,11:49,Friday,ST GEORGE BD STATION,SUDP,4,7,E,BD,5031
2020-01-17,12:19,Friday,ST CLAIR STATION,MUIR,0,0,S,YU,5466
2020-01-17,12:24,Friday,BAY STATION,PUMEL,0,0,,BD,0
2020-01-17,13:11,Friday,WARDEN STATION,MUIS,0,0,,BD,0
2020-01-17,13:16,Friday,ST CLAIR WEST STATION,SUDP,0,0,S,YU,6001
2020-01-17,13:43,Friday,DAVISVILLE STATION,EUSC,0,0,S,YU,6011
2020-01-17,14:34,Friday,CHESTER STATION,MUNCA,0,0,,BD,0
2020-01-17,14:43,Friday,SPADINA BD STATION,SUDP,7,10,W,BD,5309
2020-01-17,15:02,Friday,FINCH WEST STATION,SUDP,0,0,N,YU,5926
2020-01-17,15:14,Friday,OLD MILL STATION,EUSC,3,6,E,BD,5031
2020-01-17,15:24,Friday,ST CLAIR STATION,SUUT,5,8,N,YU,5876
2020-01-17,15:53,Friday,KING STATION,MUTO,0,0,N,YU,5906
2020-01-17,16:20,Friday,YONGE SHEP STATION,MUPAA,0,0,W,SHP,6141
2020-01-17,16:50,Friday,KIPLING STATION,MUIS,0,0,,BD,0
2020-01-17,17:25,Friday,ST CLAIR WEST STATION,MUNCA,0,0,,YU,0
2020-01-17,17:34,Friday,COXWELL STATION,MUD,4,7,E,BD,5213
2020-01-17,17:57,Friday,ST GEORGE YUS STATION,SUDP,12,14,N,YU,5966
2020-01-17,18:00,Friday,ST GEORGE BD STATION,SUO,0,0,E,BD,5171
2020-01-17,18:27,Friday,DAVISVILLE STATION,SUAE,0,0,,YU,0
2020-01-17,18:41,Friday,DAVISVILLE STATION,EUSC,0,0,S,YU,5676
2020-01-17,18:49,Friday,SHEPPARD STATION,EUSC,0,0,S,YU,6001
2020-01-17,18:52,Friday,SHEPPARD STATION,EUSC,0,0,S,YU,6001
2020-01-17,19:03,Friday,VAUGHAN MC STATION,TUNIP,4,6,S,YU,5791
2020-01-17,19:56,Friday,VAUGHAN MC STATION,MUPAA,0,0,S,YU,5856
2020-01-17,20:27,Friday,BESSARION STATION,MUNCA,0,0,,SHP,0
2020-01-17,20:44,Friday,WILSON STATION,MUI,0,0,N,YU,0
2020-01-17,20:57,Friday,QUEEN'S PARK STATION,PUTDN,3,7,N,YU,5816
2020-01-17,21:06,Friday,JANE STATION,TUSC,0,0,W,BD,5155
2020-01-17,21:21,Friday,GREENWOOD STATION,MUIR,3,7,E,BD,5265
2020-01-17,21:29,Friday,SPADINA BD STATION,MUIR,14,18,W,BD,5067
2020-01-17,21:56,Friday,WOODBINE STATION,MUSC,0,0,E,BD,5155
2020-01-17,22:00,Friday,YONGE-UNIVERSITY AND B,MUO,0,0,,YU/BD,0
2020-01-17,22:10,Friday,SPADINA YUS STATION,SUDP,0,0,S,YU,5791
2020-01-17,22:19,Friday,VAUGHAN MC STATION,MUIS,0,0,,YU,0
2020-01-17,23:15,Friday,ST CLAIR STATION,MUIS,0,0,,YU,0
2020-01-18,00:25,Saturday,DON MILLS STATION,TUSC,0,0,W,SHP,6176
2020-01-18,01:46,Saturday,ST GEORGE BD STATION,EUBK,0,0,E,BD,5171
2020-01-18,05:48,Saturday,SCARBOROUGH RAPID TRAN,PRSL,162,168,N,SRT,3014
2020-01-18,06:00,Saturday,YONGE UNIVERSITY SUBWA,MUO,0,0,,YU/BD,0
2020-01-18,06:17,Saturday,DAVISVILLE STATION,TUCC,3,8,N,YU,5951
2020-01-18,09:17,Saturday,LANSDOWNE STATION,SUO,5,10,W,BD,5182
2020-01-18,10:27,Saturday,DUNDAS WEST STATION,MUSC,0,0,E,BD,5314
2020-01-18,10:54,Saturday,VICTORIA PARK STATION,TUSC,0,0,E,BD,5139
2020-01-18,11:53,Saturday,GREENWOOD STATION,TUNIP,3,7,E,BD,5337
2020-01-18,12:57,Saturday,MCCOWAN STATION,PRSL,7,14,N,SRT,3025
2020-01-18,13:12,Saturday,KIPLING STATION,MUPAA,0,0,E,BD,5290
2020-01-18,13:38,Saturday,MCCOWAN STATION,TRNIP,5,11,N,SRT,3014
2020-01-18,14:03,Saturday,UNION STATION,MUIE,0,0,,YU,0
2020-01-18,14:08,Saturday,MCCOWAN STATION,TRNIP,5,11,S,SRT,3008
2020-01-18,14:51,Saturday,MCCOWAN STATION,TRNIP,3,9,S,SRT,3008
2020-01-18,15:21,Saturday,MCCOWAN STATION,TRNIP,3,9,S,SRT,3008
2020-01-18,15:28,Saturday,MCCOWAN STATION,TRNIP,3,9,S,SRT,3012
2020-01-18,15:35,Saturday,BATHURST STATION,SUCOL,0,0,E,BD,5333
2020-01-18,15:40,Saturday,ELLESMERE STATION,SRO,8,14,S,SRT,3022
2020-01-18,16:01,Saturday,HIGH PARK STATION,MUSC,0,0,W,BD,5164
2020-01-18,16:07,Saturday,WOODBINE STATION,EUCA,4,8,E,BD,5229
2020-01-18,16:25,Saturday,JANE STATION,MUIS,0,0,,BD,0
2020-01-18,16:48,Saturday,SCARBOROUGH CTR STATIO,TRNCA,0,0,,SRT,0
2020-01-18,17:19,Saturday,VICTORIA PARK STATION,TUOS,4,8,W,BD,5063
2020-01-18,17:27,Saturday,WOODBINE STATION,MUTO,4,8,W,BD,5063
2020-01-18,17:53,Saturday,RUNNYMEDE STATION,PUMEL,0,0,,BD,0
2020-01-18,18:00,Saturday,WILSON STATION,PUMST,0,0,,YU,0
2020-01-18,18:29,Saturday,WOODBINE STATION,SUO,0,0,,BD,0
2020-01-18,18:45,Saturday,KIPLING STATION,MUSAN,4,8,E,BD,5309
2020-01-18,19:55,Saturday,COXWELL STATION,EUDO,7,12,E,BD,5352
2020-01-18,20:29,Saturday,MUSEUM STATION,PUSO,3,8,N,YU,5956
2020-01-18,20:46,Saturday,VAUGHAN MC STATION,SUROB,0,0,,YU,0
2020-01-18,22:00,Saturday,YONGE-UNIVERSITY AND B,MUO,0,0,,YU/BD,0
2020-01-18,22:14,Saturday,WARDEN STATION,SUROB,0,0,,BD,0
2020-01-18,22:33,Saturday,DUPONT STATION,SUDP,8,13,N,YU,5826
2020-01-19,00:09,Sunday,SHEPPARD WEST STATION,TUATC,3,8,S,YU,5431
2020-01-19,00:20,Sunday,WILSON STATION,EUDO,3,8,S,YU,6086
2020-01-19,00:37,Sunday,WILSON STATION,SUDP,7,12,S,YU,5416
2020-01-19,01:21,Sunday,WELLESLEY STATION,MUIRS,0,0,N,YU,0
2020-01-19,02:20,Sunday,WILSON STATION,SUO,0,0,,YU,0
2020-01-19,02:30,Sunday,BLOOR DANFORTH SUBWAY,TUST,0,0,E,BD,5234
2020-01-19,06:46,Sunday,KEELE STATION,SUG,0,0,,BD,5212
2020-01-19,07:50,Sunday,HIGH PARK STATION,SUDP,0,0,,BD,0
2020-01-19,07:56,Sunday,FINCH STATION,TUSC,0,0,S,YU,5716
2020-01-19,08:00,Sunday,DAVISVILLE BUILD UP,MUSC,0,0,S,YU,5826
2020-01-19,08:00,Sunday,YONGE UNIVERSTY SUBWAY,MUO,0,0,,YU,0
2020-01-19,08:02,Sunday,KEELE STATION,MUO,8,0,W,BD,5052
2020-01-19,08:10,Sunday,FINCH STATION,EUSC,0,0,S,YU,5676
2020-01-19,08:21,Sunday,CHRISTIE STATION,MUNCA,0,0,,BD,0
2020-01-19,09:32,Sunday,SHEPPARD STATION,PUMEL,0,0,,YU,0
2020-01-19,11:25,Sunday,KIPLING STATION,SUDP,6,10,E,BD,5333
2020-01-19,12:22,Sunday,ISLINGTON STATION,TUSC,0,0,W,BD,5293
2020-01-19,13:31,Sunday,DUNDAS STATION,MUIS,0,0,S,YU,0
2020-01-19,13:57,Sunday,EGLINTON WEST STATION,PUMEL,0,0,,YU,0
2020-01-19,13:59,Sunday,DUNDAS STATION,SUDP,0,0,N,YU,0
2020-01-19,14:59,Sunday,YORKDALE STATION,PUMO,0,0,N,YU,0
2020-01-19,15:19,Sunday,SHEPPARD STATION,SUDP,4,9,S,YU,5536
2020-01-19,15:33,Sunday,BLOOR STATION,SUDP,3,8,N,YU,6046
2020-01-19,16:10,Sunday,DUPONT STATION,MUPAA,0,0,N,YU,6041
2020-01-19,16:55,Sunday,YONGE SHEP STATION,SUO,4,9,E,SHP,6151
2020-01-19,17:47,Sunday,FINCH STATION,SUDP,4,9,S,YU,5531
2020-01-19,18:56,Sunday,FINCH STATION,MUNCA,0,0,,YU,0
2020-01-19,19:14,Sunday,OLD MILL STATION,MUTO,4,8,E,BD,5009
2020-01-19,21:06,Sunday,YONGE SHEP STATION,MUPAA,0,0,E,SHP,6161
2020-01-19,22:00,Sunday,YONGE-UNIVERSITY AND B,MUO,0,0,,YU/BD,0
2020-01-19,23:22,Sunday,DUNDAS WEST STATION,TUMVS,0,0,W,BD,5346
2020-01-19,23:41,Sunday,SRT LINE,MRWEA,0,0,,SRT,0
2020-01-20,00:43,Monday,SHEPPARD WEST STATION,MUATC,10,15,N,YU,5751
2020-01-20,05:44,Monday,ST GEORGE BD STATION,EUSC,0,0,W,BD,5182
2020-01-20,06:23,Monday,WARDEN STATION,MUO,4,8,W,BD,5015
2020-01-20,06:29,Monday,DONLANDS STATION,MUWEA,3,5,W,BD,5312
2020-01-20,06:34,Monday,FINCH STATION,PUMST,0,0,,YU,0
2020-01-20,06:34,Monday,SHEPPARD WEST STATION,SUDP,8,12,N,YU,5676
2020-01-20,07:04,Monday,YORK MILLS STATION,MUTO,0,0,N,YU,5381
2020-01-20,07:26,Monday,YORK MILLS STATION,EUSC,0,0,S,YU,6016
2020-01-20,07:32,Monday,EGLINTON STATION,EUSC,0,0,E,YU,6016
2020-01-20,07:39,Monday,EGLINTON WEST STATION,EUDO,8,12,S,YU,5461
2020-01-20,07:46,Monday,WOODBINE STATION,MUWEA,0,0,W,BD,5085
2020-01-20,08:09,Monday,BLOOR STATION,MUIR,0,0,S,YU,5651
2020-01-20,08:44,Monday,BATHURST STATION,MUIS,0,0,,BD,0
2020-01-20,08:52,Monday,MCCOWAN STATION,ERCO,5,10,S,SRT,3004
2020-01-20,09:02,Monday,OLD MILL STATION,TUMVS,0,0,W,BD,5361
2020-01-20,09:05,Monday,COLLEGE STATION,MUIR,4,6,S,YU,5676
2020-01-20,09:25,Monday,MCCOWAN STATION,ERCD,5,10,S,SRT,3004
2020-01-20,09:58,Monday,DAVISVILLE STATION,EUSC,0,0,S,YU,6016
2020-01-20,10:04,Monday,LAWRENCE STATION,TUMVS,5,7,N,YU,5476
2020-01-20,10:08,Monday,DUNDAS WEST STATION,TUSC,0,0,W,BD,5194
2020-01-20,10:09,Monday,SPADINA YUS STATION,MUATC,5,7,N,YU,5831
2020-01-20,10:20,Monday,ISLINGTON STATION,MUPAA,0,0,W,BD,5355
2020-01-20,10:50,Monday,MCCOWAN STATION,ERCD,5,10,N,SRT,3021
2020-01-20,12:14,Monday,DAVISVILLE STATION,TUOS,3,6,N,YU,5611
2020-01-20,12:15,Monday,ST PATRICK STATION,MUATC,0,0,N,YU,5981
2020-01-20,12:27,Monday,DUNDAS WEST STATION,TUMVS,0,0,W,BD,5350
2020-01-20,12:57,Monday,GREENWOOD STATION,MUIRS,0,0,,BD,0
2020-01-20,14:37,Monday,CHRISTIE STATION,TUSC,0,0,W,BD,5365
2020-01-20,15:42,Monday,KENNEDY BD STATION,PUMST,0,0,,BD,0
2020-01-20,16:09,Monday,LAWRENCE EAST STATION,SRO,5,10,N,SRT,3007
2020-01-20,16:36,Monday,NORTH YORK CTR STATION,MUO,3,6,S,YU,5636
2020-01-20,17:16,Monday,DAVISVILLE STATION,TUOS,0,0,S,YU,5861
2020-01-20,17:20,Monday,NORTH YORK CTR STATION,MUI,18,20,N,YU,6056
2020-01-20,17:23,Monday,YORK MILLS STATION,MUSC,0,0,S,YU,5646
2020-01-20,18:34,Monday,EGLINTON WEST STATION,SUSA,0,0,,YU,0
2020-01-20,18:49,Monday,WOODBINE STATION,MUIR,3,5,E,BD,5097
2020-01-20,19:04,Monday,KENNEDY BD STATION,MUIR,3,6,W,BD,5333
2020-01-20,20:45,Monday,BLOOR STATION,MUTO,5,8,N,YU,5806
2020-01-20,22:00,Monday,YONGE-UNIVERSITY AND B,MUO,0,0,,YU/BD,0
2020-01-20,22:08,Monday,SPADINA STATION,MUIS,0,0,,BD,0
2020-01-20,22:37,Monday,FINCH STATION,TUO,5,10,S,YU,5866
2020-01-20,23:00,Monday,ST ANDREW TO SPADINA,MUO,0,0,,YU,5566
2020-01-20,23:20,Monday,SCARBOROUGH CTR STATIO,MRUI,0,0,,SRT,0
2020-01-20,23:53,Monday,MCCOWAN STATION,ERNEA,7,14,N,SRT,0
2020-01-21,00:21,Tuesday,WARDEN STATION,SUUT,0,0,,BD,0
2020-01-21,01:32,Tuesday,BLOOR STATION,SUDP,7,12,S,YU,6011
2020-01-21,01:42,Tuesday,FINCH STATION,SUDP,0,0,S,YU,5526
2020-01-21,06:25,Tuesday,PAPE STATION,SUG,6,12,E,BD,5140
2020-01-21,06:44,Tuesday,BROADVIEW STATION,MUPAA,0,0,E,BD,5149
2020-01-21,06:45,Tuesday,DAVISVILLE STATION,TUCC,0,0,S,YU,5626
2020-01-21,06:54,Tuesday,GLENCAIRN STATION,MUNCA,0,0,,YU,0
2020-01-21,08:58,Tuesday,BATHURST STATION,MUPLB,24,26,E,BD,5044
2020-01-21,09:27,Tuesday,LANSDOWNE STATION,MUSAN,3,5,E,BD,5135
2020-01-21,09:58,Tuesday,ST CLAIR STATION,SUDP,0,0,N,YU,6056
2020-01-21,10:01,Tuesday,WELLESLEY STATION,MUIS,0,0,,YU,0
2020-01-21,10:54,Tuesday,EGLINTON STATION,MUIS,0,0,,YU,0
2020-01-21,11:37,Tuesday,SHEPPARD SUBWAY LINE,PUSWZ,5,10,E,SHP,6161
2020-01-21,11:41,Tuesday,ISLINGTON STATION,EUDO,6,9,E,BD,5176
2020-01-21,11:51,Tuesday,GLENCAIRN STATION,PUMEL,0,0,,YU,0
2020-01-21,12:22,Tuesday,GREENWOOD STATION,EUOE,10,13,W,BD,5210
2020-01-21,12:33,Tuesday,MUSEUM STATION,MUI,12,15,N,YU,5791
2020-01-21,12:35,Tuesday,BROADVIEW STATION,MUSC,0,0,E,BD,5149
2020-01-21,12:56,Tuesday,LAWRENCE EAST STATION,MRUI,0,0,,SRT,0
2020-01-21,13:05,Tuesday,EGLINTON WEST STATION,EUDO,4,7,N,YU,5626
2020-01-21,13:24,Tuesday,KIPLING STATION,SUCOL,4,7,W,BD,5125
2020-01-21,13:48,Tuesday,FINCH WEST STATION,PUMEL,0,0,,YU,0
2020-01-21,14:25,Tuesday,SHEPPARD STATION,MUTO,0,0,N,YU,5641
2020-01-21,14:27,Tuesday,CHRISTIE STATION,SUDP,4,7,E,BD,5352
2020-01-21,14:56,Tuesday,SHEPPARD STATION,PUMST,0,0,,SHP,0
2020-01-21,15:17,Tuesday,YONGE SHEP STATION,PUSWZ,5,10,W,SHP,6166
2020-01-21,16:30,Tuesday,BLOOR STATION,SUDP,0,0,S,YU,0
2020-01-21,17:35,Tuesday,YONGE BD STATION,SUDP,4,6,W,BD,5112
2020-01-21,17:36,Tuesday,YONGE BD STATION,SUDP,0,0,E,BD,5283
2020-01-21,17:44,Tuesday,ISLINGTON STATION,SUO,3,6,W,BD,5027
2020-01-21,18:23,Tuesday,LAWRENCE WEST STATION,PUSSW,0,0,N,YU,5716
2020-01-21,18:39,Tuesday,EGLINTON STATION,MUTO,0,0,N,YU,5631
2020-01-21,18:40,Tuesday,DUNDAS WEST STATION,MUIS,0,0,,BD,0
2020-01-21,18:42,Tuesday,WILSON STATION,MUTO,0,0,N,YU,5946
2020-01-21,19:08,Tuesday,ISLINGTON STATION,TUOS,0,0,E,BD,5042
2020-01-21,19:33,Tuesday,FINCH WEST STATION,MUIR,0,0,N,YU,5611
2020-01-21,20:19,Tuesday,KENNEDY BD STATION,PUMST,0,0,,BD,0
2020-01-21,21:33,Tuesday,COXWELL STATION,MUIR,8,12,E,BD,5254
2020-01-21,21:40,Tuesday,BAYVIEW STATION,MUIS,0,0,E,SHP,0
2020-01-21,22:00,Tuesday,YONGE UNIVERSITY AND B,MUO,0,0,,YU/BD,0
2020-01-21,22:29,Tuesday,KENNEDY BD STATION,MUPAA,0,0,W,BD,5031
2020-01-21,23:00,Tuesday,ST ANDREW TO SPADINA,MUO,0,0,,YU,5526
2020-01-21,23:00,Tuesday,YONGE-UNIVERSITY SUBWA,MUO,0,0,,YU,0
2020-01-21,23:37,Tuesday,YONGE BD STATION,MUO,7,12,W,BD,5319
2020-01-22,00:02,Wednesday,EGLINTON STATION,PUSI,0,0,N,YU,5861
2020-01-22,02:01,Wednesday,GREENWOOD STATION,TUOS,8,12,E,BD,5170
2020-01-22,05:38,Wednesday,YORK MILLS STATION,MUI,9,0,S,YU,5761
2020-01-22,05:39,Wednesday,DON MILLS STATION,TUSC,0,0,E,SHP,6156
2020-01-22,05:41,Wednesday,YONGE SHEP STATION,PUTOE,0,0,W,SHP,0
2020-01-22,05:57,Wednesday,KEELE STATION,EUTR,258,261,W,BD,5070
2020-01-22,06:06,Wednesday,BLOOR STATION,MUI,3,7,S,YU,5761
2020-01-22,06:35,Wednesday,PIONEER VILLAGE STATIO,MUATC,3,7,S,YU,5496
2020-01-22,06:38,Wednesday,FINCH STATION,EUAC,3,7,S,YU,5731
2020-01-22,07:13,Wednesday,OSSINGTON STATION,TUSC,0,0,E,BD,5075
2020-01-22,07:17,Wednesday,ST CLAIR STATION,SUDP,15,17,S,YU,5671
2020-01-22,07:33,Wednesday,CHRISTIE STATION,TUCC,0,0,W,BD,5115
2020-01-22,08:08,Wednesday,QUEEN'S PARK STATION,PUMEL,0,0,,YU,0
2020-01-22,08:23,Wednesday,BATHURST STATION,PUMO,0,0,,BD,0
2020-01-22,08:46,Wednesday,FINCH WEST STATION,SUDP,10,12,N,YU,5836
2020-01-22,08:54,Wednesday,YONGE BD STATION,MUIR,3,5,W,BD,5157
2020-01-22,08:57,Wednesday,YONGE BD STATION,MUIR,0,0,W,BD,5002
2020-01-22,08:59,Wednesday,KIPLING STATION,MUIS,0,0,,BD,0
2020-01-22,09:25,Wednesday,LAWRENCE WEST STATION,SUDP,8,12,S,YU,5831
2020-01-22,10:40,Wednesday,OSSINGTON STATION,MUIRS,0,0,,BD,0
2020-01-22,10:58,Wednesday,DUPONT STATION,MUI,9,12,S,YU,5906
2020-01-22,11:32,Wednesday,DONLANDS STATION,MUPAA,3,6,W,BD,5350
2020-01-22,11:46,Wednesday,QUEEN STATION,MUPAA,0,0,S,YU,5991
2020-01-22,12:20,Wednesday,ST CLAIR STATION,MUIS,0,0,N,YU,0
2020-01-22,13:14,Wednesday,DUNDAS STATION,SUDP,11,15,S,YU,5721
2020-01-22,13:25,Wednesday,ST PATRICK STATION,SUAP,9,12,S,YU,5871
2020-01-22,13:48,Wednesday,UNION STATION,SUUT,9,13,N,YU,5466
2020-01-22,14:12,Wednesday,WARDEN STATION,MUPAA,3,6,E,BD,5199
2020-01-22,15:03,Wednesday,VAUGHAN MC STATION,TUNIP,3,7,S,YU,5726
2020-01-22,16:22,Wednesday,WOODBINE STATION,MUIR,3,5,E,BD,5242
2020-01-22,16:46,Wednesday,WELLESLEY STATION,MUPAA,0,0,N,YU,5466
2020-01-22,16:49,Wednesday,SUMMERHILL STATION,SUDP,3,5,N,YU,5571
2020-01-22,16:50,Wednesday,QUEEN'S PARK STATION,MUPAA,0,0,N,YU,5836
2020-01-22,17:19,Wednesday,ST PATRICK STATION,SUDP,0,0,,YU,0
2020-01-22,17:38,Wednesday,COXWELL STATION,TUNIP,5,7,W,BD,5018
2020-01-22,17:48,Wednesday,CASTLE FRANK STATION,SUDP,3,5,W,BD,5123
2020-01-22,17:54,Wednesday,SHEPPARD STATION,MUPAA,0,0,N,YU,5946
2020-01-22,17:56,Wednesday,YONGE BD STATION,SUDP,3,5,W,BD,5123
2020-01-22,18:44,Wednesday,WELLESLEY STATION,MUIS,0,0,,YU,0
2020-01-22,18:52,Wednesday,DUFFERIN STATION,SUAE,0,0,E,BD,5023
2020-01-22,19:03,Wednesday,ROYAL YORK STATION,SUDP,3,6,E,BD,5170
2020-01-22,20:53,Wednesday,LAWRENCE STATION,SUDP,4,7,S,YU,5941
2020-01-22,21:04,Wednesday,CHESTER STATION,PUTO,3,7,W,BD,5350
2020-01-22,21:18,Wednesday,LAWRENCE STATION,MUSC,0,0,N,YU,5981
2020-01-22,21:23,Wednesday,ISLINGTON STATION,PUMST,0,0,,BD,0
2020-01-22,21:47,Wednesday,MAIN STREET STATION,MUIS,0,0,,BD,0
2020-01-22,22:00,Wednesday,YONGE-UNIVERSITY & BLO,MUO,0,0,,YU/BD,0
2020-01-22,22:24,Wednesday,BLOOR STATION,EUSC,0,0,S,YU,5596
2020-01-22,22:37,Wednesday,SHEPPARD STATION,MUIS,0,0,,YU,0
2020-01-22,23:00,Wednesday,YONGE-UNIVERSITY SUBWA,MUO,0,0,,YU,0
2020-01-22,23:44,Wednesday,ST CLAIR STATION,MUPAA,0,0,N,YU,5741
2020-01-23,00:08,Thursday,VAUGHAN MC STATION,SUO,5,10,,YU,5816
2020-01-23,00:30,Thursday,SUMMERHILL STATION,TUOS,0,0,N,YU,6016
2020-01-23,03:03,Thursday,EGLINTON STATION,MUO,0,0,,YU,0
2020-01-23,04:57,Thursday,ST GEORGE YUS STATION,PUSAC,0,0,,YU,0
2020-01-23,05:39,Thursday,PAPE STATION,MUNCA,0,0,,BD,0
2020-01-23,05:52,Thursday,ST ANDREW STATION,MUNCA,0,0,,YU,0
2020-01-23,05:55,Thursday,SHERBOURNE STATION,MUIRS,0,0,,BD,0
2020-01-23,07:21,Thursday,ST GEORGE BD STATION,MUIRS,0,0,,BD,0
2020-01-23,07:26,Thursday,DAVISVILLE STATION,MUDD,4,6,S,YU,5791
2020-01-23,08:49,Thursday,SUMMERHILL STATION,MUI,3,5,S,YU,5716
2020-01-23,08:52,Thursday,QUEEN'S PARK STATION,MUPAA,0,0,S,YU,6091
2020-01-23,09:10,Thursday,BATHURST STATION,MUIR,4,6,E,BD,5224
2020-01-23,10:23,Thursday,BAYVIEW STATION,PUSO,3,8,E,SHP,6181
2020-01-23,10:25,Thursday,QUEEN STATION,MUIS,0,0,N,YU,0
2020-01-23,10:40,Thursday,LESLIE STATION,TUSC,0,0,W,SHP,6151
2020-01-23,11:21,Thursday,JANE STATION,EUPI,5,8,E,BD,5005
2020-01-23,11:47,Thursday,WILSON STATION,MUPAA,0,0,S,YU,5831
2020-01-23,11:51,Thursday,MUSEUM TO FINCH STATIO,TUS,4,7,N,YU,5846
2020-01-23,13:24,Thursday,ST GEORGE YUS STATION,SUAP,0,0,N,YU,5836
2020-01-23,13:26,Thursday,NORTH YORK CTR STATION,EUSC,0,0,N,YU,5581
2020-01-23,13:34,Thursday,ST GEORGE BD STATION,SUDP,8,11,E,BD,5035
2020-01-23,13:53,Thursday,SHEPPARD STATION,MUPAA,0,0,N,YU,5631
2020-01-23,14:08,Thursday,MUSEUM STATION,SUCOL,0,0,N,YU,5586
2020-01-23,15:31,Thursday,ISLINGTON STATION,TUMVS,0,0,W,BD,5238
2020-01-23,15:31,Thursday,KING STATION,MUI,11,14,S,YU,6071
2020-01-23,15:33,Thursday,MCCOWAN STATION,ERTC,5,10,S,SRT,3010
2020-01-23,15:53,Thursday,NORTH YORK CTR STATION,MUIS,0,0,S,YU,0
2020-01-23,15:58,Thursday,HIGH PARK STATION,PUMEL,0,0,,BD,0
2020-01-23,16:11,Thursday,SHEPPARD WEST STATION,SUEAS,15,17,S,YU,5181
2020-01-23,16:11,Thursday,WILSON TRAINING BUILDI,MUO,0,0,,999,0
2020-01-23,16:33,Thursday,WILSON STATION,TUCC,16,18,N,YU,6071
2020-01-23,16:34,Thursday,EGLINTON STATION,MUIRS,0,0,,YU,0
2020-01-23,16:43,Thursday,DAVISVILLE STATION,MUSC,0,0,S,YU,6106
2020-01-23,16:54,Thursday,ROYAL YORK STATION,TUMVS,0,0,E,BD,5162
2020-01-23,17:08,Thursday,KEELE STATION,MUPAA,0,0,W,BD,5319
2020-01-23,17:24,Thursday,WARDEN STATION,MUIR,3,5,E,BD,5369
2020-01-23,17:55,Thursday,COLLEGE STATION,MUIRS,0,0,N,YU,0
2020-01-23,18:06,Thursday,YORK UNIVERSITY STATIO,MUPAA,0,0,N,YU,5756
2020-01-23,18:47,Thursday,ST CLAIR STATION,MUSC,0,0,S,YU,6011
2020-01-23,19:02,Thursday,BROADVIEW STATION,MUI,11,13,W,BD,5114
2020-01-23,19:54,Thursday,KIPLING STATION,MUPAA,0,0,W,BD,5288
2020-01-23,20:00,Thursday,KIPLING STATION,MUTO,3,6,E,BD,5054
2020-01-23,20:11,Thursday,YONGE BD STATION,SUDP,10,13,W,BD,5064
2020-01-23,20:31,Thursday,SHEPPARD WEST STATION,EUYRD,19,22,S,YU,5641
2020-01-23,20:55,Thursday,KIPLING STATION,MUPAA,0,0,E,BD,5166
2020-01-23,21:21,Thursday,FINCH STATION,MUI,3,7,S,YU,6071
2020-01-23,21:33,Thursday,BROADVIEW STATION,MUIS,0,0,,BD,0
2020-01-23,21:58,Thursday,OSSINGTON STATION,SUDP,0,0,E,BD,5361
2020-01-23,22:00,Thursday,YONGE-UNIVERSITY AND B,MUO,0,0,,YU/BD,0
2020-01-23,22:05,Thursday,SHEPPARD STATION,PUMEL,0,0,,YU,0
2020-01-23,23:00,Thursday,ST ANDREW TO SPADINA,MUO,0,0,,YU,0
2020-01-23,23:20,Thursday,BLOOR DANFORTH SUBWAY,MUGD,0,0,,BD,0
2020-01-23,23:24,Thursday,SHERBOURNE STATION,MUIR,3,7,E,BD,5350
2020-01-23,23:53,Thursday,SHEPPARD WEST STATION,MUPAA,0,0,N,YU,5776
2020-01-24,02:16,Friday,VAUGHAN MC STATION,SUO,0,0,,YU,0
2020-01-24,05:46,Friday,DONLANDS STATION,EUYRD,4,8,W,BD,5154
2020-01-24,06:02,Friday,SHERBOURNE STATION,MUSC,0,0,W,BD,5154
2020-01-24,06:10,Friday,SCARBOROUGH CTR STATIO,ERTC,36,41,S,SRT,3016
2020-01-24,06:16,Friday,DUNDAS WEST STATION,MUSC,0,0,E,BD,5369
2020-01-24,07:15,Friday,MCCOWAN STATION,ERCD,5,10,N,SRT,3017
2020-01-24,07:29,Friday,CHESTER STATION,TUCC,8,11,W,BD,5204
2020-01-24,07:35,Friday,YONGE SHEP STATION,MUPAA,0,0,W,SHP,6191
2020-01-24,07:53,Friday,KEELE STATION,MUI,0,0,E,BD,5321
2020-01-24,08:15,Friday,SHEPPARD WEST STATION,MUIE,0,0,,YU,0
2020-01-24,08:43,Friday,ST CLAIR STATION,MUPAA,0,0,S,YU,5531
2020-01-24,08:53,Friday,QUEEN STATION,EUBO,3,5,S,YU,5416
2020-01-24,09:07,Friday,BLOOR STATION,MUSC,0,0,S,YU,5876
2020-01-24,09:08,Friday,DAVISVILLE STATION,EUCA,2,4,N,YU,5511
2020-01-24,09:13,Friday,FINCH STATION,MUTO,3,5,S,YU,5576
2020-01-24,09:41,Friday,ST ANDREW STATION,TUMVS,0,0,N,YU,5891
2020-01-24,10:01,Friday,UNION STATION,MUIS,0,0,,YU,0
2020-01-24,10:14,Friday,KIPLING STATION,PUSNT,3,6,E,BD,5272
2020-01-24,10:16,Friday,COXWELL STATION,TUNIP,5,8,W,BD,5156
2020-01-24,11:08,Friday,KENNEDY BD STATION,PUSSW,33,36,W,BD,5229
2020-01-24,11:15,Friday,KENNEDY BD STATION,MUPAA,0,0,E,BD,5222
2020-01-24,11:53,Friday,BAY STATION,SUAE,0,0,,BD,0
2020-01-24,11:59,Friday,BLOOR STATION,MUIS,0,0,,YU,0
2020-01-24,12:10,Friday,HIGH PARK STATION,EUCO,3,6,W,BD,5021
2020-01-24,13:49,Friday,KENNEDY BD STATION,MUIS,0,0,,BD,0
2020-01-24,13:56,Friday,ST CLAIR WEST STATION,PUSIO,0,0,S,YU,5861
2020-01-24,14:34,Friday,SUMMERHILL STATION,MUPAA,0,0,S,YU,5986
2020-01-24,14:38,Friday,COLLEGE STATION,SUDP,0,0,N,YU,5451
2020-01-24,15:41,Friday,GREENWOOD PORTAL,TUNIP,4,6,W,BD,5175
2020-01-24,15:59,Friday,BLOOR STATION,SUROB,3,5,S,YU,5661
2020-01-24,16:02,Friday,DAVISVILLE STATION,MUSC,0,0,S,YU,5776
2020-01-24,16:11,Friday,KENNEDY BD STATION,MUIR,3,5,W,BD,5084
2020-01-24,17:14,Friday,MAIN STREET STATION,PUMEL,0,0,,BD,0
2020-01-24,17:26,Friday,FINCH WEST STATION,SUDP,0,0,S,YU,5671
2020-01-24,17:32,Friday,FINCH STATION,TUSC,0,0,N,YU,6076
2020-01-24,17:33,Friday,FINCH STATION,MUSC,0,0,S,YU,6126
2020-01-24,17:39,Friday,DUNDAS STATION,MUPAA,4,6,S,YU,6111
2020-01-24,17:55,Friday,HIGH PARK STATION,PUMEL,0,0,,BD,0
2020-01-24,17:58,Friday,EGLINTON STATION,SUAE,0,0,,YU,0
2020-01-24,18:35,Friday,BROADVIEW STATION,MUIS,0,0,E,BD,0
2020-01-24,19:00,Friday,KENNEDY BD STATION,MUDD,3,6,W,BD,5112
2020-01-24,20:10,Friday,WELLESLEY STATION,MUPAA,5,8,N,YU,5731
2020-01-24,20:42,Friday,ST GEORGE YUS STATION,SUAP,12,15,N,YU,5476
2020-01-24,20:46,Friday,ST GEORGE BD STATION,SUO,3,7,E,BD,5369
2020-01-24,21:13,Friday,DUFFERIN STATION,MUD,4,8,W,BD,5295
2020-01-24,21:23,Friday,UNION STATION,SUDP,0,0,,YU,0
2020-01-24,21:24,Friday,BROADVIEW STATION,TUMVS,7,10,E,BD,5162
2020-01-24,22:00,Friday,YONGE UNIVERSITY AND B,MUO,0,0,,YU/BD,0
2020-01-24,22:01,Friday,DUNDAS WEST STATION,MUIRS,0,0,,BD,0
2020-01-24,23:31,Friday,WARDEN STATION,MUSC,0,0,E,BD,5103
2020-01-24,23:45,Friday,SPADINA YUS STATION,SUDP,5,10,N,YU,6006
2020-01-25,02:08,Saturday,YORK MILLS STATION,PUSNT,0,0,N,YU,6021
2020-01-25,02:18,Saturday,EGLINTON STATION,MUIS,0,0,,YU,0
2020-01-25,06:00,Saturday,YONGE UNIVERSITY SUBWA,MUO,0,0,,YU,0
2020-01-25,06:14,Saturday,KIPLING STATION,MUTO,5,10,E,BD,5202
2020-01-25,06:28,Saturday,YONGE BD STATION,EUBK,0,0,E,BD,5091
2020-01-25,07:00,Saturday,KEELE STATION,MUSC,0,0,W,BD,5264
2020-01-25,07:21,Saturday,YORK MILLS STATION,PUMEL,0,0,,YU,0
2020-01-25,07:41,Saturday,FINCH STATION,TUO,3,8,S,YU,5856
2020-01-25,08:28,Saturday,VAUGHAN MC STATION,MUATC,5,10,,YU,5756
2020-01-25,09:32,Saturday,SHEPPARD WEST STATION,SUO,9,14,S,YU,5546
2020-01-25,10:05,Saturday,RUNNYMEDE STATION,PUSCR,3,8,E,BD,5145
2020-01-25,10:38,Saturday,NORTH YORK CTR STATION,MUIS,0,0,,YU,0
2020-01-25,11:10,Saturday,VICTORIA PARK STATION,MUI,13,18,W,BD,5256
2020-01-25,11:32,Saturday,RUNNYMEDE STATION,MUPR1,131,135,W,BD,5309
2020-01-25,11:56,Saturday,WILSON STATION,PUMEL,0,0,,YU,0
2020-01-25,12:27,Saturday,FINCH STATION,TUO,5,10,S,YU,5856
2020-01-25,12:32,Saturday,SHERBOURNE STATION,PUMEL,0,0,,BD,0
2020-01-25,12:49,Saturday,QUEEN STATION,MUIRS,0,0,,YU,0
2020-01-25,16:50,Saturday,PAPE STATION,SUDP,7,11,W,BD,5324
2020-01-25,17:18,Saturday,COLLEGE STATION,PUMEL,0,0,N,YU,0
2020-01-25,17:39,Saturday,SUMMERHILL STATION,TUOS,3,8,S,YU,6091
2020-01-25,18:49,Saturday,KIPLING STATION,MUIS,0,0,,BD,0
2020-01-25,19:00,Saturday,YONGE BD STATION,SUAP,0,0,,BD,0
2020-01-25,19:03,Saturday,ST GEORGE BD STATION,SUDP,5,10,W,BD,5324
2020-01-25,19:29,Saturday,KENNEDY BD STATION,SUO,5,10,W,BD,5121
2020-01-25,20:28,Saturday,SPADINA YUS STATION,EUTRD,4,9,S,YU,5656
2020-01-25,21:11,Saturday,JANE STATION,MUD,0,0,E,BD,5245
2020-01-25,21:34,Saturday,MAIN STREET STATION,MUPAA,0,0,W,BD,5133
2020-01-25,22:00,Saturday,YONGE-UNIVERSITY AND B,MUO,0,0,,YU/BD,0
2020-01-25,22:51,Saturday,FINCH STATION,TUO,5,10,S,YU,5856
2020-01-25,23:10,Saturday,BATHURST STATION,MUI,0,0,W,BD,5183
2020-01-25,23:21,Saturday,CHRISTIE STATION,MUO,0,0,E,BD,5015
2020-01-25,23:24,Saturday,FINCH STATION,TUMVS,0,0,N,YU,5826
2020-01-25,23:52,Saturday,LESLIE STATION,TUMVS,4,10,E,SHP,6156
2020-01-26,01:01,Sunday,VAUGHAN MC STATION,SUDP,3,8,S,YU,5656
2020-01-26,01:20,Sunday,WILSON STATION,SUDP,8,13,S,YU,5656
2020-01-26,01:27,Sunday,KENNEDY BD STATION,MUSAN,4,8,W,BD,5111
2020-01-26,01:34,Sunday,YORKDALE STATION,MUIR,12,17,N,YU,5966
2020-01-26,01:50,Sunday,ST CLAIR WEST STATION,SUDP,7,12,S,YU,5656
2020-01-26,02:27,Sunday,KIPLING STATION,MUIS,0,0,,BD,0
2020-01-26,06:19,Sunday,LAWRENCE WEST STATION,MUO,0,0,,YU,0
2020-01-26,08:00,Sunday,YONGE-UNIVERSITY SUBWA,MUO,0,0,,YU,0
2020-01-26,10:49,Sunday,ST GEORGE BD STATION,MUI,0,0,W,BD,5334
2020-01-26,11:38,Sunday,DUNDAS WEST STATION,MUIS,0,0,,BD,0
2020-01-26,12:13,Sunday,FINCH STATION,MUIS,0,0,,YU,0
2020-01-26,12:23,Sunday,SHEPPARD STATION,SUDP,3,8,S,YU,5821
2020-01-26,12:59,Sunday,ST GEORGE BD STATION,SUAP,0,0,E,BD,0
2020-01-26,13:57,Sunday,FINCH STATION,TUMVS,0,0,N,YU,5826
2020-01-26,14:23,Sunday,ST CLAIR STATION,MUIR,3,7,N,YU,6096
2020-01-26,15:09,Sunday,KIPLING STATION,EUPI,4,8,E,BD,5097
2020-01-26,15:55,Sunday,KIPLING STATION,SUDP,0,0,,BD,0
2020-01-26,17:25,Sunday,ISLINGTON STATION,SUDP,3,7,W,BD,5133
2020-01-26,18:10,Sunday,KENNEDY BD STATION,MUSAN,4,8,E,BD,5029
2020-01-26,18:57,Sunday,VAUGHAN MC STATION,MUNOA,5,10,S,YU,5986
2020-01-26,19:37,Sunday,QUEEN STATION,MUPAA,0,0,S,YU,5496
2020-01-26,20:03,Sunday,YORKDALE STATION,MUATC,3,8,S,YU,5556
2020-01-26,20:57,Sunday,BAY STATION,MUPAA,3,7,W,BD,5283
2020-01-26,21:30,Sunday,KEELE STATION,MUIS,0,0,,BD,0
2020-01-26,21:53,Sunday,LESLIE STATION,PUMEL,0,0,,SHP,0
2020-01-26,22:00,Sunday,YONGE-UNIVERSITY AND B,MUO,0,0,,YU/BD,0
2020-01-26,22:53,Sunday,KENNEDY BD STATION,EUPI,0,0,W,BD,5222
2020-01-26,23:26,Sunday,YONGE SHEP STATION,EUDO,5,10,,SHP,6176
2020-01-27,00:01,Monday,SPADINA YUS STATION,MUIS,0,0,N,YU,0
2020-01-27,00:53,Monday,SHEPPARD WEST STATION,MUIS,0,0,,YU,0
2020-01-27,01:12,Monday,UNION STATION,MUIS,0,0,,YU,0
2020-01-27,01:47,Monday,FINCH STATION,MUI,0,0,,YU,0
2020-01-27,02:18,Monday,SHEPPARD WEST STATION,MUPLC,0,0,,YU,0
2020-01-27,05:44,Monday,EGLINTON STATION,PUSI,0,0,S,YU,5856
2020-01-27,06:06,Monday,KENNEDY BD STATION,MUTO,3,7,W,BD,5225
2020-01-27,06:25,Monday,DONLANDS STATION,TUNIP,3,7,W,BD,5154
2020-01-27,06:33,Monday,FINCH STATION,MUSC,0,0,S,YU,5556
2020-01-27,06:57,Monday,SHERBOURNE STATION,MUIS,0,0,,BD,0
2020-01-27,07:15,Monday,OSGOODE STATION,MUNCA,0,0,,YU,0
2020-01-27,08:09,Monday,ROYAL YORK STATION,MUSC,0,0,E,BD,5187
2020-01-27,08:41,Monday,WILSON STATION,MUPAA,0,0,S,YU,6011
2020-01-27,08:50,Monday,DUNDAS STATION,MUIR,3,5,N,YU,5586
2020-01-27,08:51,Monday,ST CLAIR STATION,MUIS,0,0,S,YU,0
2020-01-27,08:56,Monday,WILSON CARHOUSE,MUO,0,0,,YU,0
2020-01-27,09:23,Monday,FINCH STATION,TUNIP,3,5,S,YU,5896
2020-01-27,09:24,Monday,BLOOR STATION,MUI,8,10,S,YU,5876
2020-01-27,09:45,Monday,BLOOR STATION,TUMVS,0,0,N,YU,5766
2020-01-27,10:19,Monday,WELLESLEY STATION,TUOS,0,0,S,YU,5631
2020-01-27,11:19,Monday,ST CLAIR WEST STATION,MUATC,0,0,N,YU,5761
2020-01-27,11:52,Monday,PIONEER VILLAGE STATIO,MUPAA,0,0,N,YU,5571
2020-01-27,12:00,Monday,ST CLAIR STATION,MUIS,0,0,,YU,0
2020-01-27,12:12,Monday,NORTH YORK CTR STATION,MUIS,0,0,,YU,0
2020-01-27,12:32,Monday,YORKDALE STATION,MUPAA,0,0,S,YU,5816
2020-01-27,12:50,Monday,RUNNYMEDE STATION,MUDD,11,14,E,BD,5135
2020-01-27,13:50,Monday,VICTORIA PARK STATION,EUCD,3,6,W,BD,5305
2020-01-27,14:19,Monday,LAWRENCE EAST STATION,MRPAA,0,0,S,SRT,3014
2020-01-27,14:58,Monday,QUEEN STATION,TUOS,3,6,S,YU,5391
2020-01-27,15:26,Monday,LANSDOWNE STATION,MUO,4,7,W,BD,5013
2020-01-27,15:39,Monday,YORKDALE STATION,SUO,4,7,S,YU,5871
2020-01-27,16:19,Monday,ISLINGTON STATION,TUKEY,0,0,E,BD,5049
2020-01-27,16:51,Monday,ISLINGTON STATION,TUMVS,0,0,E,BD,5319
2020-01-27,17:32,Monday,FINCH WEST STATION,MUIRS,0,0,,YU,0
2020-01-27,17:34,Monday,SHEPPARD STATION,SUO,3,6,N,YU,5716
2020-01-27,17:39,Monday,ROYAL YORK STATION,MUSC,0,0,E,BD,5321
2020-01-27,18:49,Monday,SHERBOURNE STATION,PUSRA,3,5,E,BD,5277
2020-01-27,18:54,Monday,FINCH STATION,SUDP,0,0,,YU,0
2020-01-27,20:31,Monday,YONGE BD STATION,MUDD,4,7,W,BD,5140
2020-01-27,20:33,Monday,BLOOR STATION,MUPAA,0,0,N,YU,5911
2020-01-27,20:38,Monday,WILSON STATION,TUCC,0,0,N,YU,5651
2020-01-27,21:13,Monday,DOWNSVIEW PARK STATION,MUIR,4,8,N,YU,5556
2020-01-27,22:00,Monday,YONGE-UNIVERSITY AND B,MUO,0,0,,YU/BD,0
2020-01-27,22:58,Monday,LAWRENCE STATION,MUIS,0,0,,BD,0
2020-01-27,23:00,Monday,SPADINA TO ST ANDREW,MUO,0,0,,YU,0
2020-01-28,00:25,Tuesday,SHEPPARD WEST STATION,MUATC,3,8,N,YU,5761
2020-01-28,00:26,Tuesday,QUEEN STATION,SUDP,3,8,N,YU,5881
2020-01-28,00:27,Tuesday,KENNEDY BD STATION,MUIR,5,9,W,BD,0
2020-01-28,00:57,Tuesday,YONGE SHEP STATION,MUO,9,14,W,SHP,6186
2020-01-28,01:04,Tuesday,HIGHWAY 407 STATION,MUATC,0,0,N,YU,5801
2020-01-28,02:29,Tuesday,KIPLING STATION,SUAP,0,0,,BD,0
2020-01-28,03:24,Tuesday,EASTBOUND - BETWEEN SH,PUSO,0,0,E,BD,0
2020-01-28,05:41,Tuesday,GREENWOOD STATION,EUYRD,5,10,E,BD,5139
2020-01-28,06:55,Tuesday,GREENWOOD STATION,EUYRD,3,6,E,BD,5064
2020-01-28,08:12,Tuesday,ST GEORGE BD STATION,MUO,3,5,W,BD,5098
2020-01-28,08:55,Tuesday,OSGOODE STATION,TUSC,0,0,N,YU,5471
2020-01-28,09:31,Tuesday,WILSON STATION,MUPAA,0,0,S,YU,5661
2020-01-28,11:29,Tuesday,ST ANDREW STATION,PUMEL,0,0,,YU,0
2020-01-28,13:17,Tuesday,SHEPPARD WEST STATION,MUPAA,0,0,N,YU,5831
2020-01-28,13:39,Tuesday,HIGH PARK STATION,MUPAA,0,0,E,BD,5100
2020-01-28,14:18,Tuesday,EGLINTON STATION,SUSA,0,0,,YU,0
2020-01-28,15:00,Tuesday,LAWRENCE STATION,SUDP,4,7,S,YU,5831
2020-01-28,15:03,Tuesday,SUMMERHILL STATION,SUDP,8,11,S,YU,5826
2020-01-28,15:27,Tuesday,WILSON STATION,MUATC,8,11,S,YU,5606
2020-01-28,16:30,Tuesday,KING STATION,SUDP,3,5,S,YU,6666
2020-01-28,16:49,Tuesday,EGLINTON WEST STATION,MUI,6,8,N,YU,5501
2020-01-28,16:59,Tuesday,YORK MILLS STATION,TUSC,0,0,N,YU,5791
2020-01-28,17:02,Tuesday,WILSON STATION,EUBO,5,7,S,YU,6021
2020-01-28,18:08,Tuesday,ST CLAIR STATION,MUIRS,0,0,,YU,0
2020-01-28,18:14,Tuesday,WELLESLEY STATION,MUPAA,4,6,N,YU,5506
2020-01-28,19:21,Tuesday,VAUGHAN MC STATION,TUNIP,3,6,S,YU,5736
2020-01-28,19:27,Tuesday,ST GEORGE BD STATION,MUSAN,3,7,E,BD,5354
2020-01-28,20:37,Tuesday,VAUGHAN MC STATION,SUDP,0,0,N,YU,5631
2020-01-28,20:48,Tuesday,BLOOR STATION,MUIS,0,0,,YU,0
2020-01-28,21:43,Tuesday,KING STATION,MUDD,4,7,S,YU,5421
2020-01-28,21:53,Tuesday,KENNEDY BD STATION,MUIS,0,0,,BD,0
2020-01-28,22:00,Tuesday,YONGE-UNIVERSITY & BLO,MUO,0,0,,YU/BD,0
2020-01-28,22:10,Tuesday,LAWRENCE WEST STATION,SUDP,0,0,,YU,0
2020-01-28,23:00,Tuesday,YONGE-UNIVERSITY SUBWA,MUO,0,0,,YU,0
2020-01-28,23:10,Tuesday,DOWNSVIEW PARK STATION,SUCOL,0,0,N,YU,5631
2020-01-28,23:42,Tuesday,SPADINA YUS STATION,MUPAA,0,0,N,YU,6041
2020-01-28,23:44,Tuesday,WELLESLEY STATION,SUDP,9,14,N,YU,5521
2020-01-28,23:46,Tuesday,PIONEER VILLAGE STATIO,MUATC,4,9,S,YU,5436
2020-01-29,00:53,Wednesday,ST CLAIR STATION,TUOS,0,0,S,YU,5626
2020-01-29,01:58,Wednesday,BLOOR STATION,MUPAA,0,0,N,YU,5726
2020-01-29,01:59,Wednesday,DUPONT STATION,SUDP,3,8,N,YU,6041
2020-01-29,05:21,Wednesday,ISLINGTON STATION,SUCOL,0,0,,BD,0
2020-01-29,05:58,Wednesday,MCCOWAN STATION,ERPR,5,10,S,SRT,3007
2020-01-29,06:01,Wednesday,QUEEN'S PARK STATION,MUPLB,8,12,S,YU,5396
2020-01-29,06:13,Wednesday,VAUGHAN MC STATION,MUTO,0,0,S,YU,5611
2020-01-29,06:22,Wednesday,VAUGHAN MC STATION,MUTO,0,0,S,YU,6041
2020-01-29,06:43,Wednesday,KENNEDY SRT STATION,TRO,3,8,N,SRT,3023
2020-01-29,06:46,Wednesday,GREENWOOD STATION,TUMVS,0,0,E,BD,5107
2020-01-29,07:28,Wednesday,FINCH STATION,MUSC,0,0,S,YU,5531
2020-01-29,08:01,Wednesday,PIONEER VILLAGE STATIO,MUI,30,32,S,YU,5411
2020-01-29,08:21,Wednesday,EGLINTON STATION,MUTO,4,6,S,YU,0
2020-01-29,08:27,Wednesday,BATHURST STATION,MUDD,6,8,E,BD,5131
2020-01-29,08:53,Wednesday,BLOOR STATION,MUPAA,0,0,S,YU,5576
2020-01-29,09:40,Wednesday,BROADVIEW STATION,TUMVS,0,0,E,BD,5044
2020-01-29,09:40,Wednesday,UNION STATION,SUDP,0,0,,YU,0
2020-01-29,10:04,Wednesday,FINCH STATION,TUSC,0,0,N,YU,5836
2020-01-29,11:54,Wednesday,WOODBINE STATION,MUIS,0,0,,BD,0
2020-01-29,12:24,Wednesday,SCARBOROUGH CTR STATIO,PREL,0,0,,SRT,0
2020-01-29,13:40,Wednesday,DAVISVILLE STATION,PUMST,0,0,S,YU,0
2020-01-29,14:08,Wednesday,KENNEDY BD STATION,MUIS,0,0,,BD,0
2020-01-29,14:14,Wednesday,EGLINTON WEST STATION,MUIE,0,0,,YU,0
2020-01-29,14:28,Wednesday,ISLINGTON STATION,TUMVS,0,0,W,BD,5304
2020-01-29,14:42,Wednesday,FINCH STATION,SUDP,14,17,S,YU,5916
2020-01-29,14:54,Wednesday,ST CLAIR WEST STATION,MUIS,0,0,,YU,0
2020-01-29,15:10,Wednesday,YORK MILLS STATION,SUDP,0,0,S,YU,6066
2020-01-29,15:13,Wednesday,FINCH STATION,MUIRS,0,0,,YU,0
2020-01-29,15:41,Wednesday,SCARBOROUGH CTR STATIO,SRDP,0,0,,SRT,0
2020-01-29,15:54,Wednesday,LESLIE STATION,MUSC,0,0,W,SHP,6166
2020-01-29,16:05,Wednesday,CHRISTIE STATION,TUSC,0,0,W,BD,5054
2020-01-29,16:37,Wednesday,EGLINTON WEST STATION,SUDP,3,5,S,YU,5441
2020-01-29,16:49,Wednesday,ROYAL YORK STATION,MUIS,0,0,,BD,0
2020-01-29,17:11,Wednesday,EGLINTON WEST STATION,MUTO,0,0,N,YU,5561
2020-01-29,17:20,Wednesday,SHEPPARD WEST STATION,MUTO,7,10,N,YU,5991
2020-01-29,17:40,Wednesday,FINCH STATION,TUSC,0,0,N,YU,5736
2020-01-29,18:07,Wednesday,FINCH STATION,TUSC,0,0,N,YU,5871
2020-01-29,18:17,Wednesday,BROADVIEW STATION,SUDP,0,0,E,BD,5339
2020-01-29,18:30,Wednesday,ROYAL YORK STATION,MUSAN,3,5,E,BD,5074
2020-01-29,18:34,Wednesday,FINCH STATION,MUSAN,3,5,S,YU,5431
2020-01-29,18:49,Wednesday,LANSDOWNE STATION,MUPAA,3,5,E,BD,5199
2020-01-29,19:23,Wednesday,BAYVIEW STATION,MUPAA,0,0,E,SHP,5161
2020-01-29,19:35,Wednesday,SHEPPARD STATION,MUSC,0,0,N,YU,5726
2020-01-29,19:36,Wednesday,DUNDAS STATION,MUPAA,3,6,N,YU,5611
2020-01-29,19:41,Wednesday,YORK MILLS STATION,TUSC,0,0,S,YU,5396
2020-01-29,20:28,Wednesday,ROSEDALE STATION,MUIS,0,0,N,YU,0
2020-01-29,21:08,Wednesday,FINCH STATION,SUAP,0,0,,YU,0
2020-01-29,21:48,Wednesday,LAWRENCE STATION,EUSC,0,0,S,YU,6046
2020-01-29,22:00,Wednesday,YONGE-UNIVERSITY AND B,MUO,0,0,,YU/BD,0
2020-01-29,22:20,Wednesday,SHEPPARD WEST STATION,MUIS,0,0,,YU,0
2020-01-29,22:20,Wednesday,ST PATRICK STATION,PUMEL,0,0,,YU,0
2020-01-29,23:00,Wednesday,YONGE-UNIVERSITY SUBWA,MUO,0,0,,YU,0
2020-01-30,00:08,Thursday,LAWRENCE STATION,TUO,8,13,N,YU,5756
2020-01-30,00:10,Thursday,MCCOWAN STATION,MRUI,0,0,,SRT,0
2020-01-30,01:20,Thursday,GREENWOOD STATION,MUPAA,4,8,W,BD,5000
2020-01-30,01:43,Thursday,CHRISTIE STATION,TUMVS,0,0,W,BD,5079
2020-01-30,05:12,Thursday,MAIN STREET STATION,MUNCA,0,0,,BD,0
2020-01-30,05:46,Thursday,DONLANDS STATION,EUYRD,7,0,W,BD,5079
2020-01-30,05:46,Thursday,JANE STATION,EUSC,0,0,W,BD,5031
2020-01-30,05:53,Thursday,LANSDOWNE STATION,MUTO,0,0,E,BD,5319
2020-01-30,06:12,Thursday,YORK MILLS CENTER TRAC,TUMVS,4,8,N,YU,5611
2020-01-30,06:50,Thursday,KEELE STATION,MUDD,4,8,E,BD,5222
2020-01-30,07:34,Thursday,VAUGHAN MC STATION,MUATC,0,0,S,YU,6136
2020-01-30,08:06,Thursday,KIPLING STATION,MUDD,3,5,E,BD,5364
2020-01-30,08:33,Thursday,SHEPPARD STATION,MUI,9,11,S,YU,5461
2020-01-30,08:36,Thursday,NORTH YORK CTR STATION,MUIS,0,0,S,YU,6071
2020-01-30,09:17,Thursday,SHEPPARD STATION,MUSC,0,0,N,YU,5606
2020-01-30,09:39,Thursday,ST GEORGE BD STATION,MUIS,0,0,,BD,0
2020-01-30,10:04,Thursday,VAUGHAN MC STATION,MUATC,4,7,S,YU,6076
2020-01-30,11:27,Thursday,ST GEORGE YUS STATION,MUIS,0,0,,YU,0
2020-01-30,11:40,Thursday,DONLANDS STATION,SUAE,0,0,,BD,0
2020-01-30,12:14,Thursday,FINCH STATION,TUNIP,3,6,S,YU,5651
2020-01-30,13:03,Thursday,RUNNYMEDE STATION,PUMST,0,0,,BD,0
2020-01-30,13:31,Thursday,ISLINGTON STATION,TUMVS,0,0,W,BD,5233
2020-01-30,14:22,Thursday,QUEEN'S PARK STATION,SUDP,6,9,S,YU,5456
2020-01-30,14:34,Thursday,ST GEORGE BD STATION,TUMVS,0,0,E,BD,5035
2020-01-30,14:42,Thursday,CASTLE FRANK STATION,TUO,3,6,E,BD,5035
2020-01-30,14:44,Thursday,BAY STATION,EUPI,3,5,W,BD,5275
2020-01-30,15:02,Thursday,BLOOR STATION,SUDP,4,7,N,YU,6121
2020-01-30,15:12,Thursday,VAUGHAN MC STATION,TUNIP,4,9,S,YU,5981
2020-01-30,15:15,Thursday,KIPLING STATION,MUSC,4,6,E,BD,5178
2020-01-30,15:34,Thursday,LANSDOWNE STATION,MUI,7,9,E,BD,5178
2020-01-30,15:48,Thursday,DONLANDS STATION,EUSC,0,0,W,BD,5174
2020-01-30,15:58,Thursday,DAVISVILLE STATION,TUNIP,4,7,S,YU,6006
2020-01-30,15:59,Thursday,KENNEDY BD STATION,SUAP,0,0,,BD,0
2020-01-30,16:04,Thursday,VAUGHAN MC STATION,TUO,3,6,S,YU,5656
2020-01-30,16:32,Thursday,DUFFERIN STATION,MUD,0,0,E,BD,5004
2020-01-30,16:35,Thursday,FINCH STATION,MUTO,3,5,S,YU,5466
2020-01-30,16:43,Thursday,BESSARION STATION,EUDO,4,9,W,SHP,6171
2020-01-30,17:16,Thursday,KEELE STATION,MUO,3,5,W,BD,5234
2020-01-30,17:17,Thursday,NORTH YORK CTR STATION,MUIR,3,5,N,YU,5576
2020-01-30,17:43,Thursday,QUEEN'S PARK STATION,MUPR1,112,114,N,YU,6061
2020-01-30,17:57,Thursday,YONGE SHEP STATION,EUCD,5,10,W,SHP,6171
2020-01-30,18:10,Thursday,UNION STATION,EUSC,0,0,N,YU,5681
2020-01-30,18:22,Thursday,ISLINGTON STATION,TUMVS,0,0,W,BD,5311
2020-01-30,18:46,Thursday,WELLESLEY STATION,MUPAA,0,0,N,YU,5901
2020-01-30,19:06,Thursday,ST ANDREW STATION,SUDP,0,0,,YU,0
2020-01-30,19:28,Thursday,SUMMERHILL STATION,MUPAA,0,0,S,YU,5811
2020-01-30,19:53,Thursday,BESSARION STATION,MUPAA,0,0,E,SHP,6181
2020-01-30,20:31,Thursday,FINCH WEST STATION,PUMEL,0,0,,YU,0
2020-01-30,21:03,Thursday,KENNEDY BD STATION,SUDP,4,8,E,BD,5299
2020-01-30,21:04,Thursday,KING STATION,SUAP,0,0,S,YU,5981
2020-01-30,21:20,Thursday,WILSON STATION,EUBK,4,8,S,YU,5416
2020-01-30,21:33,Thursday,LAWRENCE WEST STATION,SUDP,0,0,,YU,0
2020-01-30,22:00,Thursday,YONGE-UNIVERSITY AND B,MUO,0,0,,YU / BD,0
2020-01-30,23:49,Thursday,ISLINGTON STATION,MUPAA,3,7,W,BD,5134
2020-01-30,23:57,Thursday,ISLINGTON STATION,MUIS,0,0,W,BD,0
2020-01-31,00:32,Friday,QUEEN STATION,SUUT,5,10,S,YU,5656
2020-01-31,00:41,Friday,GLENCAIRN STATION,SUDP,0,0,S,YU,5636
2020-01-31,01:16,Friday,BLOOR STATION,MUIS,0,0,S,YU,0
2020-01-31,05:31,Friday,FINCH STATION,PUTWZ,8,0,S,YU,5921
2020-01-31,05:57,Friday,ROYAL YORK STATION,EUDO,3,9,E,BD,5260
2020-01-31,06:36,Friday,KIPLING STATION,EUBK,3,7,E,BD,5178
2020-01-31,06:37,Friday,YONGE SHEP STATION,MUDD,4,9,E,SHP,6181
2020-01-31,06:39,Friday,FINCH STATION,MUSC,0,0,,YU,5631
2020-01-31,07:12,Friday,KIPLING STATION,TUSC,0,0,W,BD,5280
2020-01-31,07:29,Friday,CASTLE FRANK STATION,MUSC,0,0,E,BD,5155
2020-01-31,07:45,Friday,ST GEORGE BD STATION,SUDP,4,6,W,BD,5178
2020-01-31,07:55,Friday,FINCH STATION,MUSC,0,0,N,YU,5456
2020-01-31,08:14,Friday,MCCOWAN STATION,ERPR,8,14,S,SRT,3014
2020-01-31,08:31,Friday,NORTH YORK CTR STATION,EUSC,0,0,N,YU,5771
2020-01-31,08:51,Friday,ROSEDALE STATION,TUMVS,0,0,S,YU,5921
2020-01-31,10:19,Friday,ST PATRICK STATION,MUATC,5,8,N,YU,5836
2020-01-31,11:16,Friday,UNION STATION,MUIS,0,0,,YU,0
2020-01-31,12:14,Friday,ST GEORGE BD STATION,SUUT,4,7,E,BD,5350
2020-01-31,12:28,Friday,FINCH STATION,MUSC,0,0,S,YU,5856
2020-01-31,12:40,Friday,FINCH STATION,MUSC,0,0,S,YU,5906
2020-01-31,13:09,Friday,YONGE SHEP STATION,MUI,3,8,E,SHP,6171
2020-01-31,13:25,Friday,MAIN STREET STATION,MUIS,0,0,E,BD,5074
2020-01-31,13:30,Friday,WILSON STATION,SUDP,4,7,S,YU,5966
2020-01-31,13:43,Friday,MAIN STREET STATION,MUI,4,7,E,BD,5097
2020-01-31,13:58,Friday,UNION STATION,SUDP,5,8,S,YU,5966
2020-01-31,14:56,Friday,SPADINA BD STATION,SUDP,7,10,E,BD,5221
2020-01-31,14:58,Friday,COLLEGE STATION,SUDP,7,10,S,YU,5581
2020-01-31,15:12,Friday,DUNDAS WEST STATION,PUMEL,0,0,,BD,0
2020-01-31,15:26,Friday,MUSEUM STATION,MUPAA,0,0,S,YU,5656
2020-01-31,15:42,Friday,BLOOR STATION,MUPAA,0,0,S,YU,5731
2020-01-31,16:05,Friday,ISLINGTON STATION,EUDO,6,8,W,BD,5089
2020-01-31,16:09,Friday,ST CLAIR WEST STATION,SUDP,3,5,N,YU,5411
2020-01-31,16:09,Friday,VAUGHAN MC STATION,TUO,3,5,S,YU,6001
2020-01-31,16:11,Friday,YORKDALE STATION,MUATC,3,6,S,YU,5406
2020-01-31,16:22,Friday,BLOOR STATION,PUMEL,0,0,,YU,0
2020-01-31,16:59,Friday,JANE STATION,PUMEL,0,0,,BD,0
2020-01-31,17:37,Friday,YORK MILLS STATION,MUPAA,0,0,N,YU,5781
2020-01-31,18:01,Friday,UNION STATION,SUDP,5,7,N,YU,5976
2020-01-31,18:05,Friday,PIONEER VILLAGE STATIO,SUDP,4,6,N,YU,6086
2020-01-31,18:10,Friday,DUNDAS STATION,MUIR,5,7,S,YU,5631
2020-01-31,18:57,Friday,KEELE STATION,SUO,0,0,W,BD,5275
2020-01-31,19:09,Friday,DON MILLS STATION,MUO,5,10,W,SHP,6496
2020-01-31,19:23,Friday,OSGOODE STATION,TUSC,0,0,N,YU,5651
2020-01-31,19:30,Friday,OSGOODE STATION,MUNCA,0,0,,YU,0
2020-01-31,19:30,Friday,SHEPPARD STATION,MUIS,0,0,,YU,0
2020-01-31,19:42,Friday,FINCH STATION,TUNIP,4,7,S,YU,6011
2020-01-31,19:52,Friday,BLOOR STATION,MUPAA,0,0,N,YU,5642
2020-01-31,19:59,Friday,WILSON STATION,MUTO,4,7,S,YU,5436
2020-01-31,20:00,Friday,ISLINGTON STATION,PUMEL,0,0,,BD,0
2020-01-31,20:09,Friday,SPADINA BD STATION,SUDP,5,8,W,BD,5249
2020-01-31,21:08,Friday,ISLINGTON STATION,PUMO,0,0,,BD,0
2020-01-31,21:13,Friday,FINCH STATION,EUDO,4,8,S,YU,5626
2020-01-31,21:55,Friday,WARDEN STATION,TUMVS,0,0,W,BD,5100
2020-01-31,22:00,Friday,YONGE-UNIVERSITY AND B,MUO,0,0,,YU/BD,0
2020-01-31,22:01,Friday,VICTORIA PARK STATION,TUO,3,7,W,BD,5100
2020-01-31,22:20,Friday,ISLINGTON STATION,SUPOL,12,16,E,BD,5299
2020-01-31,22:26,Friday,SHEPPARD WEST STATION,PUMEL,0,0,,YU,0
2020-01-31,22:28,Friday,ST CLAIR STATION,MUI,0,0,N,YU,5636
2020-01-31,22:39,Friday,DAVISVILLE STATION,MUPAA,3,8,N,YU,5636
2020-01-31,22:57,Friday,DUFFERIN STATION,SUDP,5,9,E,BD,5304
2020-01-31,23:05,Friday,JANE STATION,SUUT,4,8,E,BD,5037
2020-01-31,23:13,Friday,QUEEN STATION,MUIRS,0,0,,YU,0
